next_purchase_after_30d,Transaction_Value,Coupon_Status,Gender,Tenure_Months,Delivery_Charges
1,45.54,Used,F,27,26.43
0,3.95,Used,F,27,19.99
0,17.59,Used,F,27,6.0
0,3.99,Used,F,27,6.0
0,41.81,Used,F,27,6.5
0,13.29,Used,F,27,6.0
0,119.0,Used,F,27,6.0
0,119.0,Used,F,27,6.0
0,238.0,Used,F,27,6.0
0,149.0,Used,F,27,6.0
0,23.94,Unused,F,27,26.43
0,786.5,Unused,F,27,30.59
0,31.96,Unused,F,27,6.0
0,65.31,Unused,F,27,6.5
0,20.19,Unused,F,27,19.99
0,15.99,Unused,F,27,6.0
0,476.0,Unused,F,27,6.0
0,238.0,Unused,F,27,6.0
0,10.63,Unused,F,27,6.0
0,13.59,Unused,F,27,6.0
0,237.0,Unused,F,27,6.0
0,15.39,Unused,F,27,6.0
0,98.0,Unused,F,27,30.59
0,63.99,Unused,F,27,6.0
0,11.19,Unused,F,27,6.5
0,10.63,Unused,F,27,6.0
0,298.0,Unused,F,27,6.0
0,237.0,Unused,F,27,6.0
1,4.99,Used,F,27,6.0
0,15.99,Used,F,27,6.5
0,349.0,Used,F,27,12.99
0,15.19,Used,F,27,6.5
0,149.0,Used,F,27,6.5
0,544.0,Used,F,27,6.5
0,237.0,Used,F,27,6.5
0,111.98,Unused,F,27,24.49
0,35.18,Unused,F,27,6.5
0,24.78,Unused,F,27,6.5
0,1992.0,Unused,F,27,6.5
0,199.0,Unused,F,27,6.5
0,99.99,Unused,F,27,6.0
0,15.99,Unused,F,27,6.5
0,99.0,Unused,F,27,6.5
0,178.0,Unused,F,27,6.5
0,8.98,Unused,F,27,6.0
0,124.77,Unused,F,27,19.02
0,558.0,Unused,F,27,6.5
0,119.0,Unused,F,27,12.99
0,119.0,Unused,F,27,12.99
0,149.0,Unused,F,27,6.5
0,395.0,Unused,F,27,6.5
0,99.0,Unused,F,27,6.5
0,238.0,Unused,F,27,6.5
0,16.99,Unused,F,27,6.5
0,349.0,Unused,F,27,6.5
0,298.0,Unused,F,27,6.5
1,52.4,Used,M,44,6.0
0,41.47,Used,M,44,6.0
0,89.15,Used,M,44,34.94
0,50.0,Used,M,44,0.0
0,4.8,Used,M,44,6.0
0,15.39,Used,M,44,6.0
0,30.0,Used,M,44,12.48
0,704.94,Used,M,44,6.0
0,21.74,Used,M,44,6.0
0,26.8,Used,M,44,16.47
0,43.89,Used,M,44,70.67
0,1.4,Used,M,44,6.0
0,15.99,Used,M,44,6.0
0,153.8,Used,M,44,6.0
0,14.16,Used,M,44,6.0
0,5.7,Used,M,44,6.0
0,153.56,Used,M,44,6.0
0,119.0,Used,M,44,6.0
0,119.0,Used,M,44,6.0
0,119.0,Used,M,44,6.0
0,15.99,Used,M,44,6.0
0,149.0,Used,M,44,6.0
0,33.98,Used,M,44,6.0
0,9.98,Unused,M,44,6.0
0,3.99,Unused,M,44,6.0
0,257.06,Unused,M,44,34.94
0,3.16,Unused,M,44,12.48
0,22.38,Unused,M,44,6.0
0,92.25,Unused,M,44,12.91
0,99.99,Unused,M,44,6.0
0,18.72,Unused,M,44,6.0
0,15.39,Unused,M,44,6.0
0,44.79,Unused,M,44,6.0
0,2.39,Unused,M,44,6.0
0,528.69,Unused,M,44,6.0
0,145.44,Unused,M,44,16.47
0,54.78,Unused,M,44,6.0
0,32.49,Unused,M,44,6.0
0,19.51,Unused,M,44,6.0
0,77.96,Unused,M,44,6.0
0,61.49,Unused,M,44,70.67
0,4.8,Unused,M,44,6.0
0,13.59,Unused,M,44,6.0
0,119.0,Unused,M,44,6.0
0,119.0,Unused,M,44,6.0
0,238.0,Unused,M,44,6.0
0,149.0,Unused,M,44,6.0
0,48.0,Unused,M,44,6.0
0,237.0,Unused,M,44,6.0
0,237.0,Unused,M,44,6.0
0,149.0,Unused,M,44,6.0
0,22.98,Unused,M,44,6.0
0,1.68,Unused,M,44,6.0
0,33.59,Unused,M,44,12.91
0,59.95,Unused,M,44,34.94
0,119.9,Unused,M,44,12.48
0,8.0,Unused,M,44,6.0
0,19.47,Unused,M,44,6.0
0,159.92,Unused,M,44,16.47
0,4.56,Unused,M,44,6.0
0,79.0,Unused,M,44,6.0
0,9.99,Unused,M,44,6.0
0,13.59,Unused,M,44,6.0
0,16.5,Unused,M,44,6.0
1,376.39,Used,F,25,16.47
0,99.0,Used,F,25,6.0
0,12.6,Used,F,25,6.0
0,15.99,Used,F,25,6.0
0,279.0,Used,F,25,6.0
0,279.0,Used,F,25,6.0
0,2.99,Used,F,25,6.0
0,119.0,Used,F,25,6.0
0,119.0,Used,F,25,6.0
0,357.0,Used,F,25,6.0
0,79.0,Used,F,25,6.0
0,79.0,Used,F,25,6.0
0,298.0,Used,F,25,6.0
0,149.0,Used,F,25,6.0
0,9.99,Unused,F,25,6.0
0,99.0,Unused,F,25,6.0
0,119.5,Unused,F,25,12.48
0,71.7,Unused,F,25,16.47
0,279.0,Unused,F,25,6.0
0,149.5,Unused,F,25,6.0
0,238.0,Unused,F,25,6.0
0,119.0,Unused,F,25,6.0
0,119.0,Unused,F,25,6.0
0,119.0,Unused,F,25,6.0
0,349.0,Unused,F,25,6.0
0,349.0,Unused,F,25,6.0
0,149.0,Unused,F,25,6.0
0,149.0,Unused,F,25,6.0
0,79.0,Unused,F,25,6.0
0,54.36,Unused,F,25,6.0
0,149.0,Unused,F,25,6.0
0,64.78,Unused,F,25,22.71
0,5.49,Unused,F,25,6.0
0,199.0,Unused,F,25,6.0
0,13.59,Unused,F,25,6.5
0,149.0,Unused,F,25,6.0
0,149.0,Unused,F,25,6.0
1,117.0,Used,F,2,6.0
0,149.0,Used,F,2,6.0
0,99.0,Unused,F,2,6.0
0,115.5,Unused,F,2,6.0
0,29.9,Unused,F,2,6.0
1,349.0,Used,F,46,6.0
0,15.19,Unused,F,46,6.0
0,558.0,Unused,F,46,6.0
0,119.0,Unused,F,46,6.0
1,10.38,Used,F,13,6.5
0,3.5,Used,F,13,6.0
0,34.4,Used,F,13,6.0
0,44.79,Used,F,13,6.0
0,53.0,Used,F,13,6.0
0,119.0,Used,F,13,6.0
0,149.0,Used,F,13,6.0
0,41.99,Unused,F,13,6.0
0,67.18,Unused,F,13,6.0
0,41.99,Unused,F,13,6.0
0,33.59,Unused,F,13,6.0
0,33.59,Unused,F,13,6.0
0,33.59,Unused,F,13,6.0
0,67.18,Unused,F,13,6.0
0,34.4,Unused,F,13,6.0
0,97.35,Unused,F,13,12.91
0,36.97,Unused,F,13,6.0
0,87.95,Unused,F,13,18.12
0,91.14,Unused,F,13,6.0
0,39.19,Unused,F,13,6.0
0,149.0,Unused,F,13,6.0
0,158.0,Unused,F,13,6.0
0,79.19,Unused,F,13,6.0
0,298.0,Unused,F,13,6.0
0,298.0,Unused,F,13,6.0
0,35.67,Unused,F,13,6.0
0,33.59,Unused,F,13,6.0
0,33.59,Unused,F,13,6.0
0,33.59,Unused,F,13,6.0
0,46.38,Unused,F,13,6.5
0,15.39,Unused,F,13,6.0
0,37.58,Unused,F,13,6.0
1,33.58,Used,F,34,6.5
0,17.98,Used,F,34,6.5
0,219.15,Used,F,34,6.5
0,299.85,Used,F,34,35.96
0,119.0,Used,F,34,6.5
0,119.0,Used,F,34,6.5
0,119.0,Used,F,34,6.5
0,119.0,Used,F,34,6.5
0,119.0,Used,F,34,6.5
0,238.0,Used,F,34,6.5
0,417.0,Used,F,34,6.5
0,119.0,Used,F,34,35.3
0,251.82,Used,F,34,84.7
0,79.0,Used,F,34,6.5
0,158.0,Used,F,34,6.5
0,15.19,Used,F,34,6.5
0,16.99,Used,F,34,6.5
0,298.0,Used,F,34,6.5
0,149.0,Used,F,34,6.5
0,1.5,Unused,F,34,6.5
0,12.99,Unused,F,34,6.5
0,52.5,Unused,F,34,84.7
0,559.8,Unused,F,34,62.74
0,119.0,Unused,F,34,6.5
0,119.0,Unused,F,34,6.5
0,633.0,Unused,F,34,6.5
0,119.0,Unused,F,34,6.5
0,27.18,Unused,F,34,6.5
0,303.0,Unused,F,34,8.7
0,395.0,Unused,F,34,6.5
0,79.0,Unused,F,34,13.78
0,149.0,Unused,F,34,6.5
0,149.0,Unused,F,34,6.5
0,149.0,Unused,F,34,6.5
0,18.39,Unused,F,34,6.5
0,1.5,Unused,F,34,6.5
0,10.99,Unused,F,34,6.5
0,149.0,Unused,F,34,8.7
0,119.0,Unused,F,34,6.5
0,15.99,Unused,F,34,6.5
0,79.19,Unused,F,34,6.5
1,18.55,Used,F,33,6.5
0,7.42,Used,F,33,6.5
0,214.56,Used,F,33,6.5
0,122.77,Used,F,33,6.5
0,122.77,Used,F,33,6.5
0,122.77,Used,F,33,6.5
0,102.13,Used,F,33,6.5
0,81.5,Used,F,33,6.5
0,153.71,Used,F,33,6.5
0,153.71,Used,F,33,6.5
0,153.71,Used,F,33,6.5
0,432.25,Unused,F,33,6.5
0,2.05,Unused,F,33,6.5
0,16.5,Unused,F,33,6.5
0,307.42,Unused,F,33,8.7
0,245.54,Unused,F,33,6.5
0,276.48,Unused,F,33,6.5
0,384.81,Unused,F,33,6.5
0,307.42,Unused,F,33,8.7
0,61.89,Unused,F,33,6.5
0,407.5,Unused,F,33,6.5
0,204.26,Unused,F,33,6.5
0,153.71,Unused,F,33,6.5
0,153.71,Unused,F,33,6.5
0,153.71,Unused,F,33,6.5
0,205.3,Unused,F,33,8.7
0,21.56,Unused,F,33,6.5
0,154.0,Unused,F,33,6.5
0,491.08,Unused,F,33,6.5
0,81.5,Unused,F,33,6.5
0,102.13,Unused,F,33,6.5
0,153.71,Unused,F,33,6.5
1,298.0,Unused,F,33,6.5
0,199.0,Used,F,33,6.5
0,509.7,Used,F,33,6.5
0,397.0,Unused,F,33,6.5
0,3.19,Unused,F,33,6.5
0,15.99,Unused,F,33,18.47
0,15.19,Used,F,33,6.5
0,18.99,Used,F,33,6.5
0,476.0,Used,F,33,6.5
0,16.99,Used,F,33,6.5
0,33.98,Used,F,33,24.47
0,15.99,Used,F,33,6.5
0,99.0,Used,F,33,6.5
0,158.0,Used,F,33,6.5
0,17.59,Used,F,33,6.5
0,149.0,Used,F,33,6.5
0,10.99,Unused,F,33,6.5
0,8.76,Unused,F,33,11.1
0,30.49,Unused,F,33,6.5
0,30.38,Unused,F,33,6.5
0,119.0,Unused,F,33,6.5
0,119.0,Unused,F,33,6.5
0,119.0,Unused,F,33,6.5
0,238.0,Unused,F,33,6.5
0,268.0,Unused,F,33,6.5
0,35.98,Unused,F,33,6.5
0,15.19,Unused,F,33,6.5
0,54.97,Unused,F,33,24.47
0,298.0,Unused,F,33,6.5
0,15.98,Unused,F,33,11.1
0,10.99,Unused,F,33,6.5
0,44.79,Unused,F,33,6.5
0,119.0,Unused,F,33,6.5
0,298.0,Unused,F,33,6.5
0,199.0,Unused,F,33,8.7
0,28.0,Used,F,33,294.0
0,2.5,Used,F,33,6.5
0,95.18,Used,F,33,6.5
0,39.02,Used,F,33,6.5
0,41.59,Used,F,33,6.5
0,51.17,Used,F,33,15.75
0,149.0,Used,F,33,15.75
0,18.38,Unused,F,33,6.5
0,531.4,Unused,F,33,294.0
0,19.48,Unused,F,33,6.5
0,17.58,Unused,F,33,6.5
0,36.7,Unused,F,33,6.5
0,23.92,Unused,F,33,6.5
0,143.88,Unused,F,33,12.91
0,119.0,Unused,F,33,16.85
0,16.99,Unused,F,33,6.5
0,27.18,Unused,F,33,6.5
0,8.79,Unused,F,33,6.5
0,243.7,Unused,F,33,294.0
0,238.0,Unused,F,33,6.5
0,357.0,Unused,F,33,6.5
0,13.59,Unused,F,33,6.5
0,16.99,Unused,F,33,6.5
1,238.0,Used,F,33,6.0
0,126.27,Used,F,33,6.0
0,4.78,Used,F,33,6.0
0,55.67,Used,F,33,6.0
0,15.19,Used,F,33,6.0
0,29.82,Used,F,33,6.0
0,62.66,Used,F,33,6.0
0,317.0,Used,F,33,6.0
0,149.0,Used,F,33,6.0
0,149.0,Used,F,33,6.0
0,52.74,Unused,F,33,6.0
0,47.99,Unused,F,33,30.0
0,4.79,Unused,F,33,6.0
0,13.29,Unused,F,33,6.0
0,119.0,Unused,F,33,6.0
0,119.0,Unused,F,33,6.0
0,119.0,Unused,F,33,6.0
0,149.0,Unused,F,33,6.0
0,149.0,Unused,F,33,6.0
0,1.99,Used,F,33,6.0
0,3.5,Used,F,33,6.0
0,1.2,Used,F,33,6.0
0,19.95,Used,F,33,6.0
0,83.94,Used,F,33,6.0
0,19.99,Used,F,33,20.85
0,209.87,Unused,F,33,6.0
0,20.76,Unused,F,33,6.0
0,119.0,Unused,F,33,6.0
0,119.0,Unused,F,33,6.0
0,149.0,Unused,F,33,8.7
0,119.0,Unused,F,33,6.0
0,237.0,Unused,F,33,6.0
0,2.39,Unused,F,33,6.0
0,19.95,Unused,F,33,6.0
0,5.99,Unused,F,33,6.0
0,29.57,Used,F,33,6.0
0,19.19,Used,F,33,6.0
0,55.99,Used,F,33,6.0
0,238.0,Used,F,33,6.0
0,298.0,Used,F,33,6.0
0,16.78,Unused,F,33,6.0
0,79.99,Unused,F,33,6.0
0,103.98,Unused,F,33,6.0
0,49.57,Unused,F,33,6.0
0,227.88,Unused,F,33,6.0
0,61.59,Unused,F,33,6.0
0,316.0,Unused,F,33,6.0
0,16.99,Unused,F,33,6.0
0,15.19,Unused,F,33,6.0
0,13.59,Unused,F,33,6.0
0,13.99,Used,F,33,6.0
0,198.0,Used,F,33,6.0
0,119.0,Used,F,33,6.0
0,149.0,Used,F,33,6.0
0,28.78,Used,F,33,6.0
0,119.0,Unused,F,33,6.0
0,119.0,Unused,F,33,6.0
0,119.0,Unused,F,33,6.0
0,119.0,Unused,F,33,6.0
0,18.99,Unused,F,33,6.0
0,149.0,Unused,F,33,6.0
0,158.0,Unused,F,33,6.0
0,69.28,Unused,F,33,6.0
0,119.0,Unused,F,33,6.0
0,238.0,Unused,F,33,19.99
0,119.0,Unused,F,33,6.0
0,149.0,Unused,F,33,6.0
0,447.0,Used,F,33,6.0
0,52.58,Unused,F,33,6.0
0,238.0,Unused,F,33,6.0
0,4.78,Unused,F,33,6.0
0,22.9,Used,F,33,6.0
0,29.38,Used,F,33,6.0
0,14.55,Used,F,33,6.0
0,238.0,Used,F,33,6.0
0,28.0,Used,F,33,6.0
0,18.99,Used,F,33,6.0
0,298.0,Used,F,33,6.0
0,99.99,Unused,F,33,6.0
0,29.38,Unused,F,33,6.0
0,7.6,Unused,F,33,6.0
0,149.0,Unused,F,33,6.0
0,15.43,Used,F,33,6.0
0,23.58,Used,F,33,6.0
0,53.17,Used,F,33,6.5
0,31.89,Used,F,33,12.91
0,52.5,Used,F,33,6.0
0,19.99,Used,F,33,6.0
0,119.0,Used,F,33,6.0
0,7.6,Used,F,33,6.0
0,79.0,Used,F,33,12.99
0,395.0,Used,F,33,6.0
0,228.0,Used,F,33,6.0
0,2.8,Unused,F,33,6.0
0,47.19,Unused,F,33,6.0
0,11.75,Unused,F,33,6.0
0,106.74,Unused,F,33,12.91
0,259.35,Unused,F,33,6.0
0,30.38,Unused,F,33,6.0
0,119.0,Unused,F,33,6.0
0,198.0,Unused,F,33,6.0
0,119.0,Unused,F,33,6.0
0,119.0,Unused,F,33,6.0
0,119.0,Unused,F,33,6.0
0,50.08,Unused,F,33,6.0
0,228.0,Unused,F,33,6.0
0,447.0,Unused,F,33,6.0
0,149.0,Unused,F,33,6.0
0,9.09,Unused,F,33,6.0
0,147.55,Unused,F,33,6.0
0,18.63,Unused,F,33,6.0
0,8.4,Unused,F,33,6.0
0,38.37,Unused,F,33,12.91
0,10.8,Unused,F,33,6.0
0,238.0,Unused,F,33,6.0
0,149.0,Unused,F,33,6.0
0,149.0,Unused,F,33,6.0
0,5.28,Unused,F,33,6.0
0,149.0,Unused,F,33,6.0
0,58.5,Used,F,33,106.0
0,147.29,Used,F,33,6.0
0,28.78,Used,F,33,6.0
0,79.99,Used,F,33,6.5
0,4.8,Used,F,33,6.0
0,7.6,Used,F,33,6.0
0,5.7,Used,F,33,6.0
0,19.98,Used,F,33,30.0
0,19.99,Used,F,33,6.0
0,83.45,Unused,F,33,106.0
0,307.5,Unused,F,33,51.81
0,153.37,Unused,F,33,6.0
0,120.59,Unused,F,33,6.0
0,555.0,Unused,F,33,6.0
0,9.49,Unused,F,33,6.0
0,22.48,Unused,F,33,6.0
0,79.0,Unused,F,33,6.0
0,79.0,Unused,F,33,12.99
0,16.99,Unused,F,33,30.0
0,68.16,Unused,F,33,6.0
0,246.0,Unused,F,33,67.28
0,111.98,Unused,F,33,106.0
0,79.99,Unused,F,33,6.5
0,5.7,Unused,F,33,6.0
0,61.19,Used,F,33,6.0
0,119.0,Used,F,33,6.0
0,238.0,Used,F,33,6.0
0,42.0,Used,F,33,6.0
0,7.6,Used,F,33,6.0
0,17.58,Unused,F,33,6.0
0,199.0,Unused,F,33,6.0
0,30.38,Unused,F,33,6.0
0,149.0,Unused,F,33,6.0
0,5.6,Unused,F,33,13.38
0,13.59,Unused,F,33,6.0
0,298.0,Unused,F,33,6.0
0,6.99,Used,F,33,6.0
0,3.98,Used,F,33,12.99
0,17.58,Used,F,33,6.5
0,42.39,Used,F,33,6.0
0,9.96,Unused,F,33,12.99
0,36.0,Unused,F,33,6.0
0,6.0,Unused,F,33,6.0
0,31.98,Unused,F,33,6.5
0,45.06,Used,F,33,12.48
0,15.43,Used,F,33,6.0
0,10.08,Used,F,33,6.0
0,525.52,Used,F,33,26.84
0,19.98,Used,F,33,6.0
0,119.0,Used,F,33,6.0
0,387.0,Used,F,33,6.0
0,19.99,Used,F,33,6.0
0,48.0,Used,F,33,12.48
0,152.76,Unused,F,33,12.48
0,14.4,Unused,F,33,6.0
0,169.28,Unused,F,33,26.84
0,243.14,Unused,F,33,12.48
0,9.98,Unused,F,33,6.0
0,8.0,Unused,F,33,6.0
0,7.95,Unused,F,33,12.48
0,87.53,Unused,F,33,12.48
0,159.6,Unused,F,33,26.84
0,238.0,Unused,F,33,6.0
0,447.0,Unused,F,33,6.0
0,35.0,Unused,F,33,6.0
0,349.0,Unused,F,33,6.0
0,149.0,Unused,F,33,6.0
0,58.38,Used,F,33,6.0
0,199.0,Used,F,33,6.0
0,17.99,Used,F,33,6.0
0,334.6,Used,F,33,24.56
0,387.0,Used,F,33,6.0
0,79.99,Unused,F,33,6.0
0,334.6,Unused,F,33,24.56
0,11.75,Unused,F,33,6.0
0,219.75,Unused,F,33,12.91
0,298.0,Unused,F,33,6.0
0,149.0,Unused,F,33,6.0
0,158.0,Unused,F,33,6.0
0,13.59,Unused,F,33,6.0
0,149.0,Unused,F,33,6.0
0,23.85,Unused,F,33,12.91
0,17.5,Used,F,33,6.0
0,100.0,Used,F,33,0.0
0,100.0,Used,F,33,0.0
0,100.0,Used,F,33,0.0
0,250.0,Used,F,33,0.0
0,46.32,Used,F,33,12.48
0,9.12,Used,F,33,6.5
0,15.2,Used,F,33,6.0
0,596.0,Used,F,33,6.0
0,52.52,Unused,F,33,12.48
0,10.99,Unused,F,33,6.0
0,52.5,Unused,F,33,6.0
0,398.0,Unused,F,33,19.99
0,100.0,Unused,F,33,0.0
0,100.0,Unused,F,33,0.0
0,100.0,Unused,F,33,0.0
0,100.0,Unused,F,33,0.0
0,100.0,Unused,F,33,0.0
0,100.0,Unused,F,33,0.0
0,100.0,Unused,F,33,0.0
0,99.0,Unused,F,33,6.0
0,4.08,Unused,F,33,6.5
0,298.0,Unused,F,33,12.99
0,52.5,Unused,F,33,6.0
0,100.0,Unused,F,33,0.0
0,18.99,Used,F,33,6.0
0,349.0,Used,F,33,6.0
0,9.5,Used,F,33,6.0
0,79.0,Used,F,33,6.0
0,15.99,Unused,F,33,6.0
0,27.18,Unused,F,33,6.0
0,46.17,Unused,F,33,20.85
0,36.0,Unused,F,33,6.0
0,48.75,Unused,F,33,6.0
0,632.0,Unused,F,33,6.0
0,3.19,Unused,F,33,20.85
0,3.5,Unused,F,33,6.0
0,14.0,Unused,F,33,6.0
0,447.0,Unused,F,33,6.0
1,6.93,Used,F,33,6.5
0,8.65,Used,F,33,6.0
0,27.52,Unused,F,33,6.0
0,16.3,Unused,F,33,6.5
0,30.15,Used,F,33,6.5
0,57.07,Used,F,33,6.5
0,17.93,Used,F,33,6.5
0,4167.33,Used,F,33,6.0
0,13.04,Used,F,33,12.48
0,3.87,Used,F,33,6.5
0,121.3,Used,F,33,6.5
0,3.47,Used,F,33,6.5
0,402.6,Used,F,33,6.5
0,303.76,Used,F,33,6.5
0,17.93,Unused,F,33,6.5
0,117.39,Unused,F,33,6.5
0,202.84,Unused,F,33,6.5
0,59.52,Unused,F,33,12.48
0,2240.94,Unused,F,33,6.0
0,185.43,Unused,F,33,6.0
0,7.74,Unused,F,33,6.5
0,242.6,Unused,F,33,6.5
0,355.74,Unused,F,33,6.5
0,355.74,Unused,F,33,6.5
0,151.88,Unused,F,33,6.5
0,1029.12,Unused,F,33,6.0
0,0.41,Unused,F,33,6.5
0,3137.61,Unused,F,33,6.0
0,16.3,Unused,F,33,6.5
0,7.74,Unused,F,33,12.48
0,40.78,Used,F,33,6.5
0,19.56,Used,F,33,6.5
0,19.56,Used,F,33,6.5
0,14.5,Used,F,33,6.0
0,9.15,Used,F,33,6.0
0,3.25,Unused,F,33,6.5
0,202.84,Unused,F,33,12.99
0,5.09,Unused,F,33,6.0
0,19.56,Unused,F,33,6.5
0,100.91,Unused,F,33,12.99
0,201.82,Unused,F,33,12.99
0,81.53,Unused,F,33,12.99
0,2.03,Unused,F,33,6.0
0,151.88,Unused,F,33,6.5
0,161.04,Unused,F,33,6.5
0,6.94,Used,F,33,6.5
0,26.48,Used,F,33,6.0
0,202.84,Used,F,33,6.5
0,100.91,Used,F,33,6.5
0,22.41,Used,F,33,6.0
0,24.45,Used,F,33,6.0
0,242.6,Used,F,33,6.5
0,355.74,Used,F,33,6.5
0,241.56,Used,F,33,6.5
0,80.52,Used,F,33,6.5
0,241.56,Used,F,33,6.5
0,151.88,Used,F,33,12.99
0,10.59,Unused,F,33,6.5
0,39.74,Unused,F,33,6.0
0,152.88,Unused,F,33,6.0
0,24.45,Unused,F,33,6.0
0,394.48,Unused,F,33,6.5
0,242.6,Unused,F,33,6.5
0,121.3,Unused,F,33,6.5
0,121.3,Unused,F,33,6.5
0,161.04,Unused,F,33,6.5
0,151.88,Unused,F,33,6.5
0,151.88,Unused,F,33,6.5
0,151.88,Unused,F,33,6.5
0,151.88,Unused,F,33,12.99
0,121.3,Unused,F,33,12.99
0,121.3,Unused,F,33,6.5
0,402.6,Unused,F,33,12.99
1,33.46,Used,F,48,12.48
0,31.92,Unused,F,48,12.48
1,199.98,Used,F,4,6.0
0,476.0,Used,F,4,6.0
0,44.79,Unused,F,4,6.0
0,377.0,Unused,F,4,6.0
0,3.98,Used,F,4,12.99
0,71.94,Used,F,4,12.91
0,9.57,Used,F,4,6.0
0,58.23,Used,F,4,17.08
0,18.99,Used,F,4,6.0
0,287.4,Used,F,4,17.08
0,30.28,Used,F,4,6.0
0,13.59,Used,F,4,6.0
0,119.0,Used,F,4,6.0
0,238.0,Used,F,4,12.99
0,30.38,Used,F,4,6.0
0,79.0,Used,F,4,6.0
0,237.0,Used,F,4,6.0
0,447.0,Used,F,4,12.99
0,149.0,Used,F,4,6.0
0,10.99,Unused,F,4,12.99
0,54.32,Unused,F,4,6.0
0,193.38,Unused,F,4,48.59
0,292.38,Unused,F,4,17.08
0,107.91,Unused,F,4,12.91
0,15.19,Unused,F,4,6.0
0,118.56,Unused,F,4,6.0
0,119.0,Unused,F,4,6.0
0,238.0,Unused,F,4,6.0
0,119.0,Unused,F,4,6.0
0,387.0,Unused,F,4,6.0
0,138.58,Unused,F,4,6.0
0,15.19,Unused,F,4,6.0
0,149.0,Unused,F,4,6.0
0,149.0,Unused,F,4,6.0
0,18.99,Unused,F,4,6.0
0,13.59,Unused,F,4,6.0
0,149.0,Unused,F,4,6.0
0,298.0,Unused,F,4,6.0
0,149.0,Unused,F,4,6.0
0,15.19,Unused,F,4,6.0
0,60.0,Unused,F,4,6.5
0,79.0,Unused,F,4,6.0
0,439.78,Unused,F,4,48.59
1,51.94,Used,F,46,6.0
0,199.0,Used,F,46,6.0
0,24.8,Used,F,46,6.0
0,5.57,Unused,F,46,6.0
0,119.0,Unused,F,46,6.0
0,119.0,Unused,F,46,6.0
0,119.0,Unused,F,46,6.0
0,5.28,Unused,F,46,6.0
0,2.8,Unused,F,46,6.0
0,4.8,Unused,F,46,6.0
1,7.95,Used,M,31,6.0
0,20.99,Used,M,31,6.0
0,67.19,Used,M,31,6.0
0,149.0,Used,M,31,6.0
0,316.0,Used,M,31,6.0
0,237.0,Used,M,31,6.0
0,52.38,Used,M,31,6.0
0,51.24,Unused,M,31,6.0
0,173.57,Unused,M,31,6.0
0,44.79,Unused,M,31,6.0
0,40.27,Unused,M,31,6.0
0,238.0,Unused,M,31,6.0
0,417.0,Unused,M,31,6.0
0,149.0,Unused,M,31,8.7
0,17.49,Unused,M,31,6.0
0,15.99,Unused,M,31,6.0
0,158.0,Unused,M,31,6.0
0,13.59,Unused,M,31,6.0
0,23.99,Unused,M,31,6.0
0,298.0,Unused,M,31,6.0
0,3.99,Unused,M,31,6.0
0,66.06,Unused,M,31,6.0
0,15.19,Unused,M,31,6.0
0,149.0,Unused,M,31,6.0
0,7.96,Used,M,31,12.99
0,59.15,Used,M,31,6.0
0,31.27,Used,M,31,6.0
0,119.0,Used,M,31,6.0
0,119.0,Used,M,31,6.0
0,119.0,Used,M,31,6.0
0,149.0,Used,M,31,6.0
0,237.0,Used,M,31,6.0
0,158.0,Used,M,31,6.0
0,298.0,Used,M,31,6.0
0,149.0,Used,M,31,6.0
0,149.0,Used,M,31,6.0
0,199.0,Used,M,31,8.7
0,25.17,Unused,M,31,19.99
0,20.92,Unused,M,31,12.99
0,25.97,Unused,M,31,6.0
0,55.99,Unused,M,31,6.0
0,13.29,Unused,M,31,6.0
0,119.0,Unused,M,31,6.0
0,119.0,Unused,M,31,6.0
0,119.0,Unused,M,31,6.0
0,119.0,Unused,M,31,6.0
0,238.0,Unused,M,31,6.0
0,238.0,Unused,M,31,6.0
0,447.0,Unused,M,31,8.7
0,298.0,Unused,M,31,8.7
0,119.0,Unused,M,31,6.0
0,149.0,Unused,M,31,6.0
0,79.0,Unused,M,31,6.0
0,237.0,Unused,M,31,6.0
0,149.0,Unused,M,31,6.0
0,199.0,Unused,M,31,8.7
0,3.99,Unused,M,31,6.0
0,26.37,Unused,M,31,19.99
0,11.99,Unused,M,31,6.0
0,238.0,Unused,M,31,6.0
0,19.99,Unused,M,31,6.0
0,79.0,Unused,M,31,6.0
0,316.0,Unused,M,31,6.0
1,56.0,Used,F,18,12.48
0,199.0,Used,F,18,6.0
0,33.98,Used,F,18,6.0
0,99.0,Unused,F,18,6.0
0,38.38,Unused,F,18,6.0
0,57.36,Unused,F,18,12.48
0,79.19,Unused,F,18,6.0
0,27.18,Unused,F,18,6.0
0,357.0,Unused,F,18,6.0
0,149.0,Unused,F,18,6.0
0,199.0,Unused,F,18,8.7
0,119.0,Used,F,18,6.0
0,5.7,Unused,F,18,6.0
1,57.26,Used,F,18,6.5
0,112.05,Used,F,18,6.0
0,17.93,Used,F,18,6.5
0,22.41,Used,F,18,6.0
0,5.61,Used,F,18,6.0
0,82.96,Used,F,18,6.5
0,3.47,Used,F,18,6.5
0,3.47,Used,F,18,6.5
0,151.88,Used,F,18,6.5
0,35.86,Unused,F,18,6.5
0,170.92,Unused,F,18,6.0
0,17.93,Unused,F,18,6.5
0,36.27,Unused,F,18,6.5
0,17.93,Unused,F,18,6.5
0,15.27,Unused,F,18,6.0
0,3.05,Unused,F,18,6.0
0,151.88,Unused,F,18,6.5
0,22.92,Unused,F,18,6.0
0,26.74,Unused,F,18,6.0
0,22.41,Unused,F,18,6.0
0,17.93,Unused,F,18,6.5
0,121.3,Unused,F,18,6.5
0,80.52,Unused,F,18,6.5
0,5.1,Unused,F,18,6.0
0,4.33,Unused,F,18,6.0
0,303.76,Unused,F,18,6.5
0,151.88,Unused,F,18,6.5
1,19.26,Used,F,5,6.0
0,10.39,Used,F,5,6.0
0,499.0,Used,F,5,19.99
0,15.99,Used,F,5,6.0
0,83.92,Unused,F,5,19.99
0,63.99,Unused,F,5,6.0
0,10.48,Unused,F,5,6.0
0,835.87,Unused,F,5,19.99
0,15.99,Unused,F,5,6.0
0,15.39,Unused,F,5,6.0
1,248.0,Used,F,5,6.5
0,119.0,Used,F,5,6.5
0,149.0,Used,F,5,6.5
0,149.0,Used,F,5,6.5
0,237.0,Used,F,5,6.5
0,149.0,Used,F,5,6.5
0,149.0,Used,F,5,6.5
0,218.0,Unused,F,5,6.5
0,158.0,Unused,F,5,6.5
0,149.0,Unused,F,5,6.5
0,298.0,Unused,F,5,6.5
0,298.0,Unused,F,5,6.5
0,6.11,Unused,F,5,6.0
1,79.99,Used,F,20,13.78
0,238.0,Used,F,20,6.5
0,119.0,Used,F,20,6.5
0,13.59,Unused,F,20,17.96
0,357.0,Unused,F,20,6.5
0,119.0,Unused,F,20,6.5
0,436.0,Unused,F,20,6.5
0,277.0,Unused,F,20,6.5
0,75.95,Unused,F,20,28.78
0,149.0,Unused,F,20,6.5
0,298.0,Unused,F,20,6.5
0,30.39,Unused,F,20,17.96
0,149.0,Unused,F,20,6.5
0,10.99,Used,F,20,6.5
0,139.16,Used,F,20,50.74
0,119.0,Used,F,20,6.5
0,238.0,Used,F,20,6.5
0,119.0,Used,F,20,35.3
0,553.0,Used,F,20,6.5
0,23.99,Used,F,20,6.5
0,13.59,Used,F,20,6.5
0,149.0,Used,F,20,6.5
0,10.99,Unused,F,20,6.5
0,163.48,Unused,F,20,6.5
0,18.99,Unused,F,20,6.5
0,12.99,Unused,F,20,6.5
0,79.99,Unused,F,20,6.5
0,223.13,Unused,F,20,50.74
0,129.35,Unused,F,20,6.5
0,12.79,Unused,F,20,6.5
0,119.0,Unused,F,20,6.5
0,149.0,Unused,F,20,8.7
0,387.0,Unused,F,20,6.5
0,15.19,Unused,F,20,6.5
0,395.0,Unused,F,20,6.5
0,15.99,Unused,F,20,6.5
0,199.0,Unused,F,20,8.7
0,29.7,Unused,F,20,6.5
0,116.74,Unused,F,20,50.74
0,1.99,Unused,F,20,6.5
0,357.0,Unused,F,20,6.5
0,119.0,Unused,F,20,6.5
0,79.0,Unused,F,20,6.5
1,28.0,Used,F,20,12.48
0,10.63,Used,F,20,6.0
0,198.0,Used,F,20,6.0
0,19.99,Used,F,20,6.0
0,357.0,Used,F,20,6.0
0,149.0,Used,F,20,12.99
0,149.0,Used,F,20,6.0
0,172.18,Unused,F,20,12.48
0,199.0,Unused,F,20,6.0
0,27.18,Unused,F,20,6.5
0,238.0,Unused,F,20,6.0
0,387.0,Unused,F,20,12.99
0,119.0,Unused,F,20,6.0
0,149.0,Unused,F,20,6.0
0,298.0,Unused,F,20,6.0
0,21.6,Unused,F,20,12.48
0,199.0,Unused,F,20,6.0
0,99.0,Unused,F,20,6.0
0,79.0,Unused,F,20,12.99
1,7.0,Used,M,24,6.5
0,12.99,Used,M,24,6.5
0,36.0,Used,M,24,6.5
0,19.19,Used,M,24,6.5
0,339.75,Used,M,24,6.5
0,119.0,Used,M,24,6.5
0,71.99,Used,M,24,6.5
0,149.0,Used,M,24,6.5
0,19.8,Unused,M,24,17.96
0,21.0,Unused,M,24,6.5
0,407.28,Unused,M,24,6.5
0,15.99,Unused,M,24,6.5
0,152.88,Unused,M,24,6.5
0,119.0,Unused,M,24,6.5
0,238.0,Unused,M,24,6.5
0,119.0,Unused,M,24,6.5
0,35.18,Unused,M,24,6.5
0,16.99,Unused,M,24,6.5
0,143.98,Unused,M,24,6.5
0,79.0,Unused,M,24,6.5
0,33.98,Unused,M,24,6.5
0,298.0,Unused,M,24,6.5
0,298.0,Unused,M,24,6.5
0,149.0,Unused,M,24,6.5
0,149.0,Unused,M,24,6.5
0,36.0,Unused,M,24,6.5
0,13.98,Unused,M,24,6.5
0,24.99,Unused,M,24,6.5
0,119.0,Unused,M,24,6.5
0,13.59,Unused,M,24,6.5
0,158.0,Unused,M,24,6.5
0,16.99,Unused,M,24,6.5
0,298.0,Unused,M,24,6.5
0,269.4,Used,M,24,139.84
0,41.99,Used,M,24,6.5
0,41.99,Used,M,24,6.5
0,44.96,Used,M,24,20.74
0,60.98,Used,M,24,6.5
0,498.25,Used,M,24,146.74
0,40.98,Used,M,24,6.5
0,2.99,Used,M,24,6.5
0,87.98,Used,M,24,24.47
0,357.0,Used,M,24,6.5
0,238.0,Used,M,24,6.5
0,74.39,Used,M,24,24.47
0,11.19,Used,M,24,6.5
0,16.99,Used,M,24,6.5
0,35.98,Used,M,24,20.78
0,55.99,Used,M,24,6.5
0,59.99,Used,M,24,24.47
0,10.99,Unused,M,24,6.5
0,10.99,Unused,M,24,6.5
0,59.95,Unused,M,24,6.5
0,22.49,Unused,M,24,20.0
0,13.54,Unused,M,24,6.5
0,718.5,Unused,M,24,146.74
0,44.79,Unused,M,24,6.5
0,9.98,Unused,M,24,20.74
0,5.5,Unused,M,24,6.5
0,79.19,Unused,M,24,6.5
0,101.95,Unused,M,24,6.5
0,238.0,Unused,M,24,6.5
0,357.0,Unused,M,24,6.5
0,237.0,Unused,M,24,6.5
0,74.99,Unused,M,24,139.84
0,149.0,Unused,M,24,6.5
0,149.0,Unused,M,24,6.5
0,119.4,Unused,M,24,139.84
0,33.59,Unused,M,24,6.5
0,89.98,Unused,M,24,6.5
0,26.97,Unused,M,24,20.74
0,9.99,Unused,M,24,20.78
0,9.99,Unused,M,24,6.5
0,237.0,Unused,M,24,6.5
1,33.59,Used,M,24,6.0
0,33.59,Used,M,24,6.0
0,5.99,Used,M,24,6.0
0,54.97,Used,M,24,30.35
0,27.19,Used,M,24,6.5
0,119.0,Used,M,24,6.0
0,61.59,Used,M,24,6.0
0,79.0,Used,M,24,6.0
0,169.9,Used,M,24,6.0
0,33.59,Unused,M,24,6.0
0,227.4,Unused,M,24,6.0
0,52.5,Unused,M,24,12.99
0,99.99,Unused,M,24,6.0
0,31.07,Unused,M,24,30.35
0,38.39,Unused,M,24,6.0
0,31.99,Unused,M,24,6.0
0,239.8,Unused,M,24,24.49
0,238.0,Unused,M,24,6.0
0,12.31,Unused,M,24,6.0
0,158.0,Unused,M,24,6.0
0,79.0,Unused,M,24,6.0
0,27.65,Unused,M,24,30.35
0,97.37,Unused,M,24,6.0
0,11.19,Unused,M,24,6.0
0,119.0,Unused,M,24,6.0
0,149.0,Unused,M,24,6.0
0,18.99,Unused,M,24,6.0
1,82.98,Used,M,24,6.0
0,199.0,Used,M,24,6.0
0,357.0,Used,M,24,12.99
0,119.0,Used,M,24,6.0
0,4.56,Used,M,24,6.0
0,318.0,Unused,M,24,6.0
0,20.78,Unused,M,24,6.0
0,2.99,Unused,M,24,6.0
0,374.85,Unused,M,24,6.0
0,119.0,Unused,M,24,6.0
0,396.0,Unused,M,24,12.99
0,119.0,Unused,M,24,6.0
0,55.0,Unused,M,24,6.0
0,149.0,Unused,M,24,6.0
0,149.0,Unused,M,24,6.0
0,149.0,Unused,M,24,6.0
0,149.0,Unused,M,24,6.0
0,298.0,Unused,M,24,6.0
0,13.59,Unused,M,24,6.0
0,74.98,Used,M,24,6.0
0,3.98,Used,M,24,6.0
0,55.99,Used,M,24,6.0
0,199.0,Used,M,24,6.0
0,13.29,Used,M,24,6.0
0,52.37,Used,M,24,6.0
0,5.7,Used,M,24,6.0
0,22.69,Used,M,24,6.0
0,224.25,Used,M,24,6.0
0,119.0,Used,M,24,12.99
0,119.0,Used,M,24,6.0
0,119.0,Used,M,24,6.0
0,44.07,Used,M,24,19.99
0,15.99,Used,M,24,6.0
0,149.0,Used,M,24,6.0
0,100.0,Unused,M,24,0.0
0,359.4,Unused,M,24,6.0
0,89.41,Unused,M,24,6.0
0,100.72,Unused,M,24,6.0
0,2.22,Unused,M,24,6.0
0,79.75,Unused,M,24,6.0
0,47.85,Unused,M,24,6.0
0,20.99,Unused,M,24,6.0
0,20.99,Unused,M,24,19.99
0,2.99,Unused,M,24,6.0
0,119.0,Unused,M,24,6.0
0,119.0,Unused,M,24,6.0
0,367.63,Unused,M,24,12.99
0,238.0,Unused,M,24,6.0
0,119.0,Unused,M,24,6.0
0,13.29,Unused,M,24,6.0
0,149.0,Unused,M,24,6.0
0,149.0,Unused,M,24,6.0
0,149.0,Unused,M,24,6.0
0,395.0,Unused,M,24,6.0
0,79.0,Unused,M,24,6.0
0,149.0,Unused,M,24,12.99
0,199.0,Unused,M,24,8.7
0,9.2,Unused,M,24,6.0
0,17.5,Unused,M,24,6.0
0,2.1,Unused,M,24,6.0
0,23.19,Unused,M,24,6.0
0,62.78,Unused,M,24,6.0
0,4.8,Unused,M,24,6.0
0,119.0,Unused,M,24,6.0
0,149.0,Unused,M,24,6.0
0,158.0,Unused,M,24,12.99
0,16.99,Unused,M,24,19.99
0,298.0,Unused,M,24,6.0
1,119.0,Used,M,32,19.99
0,595.0,Used,M,32,6.0
0,158.0,Used,M,32,6.0
0,13.99,Used,M,32,6.0
0,431.1,Unused,M,32,21.92
0,24.0,Unused,M,32,6.0
0,595.0,Unused,M,32,6.0
0,119.0,Unused,M,32,6.0
0,119.0,Unused,M,32,6.0
0,268.0,Unused,M,32,19.99
0,149.0,Unused,M,32,6.0
0,7.6,Unused,M,32,6.0
0,119.0,Unused,M,32,6.0
0,9.2,Used,M,32,6.0
0,19.2,Used,M,32,6.0
0,16.5,Used,M,32,6.0
0,11.19,Used,M,32,6.0
0,387.0,Used,M,32,6.0
0,119.0,Used,M,32,6.0
0,8.79,Unused,M,32,6.0
0,50.0,Unused,M,32,0.0
0,44.79,Unused,M,32,6.0
0,42.0,Unused,M,32,6.0
0,13.5,Unused,M,32,6.0
0,119.0,Unused,M,32,12.99
0,28.0,Unused,M,32,6.0
0,15.19,Unused,M,32,6.0
0,26.4,Unused,M,32,6.0
0,149.0,Unused,M,32,6.0
0,149.0,Unused,M,32,6.0
0,23.76,Unused,M,32,6.0
0,13.59,Unused,M,32,6.0
1,11.99,Used,M,32,6.0
0,33.76,Used,M,32,6.0
0,19.95,Used,M,32,19.99
0,246.8,Used,M,32,6.0
0,6.8,Used,M,32,6.5
0,12.0,Unused,M,32,6.0
0,44.79,Unused,M,32,6.0
0,15.37,Unused,M,32,6.0
0,199.98,Unused,M,32,19.99
0,31.99,Unused,M,32,12.99
0,6.99,Unused,M,32,6.0
0,13.59,Unused,M,32,6.0
0,9.6,Unused,M,32,6.0
0,4.8,Unused,M,32,6.0
0,13.59,Unused,M,32,19.99
0,4.56,Unused,M,32,6.5
0,13.59,Unused,M,32,6.5
0,16.99,Unused,M,32,6.0
0,199.98,Unused,M,32,19.99
0,47.49,Unused,M,32,19.99
0,4.56,Unused,M,32,6.5
0,20.4,Unused,M,32,6.0
1,11.75,Used,M,32,6.0
1,1.99,Used,F,27,6.0
0,19.99,Used,F,27,6.0
0,57.97,Unused,F,27,6.0
1,33.59,Used,F,13,6.0
0,33.59,Used,F,13,6.0
0,222.82,Used,F,13,24.56
0,20.98,Used,F,13,6.0
0,10.39,Used,F,13,6.0
0,24.99,Used,F,13,6.0
0,119.0,Used,F,13,6.0
0,119.0,Used,F,13,6.0
0,38.21,Used,F,13,6.0
0,12.31,Used,F,13,6.0
0,149.0,Used,F,13,6.0
0,27.18,Used,F,13,6.0
0,425.5,Unused,F,13,24.56
0,33.56,Unused,F,13,6.0
0,67.18,Unused,F,13,6.0
0,37.81,Unused,F,13,6.0
0,41.59,Unused,F,13,6.0
0,62.7,Unused,F,13,12.99
0,2.99,Unused,F,13,6.0
0,119.0,Unused,F,13,6.0
0,12.31,Unused,F,13,6.0
0,6.36,Unused,F,13,6.0
0,13.47,Unused,F,13,6.0
0,42.61,Unused,F,13,6.0
0,119.0,Unused,F,13,6.0
0,16.99,Unused,F,13,6.0
0,27.18,Unused,F,13,24.56
1,21.16,Unused,F,13,6.5
0,119.0,Unused,F,13,6.0
1,1.0,Used,F,47,6.0
1,119.0,Used,F,48,6.0
0,79.99,Unused,F,48,6.0
0,19.99,Unused,F,48,6.0
1,122.77,Used,M,30,6.5
0,28.04,Used,M,30,6.5
0,81.5,Used,M,30,35.96
0,153.71,Used,M,30,6.5
0,27.84,Unused,M,30,6.5
0,146.84,Unused,M,30,35.96
0,153.71,Unused,M,30,8.7
0,153.71,Unused,M,30,6.5
0,156.7,Unused,M,30,18.47
0,9.27,Unused,M,30,6.5
0,259.2,Used,M,30,62.74
0,61.89,Used,M,30,6.5
0,259.2,Unused,M,30,62.74
1,299.25,Used,M,30,126.4
0,119.0,Used,M,30,19.99
0,611.7,Unused,M,30,126.4
0,93.66,Unused,M,30,6.0
0,377.0,Unused,M,30,19.99
0,57.56,Used,M,30,6.0
0,57.56,Unused,M,30,6.0
0,238.0,Unused,M,30,6.0
0,55.99,Used,M,30,12.99
0,35.25,Unused,M,30,6.0
0,69.27,Unused,M,30,6.0
0,149.0,Unused,M,30,6.0
1,12.78,Used,M,30,6.0
0,14.0,Unused,M,30,6.0
0,2.39,Unused,M,30,6.0
0,79.0,Unused,M,30,6.0
0,12.0,Unused,M,30,6.0
0,9.99,Used,M,30,6.0
0,16.99,Unused,M,30,6.0
1,579.4,Used,M,30,12.99
0,199.0,Used,M,30,12.99
0,149.0,Used,M,30,6.0
0,488.3,Unused,M,30,12.99
0,199.0,Unused,M,30,19.99
0,249.0,Unused,M,30,19.99
0,99.0,Unused,M,30,6.0
0,149.0,Unused,M,30,6.0
0,20.78,Used,M,30,6.0
0,363.51,Unused,M,30,85.33
0,16.99,Unused,M,30,6.0
0,18.99,Unused,M,30,6.0
0,149.0,Unused,M,30,6.0
1,46.36,Used,M,30,6.5
0,8.97,Used,M,30,6.0
0,79.0,Used,M,30,6.5
0,428.0,Unused,M,30,6.5
0,149.0,Unused,M,30,6.5
0,99.0,Unused,M,30,6.5
0,7.17,Unused,M,30,6.5
1,369.25,Used,F,3,14.25
0,19.18,Used,F,3,15.75
0,8.4,Unused,F,3,6.0
0,4.49,Unused,F,3,6.0
0,39.19,Unused,F,3,14.25
0,10.5,Unused,F,3,6.0
0,27.18,Unused,F,3,30.0
0,119.0,Unused,F,3,6.0
0,119.0,Unused,F,3,6.0
0,13.59,Unused,F,3,15.75
0,119.0,Unused,F,3,6.0
0,387.0,Unused,F,3,6.0
0,149.0,Unused,F,3,6.0
0,3.48,Unused,F,3,6.0
0,198.0,Unused,F,3,6.0
1,15.67,Used,M,32,6.5
0,61.89,Unused,M,32,6.5
1,12.31,Used,M,32,6.0
0,9.58,Unused,M,32,6.0
0,12.31,Unused,M,32,6.0
1,11.99,Used,M,32,6.0
0,3.99,Used,M,32,6.0
0,10.63,Used,M,32,6.0
0,38.0,Used,M,32,6.0
0,33.59,Unused,M,32,6.0
0,137.24,Unused,M,32,6.0
0,43.18,Unused,M,32,6.0
0,2.22,Unused,M,32,6.0
0,24.99,Unused,M,32,6.0
0,18.48,Unused,M,32,6.0
0,12.0,Unused,M,32,6.0
0,15.19,Unused,M,32,6.0
0,7.6,Unused,M,32,6.0
0,67.96,Unused,M,32,6.0
0,279.8,Unused,M,32,6.0
0,69.5,Unused,M,32,6.0
0,13.93,Unused,M,32,12.99
0,1.99,Unused,M,32,6.0
1,33.98,Used,F,14,6.5
0,174.45,Unused,F,14,6.5
0,135.92,Unused,F,14,6.5
0,139.9,Unused,F,14,6.5
0,67.96,Unused,F,14,6.5
1,119.0,Used,F,14,6.0
0,119.0,Used,F,14,6.0
0,119.0,Unused,F,14,12.99
0,395.0,Unused,F,14,6.0
0,13.59,Unused,F,14,12.99
1,13.18,Used,F,14,12.99
0,47.8,Used,F,14,50.0
0,1.2,Unused,F,14,12.99
0,31.8,Unused,F,14,50.0
1,10.48,Used,F,14,6.0
0,9.6,Unused,F,14,6.0
1,407.5,Used,F,40,6.5
0,153.71,Used,F,40,6.5
0,17.27,Unused,F,40,6.5
0,153.71,Unused,F,40,6.5
0,14.84,Unused,F,40,6.5
0,245.54,Unused,F,40,6.5
0,245.54,Unused,F,40,6.5
0,205.3,Used,F,40,6.5
0,153.71,Used,F,40,6.5
0,268.12,Unused,F,40,6.5
1,175.9,Used,F,40,24.49
0,5.98,Used,F,40,6.0
0,50.97,Used,F,40,19.99
0,117.97,Unused,F,40,6.0
0,129.32,Unused,F,40,19.99
0,357.0,Unused,F,40,19.99
0,119.0,Unused,F,40,6.0
0,99.5,Unused,F,40,19.99
0,3.6,Used,F,40,49.73
0,13.19,Unused,F,40,49.73
0,6.15,Unused,F,40,49.73
0,22.0,Used,F,40,12.91
1,33.98,Unused,F,40,6.0
0,16.99,Unused,F,40,6.0
0,238.0,Used,F,40,6.0
0,237.0,Used,F,40,6.0
0,55.99,Unused,F,40,6.5
0,99.0,Unused,F,40,6.0
0,99.0,Unused,F,40,6.0
0,79.0,Used,F,40,6.0
0,2.99,Unused,F,40,12.99
0,119.0,Unused,F,40,6.0
1,202.84,Used,F,40,6.5
0,151.88,Used,F,40,6.5
0,100.91,Unused,F,40,6.5
0,100.91,Unused,F,40,6.5
0,100.91,Unused,F,40,6.5
0,242.6,Unused,F,40,6.5
0,151.88,Unused,F,40,6.5
0,100.91,Unused,F,40,6.5
1,259.5,Used,F,3,20.33
0,149.0,Used,F,3,6.0
0,5.49,Unused,F,3,6.0
0,219.25,Unused,F,3,20.33
0,119.0,Unused,F,3,6.0
0,149.0,Unused,F,3,6.0
0,149.0,Unused,F,3,6.0
0,149.0,Unused,F,3,6.0
0,13.29,Unused,F,3,6.0
0,8.16,Unused,F,3,6.0
1,13.29,Used,M,35,6.0
0,8.97,Used,M,35,6.0
0,1.0,Used,M,35,6.0
0,599.7,Used,M,35,47.56
0,11.19,Unused,M,35,6.0
0,347.0,Unused,M,35,6.0
0,2.99,Unused,M,35,6.0
0,149.0,Unused,M,35,8.7
0,8.49,Unused,M,35,6.0
0,199.5,Unused,M,35,12.48
0,357.0,Unused,M,35,6.0
1,842.0,Used,M,24,12.99
0,14.69,Unused,M,24,6.0
0,238.0,Unused,M,24,6.0
0,15.19,Unused,M,24,6.0
0,149.0,Unused,M,24,12.99
0,20.99,Unused,M,24,6.0
0,15.19,Unused,M,24,6.0
1,199.0,Used,M,11,6.5
0,398.0,Used,M,11,6.5
0,41.59,Used,M,11,6.5
0,319.75,Used,M,11,12.48
0,119.0,Used,M,11,6.5
0,398.0,Unused,M,11,6.5
0,23.96,Unused,M,11,6.0
0,279.0,Unused,M,11,6.5
0,8.49,Unused,M,11,6.0
0,149.0,Unused,M,11,6.5
0,11.48,Unused,M,11,6.0
0,35.96,Unused,M,11,6.0
0,119.0,Unused,M,11,6.5
1,151.88,Unused,F,20,6.5
0,202.84,Used,F,20,6.5
0,58.69,Used,F,20,6.5
0,121.3,Used,F,20,6.5
0,242.6,Used,F,20,6.5
0,57.07,Unused,F,20,6.5
0,34.23,Unused,F,20,6.5
0,100.91,Unused,F,20,6.5
0,42.39,Unused,F,20,6.5
1,19.99,Unused,M,40,30.0
1,119.0,Used,F,50,6.0
0,15.99,Used,F,50,6.0
0,17.99,Unused,F,50,6.0
0,42.0,Unused,F,50,6.5
0,27.18,Unused,F,50,6.0
1,35.18,Used,F,50,12.48
0,17.93,Unused,F,50,6.5
0,1014.2,Unused,F,50,12.91
0,201.82,Unused,F,50,6.5
0,84.78,Unused,F,50,12.99
0,121.3,Unused,F,50,6.5
0,242.6,Unused,F,50,6.5
0,151.88,Unused,F,50,6.5
0,101.93,Unused,F,50,0.0
0,121.3,Unused,F,50,6.5
0,151.88,Unused,F,50,6.5
1,38.49,Used,F,20,6.0
0,28.88,Unused,F,20,6.0
0,119.0,Unused,F,20,6.0
0,62.16,Used,F,20,6.0
0,16.24,Used,F,20,6.0
0,237.0,Used,F,20,6.0
0,12.0,Unused,F,20,6.0
0,33.98,Unused,F,20,6.0
1,2.8,Used,M,28,6.5
0,119.0,Used,M,28,6.5
0,149.0,Used,M,28,6.5
0,149.0,Used,M,28,6.5
0,99.99,Unused,M,28,6.5
0,119.0,Unused,M,28,6.5
0,119.0,Unused,M,28,6.5
0,119.0,Unused,M,28,6.5
0,228.0,Unused,M,28,6.5
0,104.0,Unused,M,28,8.7
0,149.0,Unused,M,28,6.5
0,10.99,Unused,M,28,6.5
0,2.8,Unused,M,28,6.5
0,238.0,Unused,M,28,6.5
0,238.0,Unused,M,28,6.5
0,119.0,Unused,M,28,6.5
0,119.0,Unused,M,28,6.5
0,149.0,Unused,M,28,6.5
0,279.8,Used,M,28,6.5
0,1.59,Used,M,28,12.48
0,52.07,Used,M,28,6.5
0,204.25,Unused,M,28,6.5
0,99.99,Unused,M,28,6.5
0,476.0,Unused,M,28,6.5
0,65.97,Unused,M,28,6.5
0,237.0,Unused,M,28,6.5
1,17.49,Used,M,28,6.0
0,18.99,Unused,M,28,6.0
0,38.37,Unused,M,28,6.0
0,12.31,Unused,M,28,6.0
0,26.36,Used,M,28,6.5
0,27.18,Unused,M,28,6.5
0,79.0,Unused,M,28,12.99
0,11.98,Unused,M,28,6.5
1,8.96,Used,M,21,6.5
0,363.08,Used,M,21,6.5
0,3.87,Used,M,21,6.5
0,151.88,Used,M,21,6.5
0,6.12,Unused,M,21,6.0
0,3.47,Unused,M,21,6.5
0,13.88,Unused,M,21,6.5
0,355.74,Unused,M,21,6.5
0,8.96,Unused,M,21,6.5
0,242.6,Unused,M,21,6.5
0,242.6,Unused,M,21,6.5
1,19.19,Used,F,41,11.1
0,15.92,Used,F,41,6.51
0,298.0,Used,F,41,6.51
0,119.0,Used,F,41,6.5
0,24.99,Used,F,41,18.65
0,9.98,Used,F,41,6.48
0,149.0,Used,F,41,6.5
0,15.92,Unused,F,41,6.51
0,9.98,Unused,F,41,6.48
0,479.6,Unused,F,41,139.84
0,596.0,Unused,F,41,6.51
0,238.0,Unused,F,41,6.5
0,24.99,Unused,F,41,16.65
0,149.0,Unused,F,41,6.5
0,16.99,Unused,F,41,6.5
0,149.0,Unused,F,41,6.5
0,23.88,Unused,F,41,6.51
0,149.0,Unused,F,41,6.5
1,28.0,Used,M,46,15.72
0,79.0,Used,M,46,6.5
0,219.6,Unused,M,46,15.72
0,21.82,Unused,M,46,6.5
0,149.0,Unused,M,46,6.5
0,12.31,Unused,M,46,6.5
1,99.89,Used,M,46,15.37
0,203.89,Unused,M,46,15.37
0,119.0,Unused,M,46,6.0
0,116.7,Unused,M,46,15.37
0,417.0,Unused,M,46,6.0
1,14.38,Used,M,46,20.85
0,34.45,Used,M,46,6.0
0,23.19,Used,M,46,12.99
0,349.0,Used,M,46,6.0
0,158.0,Used,M,46,12.99
0,79.0,Used,M,46,6.0
0,845.0,Unused,M,46,12.99
0,23.99,Unused,M,46,12.99
0,5.25,Unused,M,46,6.0
0,2.39,Unused,M,46,20.85
0,149.0,Unused,M,46,6.0
0,298.0,Unused,M,46,6.0
0,15.99,Unused,M,46,20.85
1,199.0,Used,F,20,19.99
0,249.0,Used,F,20,19.99
0,238.0,Unused,F,20,6.0
0,249.0,Unused,F,20,19.99
1,57.3,Unused,M,42,6.0
0,17.5,Unused,M,42,6.0
1,3.7,Used,F,42,6.5
0,12.36,Used,F,42,6.5
0,28.87,Used,F,42,30.0
0,245.54,Used,F,42,6.5
0,122.77,Used,F,42,6.5
0,42.06,Used,F,42,62.74
0,153.71,Used,F,42,6.5
0,13.61,Unused,F,42,6.5
0,82.52,Unused,F,42,6.5
0,102.96,Unused,F,42,62.74
0,59.25,Unused,F,42,6.5
0,245.54,Unused,F,42,6.5
0,245.54,Unused,F,42,6.5
0,122.77,Unused,F,42,6.5
0,399.25,Unused,F,42,6.5
0,122.77,Unused,F,42,6.5
0,17.53,Unused,F,42,30.0
0,163.0,Unused,F,42,6.5
0,81.5,Unused,F,42,6.5
0,153.71,Unused,F,42,6.5
0,369.68,Unused,F,42,62.74
0,368.31,Unused,F,42,6.5
0,685.02,Unused,F,42,6.5
0,28.79,Used,F,42,17.96
0,1.64,Used,F,42,6.5
0,122.77,Used,F,42,6.5
0,24.74,Unused,F,42,6.5
0,3.61,Unused,F,42,6.5
0,272.18,Unused,F,42,41.3
0,103.15,Unused,F,42,6.5
0,122.77,Unused,F,42,6.5
0,15.67,Unused,F,42,17.96
0,244.5,Unused,F,42,6.5
0,153.71,Unused,F,42,6.5
0,18.15,Unused,F,42,6.5
0,74.09,Unused,F,42,41.3
0,36.29,Unused,F,42,6.5
0,153.71,Unused,F,42,6.5
1,123.15,Used,F,41,6.0
0,268.0,Used,F,41,6.0
0,237.0,Used,F,41,6.0
0,13.59,Used,F,41,6.0
0,135.94,Unused,F,41,6.0
0,238.0,Unused,F,41,12.99
0,13.59,Unused,F,41,6.0
0,63.57,Unused,F,41,6.0
0,119.0,Unused,F,41,12.99
0,119.0,Unused,F,41,6.0
0,119.0,Unused,F,41,6.0
1,10.63,Unused,M,29,6.0
1,420.0,Used,F,10,134.74
0,13.59,Used,F,10,6.5
0,1.99,Used,F,10,6.5
0,119.0,Used,F,10,6.5
0,67.19,Used,F,10,6.5
0,149.0,Used,F,10,6.5
0,684.0,Unused,F,10,134.74
0,27.98,Unused,F,10,6.5
0,23.99,Unused,F,10,6.5
0,238.0,Unused,F,10,6.5
0,119.0,Unused,F,10,6.5
0,33.57,Unused,F,10,12.76
0,149.0,Unused,F,10,6.5
0,745.0,Unused,F,10,6.5
0,298.0,Unused,F,10,6.5
0,298.0,Unused,F,10,6.5
0,17.59,Unused,F,10,6.5
0,19.99,Unused,F,10,6.5
1,85.39,Used,F,10,6.0
0,5.98,Used,F,10,6.0
0,33.58,Used,F,10,6.0
0,23.85,Used,F,10,12.91
0,33.99,Used,F,10,6.0
0,119.0,Used,F,10,6.0
0,357.0,Used,F,10,6.0
0,149.0,Used,F,10,6.0
0,149.0,Used,F,10,6.0
0,158.0,Used,F,10,6.0
0,12.31,Used,F,10,6.5
0,149.0,Used,F,10,6.0
0,149.0,Used,F,10,6.0
0,149.0,Used,F,10,6.0
0,317.29,Unused,F,10,6.0
0,143.9,Unused,F,10,12.91
0,13.99,Unused,F,10,6.0
0,178.94,Unused,F,10,6.0
0,119.0,Unused,F,10,6.0
0,119.0,Unused,F,10,6.0
0,119.0,Unused,F,10,6.0
0,15.19,Unused,F,10,6.5
0,237.0,Unused,F,10,6.0
0,316.0,Unused,F,10,6.0
0,48.77,Unused,F,10,6.0
0,119.0,Unused,F,10,6.0
0,79.0,Unused,F,10,6.0
0,16.99,Unused,F,10,6.0
1,18.99,Used,F,21,6.0
0,15.19,Unused,F,21,6.0
0,2.99,Unused,F,21,6.0
1,365.39,Used,F,14,98.74
0,245.54,Used,F,14,6.5
0,174.33,Used,F,14,6.5
0,221.76,Used,F,14,6.5
0,153.71,Used,F,14,6.5
0,153.71,Used,F,14,6.5
0,46.39,Unused,F,14,6.5
0,397.48,Unused,F,14,98.74
0,45.37,Unused,F,14,6.5
0,122.77,Unused,F,14,6.5
0,122.77,Unused,F,14,6.5
0,288.8,Unused,F,14,6.5
0,245.54,Unused,F,14,6.5
0,66.0,Unused,F,14,98.74
1,158.0,Used,F,14,6.0
0,13.29,Unused,F,14,6.0
0,198.0,Unused,F,14,6.0
0,1.99,Used,F,14,6.0
0,17.91,Unused,F,14,6.0
0,126.19,Unused,F,14,12.99
0,21.99,Unused,F,14,6.0
1,50.9,Used,M,39,6.0
0,249.9,Used,M,39,6.0
0,18.99,Unused,M,39,6.0
0,165.0,Unused,M,39,6.0
0,259.26,Unused,M,39,6.0
0,19.99,Unused,M,39,6.0
0,12.99,Unused,M,39,6.0
1,9.9,Used,M,39,6.0
0,394.75,Used,M,39,32.08
0,14.95,Unused,M,39,6.0
0,8.49,Unused,M,39,12.99
0,237.0,Unused,M,39,6.0
1,42.06,Used,F,28,62.74
0,153.71,Used,F,28,6.5
0,238.0,Used,F,28,6.5
0,27.18,Used,F,28,6.5
0,238.0,Unused,F,28,6.5
0,119.0,Unused,F,28,6.5
0,298.0,Unused,F,28,6.5
0,58.38,Used,F,28,6.5
0,100.0,Used,F,28,0.0
0,2.99,Used,F,28,6.5
0,395.0,Used,F,28,6.5
0,149.0,Used,F,28,6.5
0,298.0,Used,F,28,6.5
0,149.0,Used,F,28,6.5
0,32.78,Unused,F,28,6.5
0,5.58,Unused,F,28,6.5
0,119.0,Unused,F,28,6.5
0,238.0,Unused,F,28,6.5
0,198.0,Unused,F,28,6.5
0,238.0,Unused,F,28,6.5
0,238.0,Unused,F,28,6.5
0,119.0,Unused,F,28,6.5
0,238.0,Unused,F,28,6.5
0,149.0,Unused,F,28,6.5
0,447.0,Unused,F,28,6.5
0,298.0,Unused,F,28,6.5
0,37.98,Unused,F,28,6.5
0,119.0,Unused,F,28,6.5
0,13.59,Unused,F,28,6.5
0,158.0,Unused,F,28,6.5
0,149.0,Unused,F,28,6.5
0,16.8,Used,F,28,6.5
0,448.75,Used,F,28,6.5
0,95.98,Used,F,28,6.5
0,14.38,Used,F,28,6.5
0,41.98,Used,F,28,6.5
0,1.99,Used,F,28,6.5
0,119.0,Used,F,28,6.5
0,79.0,Used,F,28,6.5
0,149.0,Used,F,28,6.5
0,149.0,Used,F,28,6.5
0,149.0,Used,F,28,6.5
0,305.86,Unused,F,28,6.5
0,10.99,Unused,F,28,6.5
0,140.0,Unused,F,28,6.5
0,3.98,Unused,F,28,6.5
0,61.55,Unused,F,28,6.5
0,238.0,Unused,F,28,6.5
0,119.0,Unused,F,28,6.5
0,119.0,Unused,F,28,6.5
0,31.18,Unused,F,28,6.5
0,149.0,Unused,F,28,6.5
0,149.0,Unused,F,28,18.47
0,79.99,Unused,F,28,6.5
0,550.0,Unused,F,28,6.5
0,29.99,Unused,F,28,6.5
0,55.99,Unused,F,28,6.5
0,119.0,Unused,F,28,6.5
0,79.96,Used,F,28,6.5
0,10.99,Used,F,28,6.5
0,47.96,Used,F,28,111.07
0,403.94,Unused,F,28,6.5
0,99.13,Unused,F,28,111.07
0,6.99,Unused,F,28,6.5
0,149.0,Unused,F,28,6.5
0,11.18,Unused,F,28,6.5
0,13.59,Unused,F,28,111.07
0,3.5,Used,F,28,6.5
0,15.19,Used,F,28,6.5
0,49.56,Used,F,28,35.3
0,4.79,Used,F,28,6.5
0,18.99,Used,F,28,6.5
0,238.0,Used,F,28,6.5
0,158.0,Used,F,28,6.5
0,119.99,Used,F,28,6.5
0,149.0,Used,F,28,6.5
0,190.56,Unused,F,28,6.5
0,185.36,Unused,F,28,6.5
0,54.38,Unused,F,28,35.3
0,4.49,Unused,F,28,6.5
0,143.7,Unused,F,28,28.78
0,24.99,Unused,F,28,6.5
0,119.0,Unused,F,28,6.5
0,119.0,Unused,F,28,6.5
0,79.0,Unused,F,28,6.5
0,298.0,Unused,F,28,6.5
0,149.0,Unused,F,28,6.5
0,13.57,Unused,F,28,6.5
0,8.99,Unused,F,28,6.5
0,149.0,Unused,F,28,6.5
0,149.0,Unused,F,28,6.5
0,5.59,Used,F,28,6.5
0,19.99,Used,F,28,6.5
0,149.0,Used,F,28,6.5
0,436.0,Unused,F,28,6.5
0,238.0,Unused,F,28,6.5
0,83.88,Used,F,28,6.5
0,25.98,Used,F,28,6.5
0,27.17,Used,F,28,6.5
0,1.99,Used,F,28,6.5
0,139.97,Used,F,28,6.5
0,55.99,Used,F,28,6.5
0,9.99,Used,F,28,6.5
0,54.36,Used,F,28,75.0
0,119.0,Used,F,28,35.3
0,357.0,Used,F,28,6.5
0,43.98,Used,F,28,6.5
0,37.98,Used,F,28,6.5
0,76.99,Used,F,28,6.5
0,19.19,Used,F,28,6.5
0,158.0,Used,F,28,6.5
0,16.99,Used,F,28,20.0
0,149.0,Used,F,28,6.5
0,0.79,Unused,F,28,6.5
0,64.76,Unused,F,28,6.5
0,19.75,Unused,F,28,6.5
0,103.56,Unused,F,28,75.0
0,55.99,Unused,F,28,6.5
0,14.99,Unused,F,28,6.5
0,60.97,Unused,F,28,6.5
0,54.98,Unused,F,28,6.5
0,68.98,Unused,F,28,6.5
0,18.99,Unused,F,28,6.5
0,149.0,Unused,F,28,8.7
0,24.99,Unused,F,28,87.7
0,79.0,Unused,F,28,6.5
0,149.0,Unused,F,28,6.5
0,149.0,Unused,F,28,6.5
0,51.87,Unused,F,28,81.7
0,3.19,Unused,F,28,6.5
0,12.99,Unused,F,28,6.5
0,8.99,Unused,F,28,6.5
0,9.99,Unused,F,28,6.5
0,119.0,Unused,F,28,6.5
0,16.99,Unused,F,28,6.5
0,15.99,Unused,F,28,6.5
0,16.99,Unused,F,28,6.5
0,15.99,Unused,F,28,6.5
0,18.99,Used,F,28,6.5
0,1148.5,Unused,F,28,6.5
0,11.96,Unused,F,28,6.5
0,149.0,Unused,F,28,6.5
0,14.95,Unused,F,28,6.5
0,149.0,Unused,F,28,6.5
0,62.78,Used,F,28,24.47
0,20.54,Used,F,28,79.32
0,91.11,Used,F,28,18.47
0,19.99,Used,F,28,6.5
0,119.0,Used,F,28,6.5
0,119.0,Used,F,28,6.5
0,395.0,Used,F,28,6.5
0,1299.35,Used,F,28,422.24
0,19.18,Unused,F,28,24.47
0,19.14,Unused,F,28,79.32
0,63.8,Unused,F,28,18.47
0,172.97,Unused,F,28,6.5
0,119.0,Unused,F,28,6.5
0,238.0,Unused,F,28,6.5
0,476.0,Unused,F,28,6.5
0,79.0,Unused,F,28,6.5
0,15.19,Unused,F,28,6.5
0,3.98,Unused,F,28,24.47
0,357.0,Unused,F,28,6.5
0,268.0,Unused,F,28,6.5
0,119.0,Unused,F,28,6.5
0,59.8,Used,F,28,6.5
0,15.18,Used,F,28,6.5
0,27.18,Used,F,28,6.5
0,52.07,Used,F,28,6.5
0,269.97,Unused,F,28,6.5
0,29.98,Unused,F,28,6.5
0,47.98,Unused,F,28,6.5
0,15.99,Unused,F,28,6.5
0,119.0,Unused,F,28,6.5
0,238.0,Unused,F,28,6.5
0,298.0,Unused,F,28,8.7
0,49.75,Unused,F,28,6.5
0,19.19,Unused,F,28,6.5
0,119.0,Unused,F,28,6.5
0,145.94,Used,F,28,6.5
0,1.5,Used,F,28,6.5
0,3.98,Used,F,28,6.5
0,238.0,Used,F,28,6.5
0,119.0,Used,F,28,6.5
0,20.78,Used,F,28,6.5
0,40.77,Used,F,28,6.5
0,711.88,Unused,F,28,6.5
0,20.97,Unused,F,28,6.5
0,75.16,Unused,F,28,6.5
0,59.98,Unused,F,28,6.5
0,35.98,Unused,F,28,15.75
0,154.37,Unused,F,28,6.5
0,110.32,Unused,F,28,6.5
0,149.0,Unused,F,28,6.5
0,132.89,Unused,F,28,6.5
0,2.99,Unused,F,28,6.5
0,65.09,Unused,F,28,6.5
0,119.0,Unused,F,28,6.5
0,238.0,Unused,F,28,6.5
0,13.59,Unused,F,28,6.5
0,88.78,Used,F,28,37.83
0,111.9,Used,F,28,12.91
0,395.0,Used,F,28,6.5
0,63.8,Unused,F,28,37.83
0,35.18,Unused,F,28,6.5
0,35.18,Unused,F,28,6.5
0,119.0,Unused,F,28,6.5
0,119.0,Unused,F,28,6.5
0,187.8,Unused,F,28,12.91
0,191.2,Unused,F,28,6.5
0,91.17,Unused,F,28,37.83
0,149.0,Unused,F,28,6.5
0,149.0,Unused,F,28,6.5
0,10.99,Used,F,28,6.5
0,8.99,Used,F,28,6.5
0,9495.0,Used,F,28,6.5
0,69.67,Used,F,28,6.5
0,238.0,Used,F,28,6.5
0,149.0,Used,F,28,6.5
0,158.0,Used,F,28,6.5
0,87.26,Unused,F,28,6.5
0,58.6,Unused,F,28,6.5
0,30.38,Unused,F,28,6.5
0,149.0,Unused,F,28,6.5
0,43.77,Unused,F,28,6.5
0,149.0,Unused,F,28,6.5
0,28.0,Used,F,28,15.72
0,143.8,Used,F,28,12.48
0,348.0,Used,F,28,8.7
0,277.0,Used,F,28,6.5
0,16.99,Used,F,28,6.5
0,19.59,Used,F,28,6.5
0,51.9,Unused,F,28,15.72
0,90.98,Unused,F,28,6.5
0,8.99,Unused,F,28,6.5
0,6.39,Unused,F,28,6.5
0,34.85,Unused,F,28,6.5
0,149.0,Unused,F,28,8.7
0,149.0,Unused,F,28,6.5
0,149.0,Unused,F,28,6.5
0,237.0,Unused,F,28,6.5
0,298.0,Unused,F,28,6.5
0,149.0,Unused,F,28,6.5
0,7.17,Unused,F,28,15.72
0,10.07,Unused,F,28,6.5
0,92.35,Used,F,28,15.37
0,243.45,Unused,F,28,15.37
0,47.97,Used,F,28,6.0
0,34.98,Unused,F,28,6.0
0,119.0,Unused,F,28,6.0
0,24.78,Used,F,28,6.0
0,14.96,Used,F,28,6.0
0,410.97,Used,F,28,30.35
0,11.75,Used,F,28,6.0
0,14.69,Used,F,28,6.0
0,53.19,Used,F,28,6.0
0,9.99,Used,F,28,6.0
0,52.97,Used,F,28,6.0
0,15.99,Used,F,28,6.0
0,23.42,Used,F,28,6.0
0,47.94,Used,F,28,22.71
0,44.79,Used,F,28,6.5
0,4.19,Used,F,28,6.0
0,13.99,Used,F,28,6.0
0,13.59,Used,F,28,6.0
0,2.99,Used,F,28,6.0
0,119.0,Used,F,28,6.0
0,119.0,Used,F,28,6.0
0,95.01,Used,F,28,6.0
0,13.59,Used,F,28,19.99
0,614.0,Used,F,28,6.0
0,237.0,Used,F,28,6.0
0,67.19,Used,F,28,6.0
0,149.0,Used,F,28,6.0
0,56.18,Unused,F,28,6.0
0,14.97,Unused,F,28,6.0
0,20.98,Unused,F,28,6.0
0,596.44,Unused,F,28,27.62
0,19.95,Unused,F,28,6.0
0,8.99,Unused,F,28,6.0
0,44.79,Unused,F,28,6.0
0,9.99,Unused,F,28,6.0
0,11.19,Unused,F,28,6.0
0,36.43,Unused,F,28,6.0
0,44.79,Unused,F,28,19.99
0,198.0,Unused,F,28,6.0
0,119.0,Unused,F,28,6.0
0,119.0,Unused,F,28,6.0
0,268.0,Unused,F,28,6.0
0,685.0,Unused,F,28,6.0
0,119.0,Unused,F,28,6.0
0,18.99,Unused,F,28,6.0
0,19.99,Unused,F,28,6.0
0,149.0,Unused,F,28,6.0
0,79.0,Unused,F,28,6.0
0,158.0,Unused,F,28,6.0
0,41.99,Unused,F,28,22.71
0,15.39,Unused,F,28,6.0
0,149.0,Unused,F,28,6.0
0,22.46,Unused,F,28,6.0
0,420.0,Unused,F,28,47.45
0,27.19,Unused,F,28,6.0
0,18.99,Unused,F,28,6.0
0,595.0,Unused,F,28,6.0
0,119.0,Unused,F,28,6.0
0,13.29,Unused,F,28,6.0
0,316.0,Unused,F,28,6.0
0,158.0,Unused,F,28,6.0
0,79.0,Unused,F,28,6.0
0,27.18,Unused,F,28,6.0
0,84.57,Used,F,28,12.48
0,227.1,Used,F,28,12.91
0,391.93,Used,F,28,36.06
0,250.0,Used,F,28,0.0
0,20.78,Used,F,28,6.0
0,17.98,Used,F,28,6.0
0,2836.8,Used,F,28,6.0
0,62.97,Used,F,28,6.0
0,13.59,Used,F,28,6.0
0,21.82,Used,F,28,6.0
0,357.0,Used,F,28,12.99
0,119.0,Used,F,28,6.0
0,67.19,Used,F,28,6.0
0,61.59,Used,F,28,6.0
0,79.0,Used,F,28,6.0
0,19.99,Used,F,28,6.0
0,5.57,Unused,F,28,6.0
0,33.59,Unused,F,28,6.0
0,67.18,Unused,F,28,6.0
0,61.97,Unused,F,28,6.0
0,235.06,Unused,F,28,24.37
0,8248.8,Unused,F,28,130.46
0,19.19,Unused,F,28,6.0
0,250.0,Unused,F,28,0.0
0,140.0,Unused,F,28,56.32
0,1435.2,Unused,F,28,6.0
0,21.26,Unused,F,28,6.0
0,6.38,Unused,F,28,6.5
0,6.99,Unused,F,28,6.0
0,119.0,Unused,F,28,6.0
0,119.0,Unused,F,28,6.0
0,238.0,Unused,F,28,6.0
0,149.0,Unused,F,28,6.0
0,149.0,Unused,F,28,6.0
0,149.0,Unused,F,28,6.0
0,149.0,Unused,F,28,6.0
0,79.0,Unused,F,28,6.0
0,447.0,Unused,F,28,6.0
0,21.57,Unused,F,28,12.91
0,1.99,Unused,F,28,6.0
0,1.59,Unused,F,28,6.0
0,239.0,Unused,F,28,36.06
0,238.0,Unused,F,28,6.0
0,119.0,Unused,F,28,6.0
0,18.99,Unused,F,28,6.0
0,33.59,Used,F,28,6.0
0,57.54,Used,F,28,12.99
0,3.19,Used,F,28,6.0
0,149.0,Used,F,28,6.0
0,33.59,Unused,F,28,6.0
0,49.58,Unused,F,28,6.0
0,20.39,Unused,F,28,12.99
0,7.17,Unused,F,28,6.0
0,119.0,Unused,F,28,6.0
0,27.98,Unused,F,28,6.0
0,8.94,Unused,F,28,6.0
0,6.99,Unused,F,28,6.0
0,13.59,Unused,F,28,12.99
0,13.57,Used,F,28,6.0
0,119.0,Used,F,28,6.0
0,13.59,Used,F,28,6.0
0,47.97,Used,F,28,6.0
0,149.0,Used,F,28,6.0
0,15.19,Used,F,28,6.0
0,316.0,Used,F,28,6.0
0,13.59,Used,F,28,6.0
0,149.0,Used,F,28,6.0
0,41.01,Unused,F,28,6.0
0,12.79,Unused,F,28,6.0
0,27.18,Unused,F,28,6.0
0,119.0,Unused,F,28,6.0
0,357.0,Unused,F,28,6.0
0,357.0,Unused,F,28,6.0
0,149.0,Unused,F,28,6.0
0,42.23,Unused,F,28,6.0
0,55.99,Unused,F,28,42.67
0,35.16,Unused,F,28,6.0
0,15.99,Unused,F,28,6.0
0,28.67,Used,F,28,23.17
0,479.4,Used,F,28,6.0
0,55.39,Used,F,28,6.0
0,79.99,Used,F,28,6.0
0,119.0,Used,F,28,6.0
0,119.0,Used,F,28,6.0
0,41.99,Used,F,28,6.0
0,12.31,Used,F,28,6.0
0,117.02,Unused,F,28,12.99
0,38.38,Unused,F,28,6.0
0,19.95,Unused,F,28,6.0
0,104.78,Unused,F,28,6.0
0,19.99,Unused,F,28,6.0
0,119.0,Unused,F,28,6.0
0,61.59,Unused,F,28,6.5
0,39.98,Unused,F,28,6.0
0,143.8,Unused,F,28,23.17
0,41.58,Unused,F,28,12.99
0,59.98,Unused,F,28,6.0
0,149.0,Unused,F,28,6.0
0,6.99,Used,F,28,6.0
0,121.52,Unused,F,28,13.38
0,15.19,Used,F,28,6.0
0,18.99,Used,F,28,6.0
0,32.29,Unused,F,28,6.0
0,47.97,Unused,F,28,6.0
0,30.79,Unused,F,28,6.0
0,19.99,Unused,F,28,6.0
0,3.99,Used,F,28,6.0
0,37.28,Used,F,28,12.99
0,44.37,Used,F,28,6.0
0,149.0,Used,F,28,6.0
0,149.0,Used,F,28,19.99
0,67.18,Unused,F,28,6.0
0,75.6,Unused,F,28,16.85
0,7.17,Unused,F,28,6.0
0,44.79,Unused,F,28,6.0
0,86.66,Unused,F,28,12.99
0,13.29,Unused,F,28,6.0
0,2.39,Unused,F,28,6.5
0,119.0,Unused,F,28,6.0
0,39.19,Unused,F,28,6.0
0,10.99,Unused,F,28,6.0
0,25.2,Unused,F,28,16.85
0,21.98,Unused,F,28,12.99
0,21.02,Unused,F,28,6.0
0,967.01,Used,F,28,6.0
0,629.61,Unused,F,28,6.0
0,1011.2,Unused,F,28,6.0
0,119.0,Used,F,28,6.0
0,268.0,Used,F,28,6.0
0,119.0,Used,F,28,12.99
0,238.0,Used,F,28,19.99
0,119.0,Unused,F,28,6.0
0,19.99,Unused,F,28,6.0
0,119.0,Unused,F,28,19.99
0,119.0,Unused,F,28,6.0
0,29.11,Unused,F,28,6.0
0,59.9,Used,F,28,12.99
0,31.35,Used,F,28,6.5
0,108.72,Used,F,28,12.91
0,79.0,Used,F,28,6.0
0,8.97,Unused,F,28,12.99
0,9.99,Unused,F,28,6.0
0,149.0,Unused,F,28,6.0
0,6.38,Unused,F,28,6.0
0,13.99,Unused,F,28,12.99
0,238.0,Unused,F,28,6.0
0,9.49,Unused,F,28,6.0
1,32.86,Used,F,28,12.99
0,79.0,Used,F,28,6.0
0,28.78,Unused,F,28,12.99
0,149.0,Unused,F,28,6.0
0,56.18,Used,F,28,75.0
0,2.5,Unused,F,28,75.0
0,2.99,Unused,F,28,75.0
1,104.45,Used,F,10,6.5
0,47.16,Unused,F,10,6.5
0,1.55,Unused,F,10,6.5
0,15.46,Unused,F,10,6.5
0,14.42,Unused,F,10,6.5
1,44.79,Unused,F,10,16.47
1,14.0,Used,F,10,13.38
0,14.0,Unused,F,10,13.38
1,99.99,Used,F,2,6.0
0,7.4,Used,F,2,6.0
0,21.6,Unused,F,2,6.0
0,349.0,Unused,F,2,6.0
0,238.0,Unused,F,2,12.99
1,20.25,Used,F,2,12.91
0,363.9,Used,F,2,6.5
0,151.88,Used,F,2,6.5
0,455.64,Used,F,2,56.32
0,100.91,Unused,F,2,6.5
0,16.3,Unused,F,2,6.0
0,161.04,Unused,F,2,12.99
0,121.3,Unused,F,2,6.5
1,484.89,Used,F,34,6.0
0,198.0,Used,F,34,6.5
0,149.5,Used,F,34,6.0
0,149.0,Used,F,34,6.5
0,549.0,Unused,F,34,6.0
0,21.99,Unused,F,34,6.0
0,499.96,Unused,F,34,6.0
0,119.0,Unused,F,34,6.5
0,349.0,Unused,F,34,19.99
0,79.0,Unused,F,34,6.5
0,63.8,Unused,F,34,6.5
0,9.49,Unused,F,34,6.0
1,1.99,Unused,F,41,6.5
0,79.75,Used,F,41,98.74
0,15.19,Used,F,41,6.5
0,158.0,Used,F,41,6.5
0,15.99,Unused,F,41,6.5
0,95.4,Unused,F,41,98.74
0,119.0,Unused,F,41,6.5
0,119.0,Unused,F,41,6.5
0,238.0,Unused,F,41,6.5
0,15.19,Unused,F,41,6.5
0,13.59,Unused,F,41,6.5
0,298.0,Unused,F,41,6.5
0,149.0,Unused,F,41,6.5
0,79.75,Unused,F,41,98.74
1,13.29,Used,F,15,6.0
0,115.09,Used,F,15,6.0
0,15.19,Used,F,15,12.99
0,349.0,Used,F,15,6.0
0,10.63,Unused,F,15,12.99
0,13.6,Unused,F,15,6.0
1,94.8,Used,M,40,12.48
0,11.2,Used,M,40,6.5
0,24.6,Used,M,40,12.48
0,9.98,Used,M,40,6.0
0,2.39,Used,M,40,6.0
0,13.59,Used,M,40,19.99
0,41.99,Used,M,40,6.0
0,745.0,Used,M,40,6.0
0,43.17,Unused,M,40,12.48
0,19.61,Unused,M,40,6.5
0,262.58,Unused,M,40,6.0
0,13.99,Unused,M,40,6.0
0,24.4,Unused,M,40,6.0
0,199.0,Unused,M,40,6.0
0,318.0,Unused,M,40,6.0
0,275.2,Unused,M,40,12.48
0,31.35,Unused,M,40,6.0
0,13.59,Unused,M,40,19.99
0,5.1,Unused,M,40,6.0
0,9.98,Unused,M,40,6.0
0,24.76,Unused,M,40,6.5
0,8.4,Unused,M,40,6.0
0,12.31,Unused,M,40,6.0
0,4.0,Unused,M,40,6.0
0,9.56,Unused,M,40,12.48
1,33.59,Used,F,19,6.0
0,23.99,Used,F,19,6.0
0,47.99,Used,F,19,6.0
0,16.99,Used,F,19,12.99
0,119.0,Used,F,19,12.99
0,67.18,Unused,F,19,6.0
0,99.99,Unused,F,19,6.0
0,14.97,Unused,F,19,6.0
0,23.98,Unused,F,19,12.99
0,119.0,Unused,F,19,6.0
0,119.0,Unused,F,19,6.0
0,16.99,Unused,F,19,6.0
0,158.0,Unused,F,19,6.0
0,149.0,Unused,F,19,6.0
0,119.0,Unused,F,19,6.0
0,33.59,Used,F,19,6.0
0,32.93,Used,F,19,6.0
0,52.94,Used,F,19,19.99
0,12.99,Used,F,19,6.0
0,4.99,Used,F,19,6.0
0,119.0,Used,F,19,6.0
0,13.99,Used,F,19,6.0
0,33.59,Unused,F,19,6.0
0,399.11,Unused,F,19,19.99
0,1.99,Unused,F,19,6.0
0,27.92,Unused,F,19,6.0
0,149.0,Unused,F,19,8.7
0,16.99,Unused,F,19,12.99
0,35.98,Unused,F,19,6.0
0,13.99,Unused,F,19,6.0
0,33.59,Unused,F,19,6.0
0,74.85,Unused,F,19,19.99
0,14.0,Unused,F,19,6.0
0,8.97,Unused,F,19,6.0
0,958.0,Unused,F,19,100.36
0,238.0,Unused,F,19,6.0
1,151.39,Used,F,19,6.0
0,6.38,Used,F,19,6.0
0,119.85,Used,F,19,58.49
0,10.63,Used,F,19,6.0
0,38.62,Used,F,19,6.0
0,119.0,Used,F,19,6.0
0,149.0,Used,F,19,6.0
0,51.85,Unused,F,19,58.49
0,4.78,Unused,F,19,6.0
0,263.7,Unused,F,19,36.06
0,144.25,Unused,F,19,6.0
0,95.4,Unused,F,19,20.85
0,55.97,Unused,F,19,6.0
0,12.31,Unused,F,19,14.41
0,47.9,Unused,F,19,12.48
0,15.99,Unused,F,19,6.0
0,149.0,Unused,F,19,6.0
0,149.0,Unused,F,19,6.0
0,11.19,Unused,F,19,6.0
0,158.0,Unused,F,19,6.0
0,10.63,Unused,F,19,6.0
1,33.59,Used,F,32,6.0
0,32.45,Used,F,32,6.0
0,119.0,Used,F,32,6.0
0,119.0,Used,F,32,6.0
0,514.0,Used,F,32,6.0
0,11.89,Used,F,32,19.99
0,149.0,Used,F,32,6.0
0,237.0,Used,F,32,6.0
0,50.97,Used,F,32,6.0
0,80.63,Unused,F,32,19.99
0,7.98,Unused,F,32,6.0
0,10.63,Unused,F,32,6.0
0,119.0,Unused,F,32,6.0
0,119.0,Unused,F,32,6.0
0,10.63,Unused,F,32,6.0
0,67.19,Unused,F,32,6.0
0,149.0,Unused,F,32,6.0
0,159.63,Unused,F,32,6.0
0,13.59,Unused,F,32,6.0
0,33.98,Unused,F,32,6.0
0,149.0,Unused,F,32,6.0
0,149.0,Unused,F,32,6.0
0,13.59,Unused,F,32,6.0
0,19.99,Unused,F,32,19.99
0,23.5,Unused,F,32,6.0
0,12.98,Used,F,32,20.0
0,12.79,Used,F,32,6.0
0,53.15,Used,F,32,12.99
0,41.99,Used,F,32,6.5
0,33.59,Unused,F,32,6.0
0,24.78,Unused,F,32,6.0
0,2182.18,Unused,F,32,25.44
0,384.19,Unused,F,32,6.0
0,82.89,Unused,F,32,12.99
0,208.0,Unused,F,32,8.7
0,13.59,Unused,F,32,12.99
0,53.16,Unused,F,32,6.0
0,588.93,Unused,F,32,25.44
0,10.63,Unused,F,32,6.0
0,13.59,Unused,F,32,12.99
0,199.0,Unused,F,32,8.7
1,23.24,Used,F,28,6.0
0,1048.5,Used,F,28,12.99
0,119.0,Used,F,28,6.0
0,27.98,Used,F,28,6.0
0,32.78,Used,F,28,6.0
0,16.99,Used,F,28,6.0
0,13.49,Unused,F,28,6.0
0,21.98,Unused,F,28,6.0
0,43.16,Unused,F,28,6.0
0,7.98,Unused,F,28,6.0
0,387.0,Unused,F,28,6.0
0,298.0,Unused,F,28,12.99
0,27.19,Unused,F,28,6.0
0,119.0,Unused,F,28,6.0
0,18.99,Unused,F,28,6.0
0,4.8,Used,F,28,12.99
0,15.96,Used,F,28,6.0
0,26.86,Used,F,28,6.0
0,238.0,Used,F,28,6.0
0,149.0,Used,F,28,6.0
0,158.0,Used,F,28,6.0
0,13.99,Used,F,28,6.0
0,16.99,Used,F,28,6.0
0,17.59,Used,F,28,6.0
0,44.77,Unused,F,28,12.99
0,12.99,Unused,F,28,6.0
0,79.99,Unused,F,28,6.0
0,1.99,Unused,F,28,6.0
0,24.62,Unused,F,28,6.0
0,55.94,Unused,F,28,6.0
0,119.0,Unused,F,28,6.0
0,387.0,Unused,F,28,6.0
0,238.0,Unused,F,28,6.0
0,307.0,Unused,F,28,6.0
0,395.0,Unused,F,28,6.0
0,27.98,Unused,F,28,6.0
0,52.49,Unused,F,28,6.0
0,149.0,Unused,F,28,6.0
0,149.0,Unused,F,28,6.0
0,110.37,Unused,F,28,6.0
0,5.6,Unused,F,28,12.99
0,15.99,Unused,F,28,6.0
0,237.0,Unused,F,28,6.0
0,24.49,Unused,F,28,6.0
1,11.19,Used,F,37,6.5
0,16.23,Used,F,37,6.5
0,149.0,Used,F,37,6.5
0,11.95,Unused,F,37,6.5
0,42.62,Unused,F,37,6.5
0,238.0,Unused,F,37,6.5
0,15.99,Unused,F,37,6.5
0,2.39,Unused,F,37,6.5
1,263.74,Used,F,37,6.0
0,119.0,Used,F,37,6.0
0,52.97,Used,F,37,6.0
0,298.0,Used,F,37,19.99
0,184.49,Unused,F,37,6.0
0,15.19,Unused,F,37,6.0
0,33.99,Unused,F,37,6.0
0,10.63,Unused,F,37,6.0
0,714.0,Unused,F,37,6.0
0,357.0,Unused,F,37,6.0
0,119.0,Unused,F,37,6.0
0,476.0,Unused,F,37,12.99
0,514.0,Unused,F,37,6.0
0,15.99,Unused,F,37,6.0
0,298.0,Unused,F,37,6.0
0,15.19,Unused,F,37,6.0
0,35.98,Unused,F,37,6.0
0,79.0,Unused,F,37,6.0
0,29.99,Unused,F,37,6.0
0,149.0,Unused,F,37,6.0
0,149.0,Unused,F,37,6.0
0,55.0,Unused,F,37,6.0
0,80.15,Unused,F,37,6.0
0,465.0,Unused,F,37,6.0
0,10.63,Unused,F,37,6.0
0,51.99,Used,F,37,6.0
0,119.0,Used,F,37,6.0
0,496.0,Used,F,37,6.0
0,10.63,Used,F,37,6.0
0,10.63,Used,F,37,6.0
0,149.0,Used,F,37,6.0
0,35.95,Unused,F,37,6.0
0,33.58,Unused,F,37,6.0
0,119.0,Unused,F,37,6.0
0,27.98,Unused,F,37,6.0
0,2.0,Unused,F,37,6.0
0,39.95,Unused,F,37,6.0
0,357.0,Unused,F,37,6.0
1,5.6,Used,F,37,6.0
0,17.7,Used,F,37,6.0
0,24.99,Used,F,37,6.0
0,2.8,Unused,F,37,6.0
0,21.85,Unused,F,37,6.0
0,29.93,Unused,F,37,6.0
0,17.4,Unused,F,37,6.0
0,149.0,Unused,F,37,6.0
0,79.0,Unused,F,37,6.0
0,2.8,Unused,F,37,6.0
0,19.19,Unused,F,37,6.0
1,115.04,Used,F,37,24.49
0,279.0,Used,F,37,6.5
0,238.0,Used,F,37,6.5
0,238.0,Used,F,37,6.5
0,298.0,Used,F,37,6.5
0,692.0,Unused,F,37,6.5
0,14.8,Unused,F,37,6.5
0,119.0,Unused,F,37,6.5
0,238.0,Unused,F,37,6.5
0,119.0,Unused,F,37,6.5
0,395.0,Unused,F,37,6.5
0,99.0,Unused,F,37,6.5
0,21.99,Unused,F,37,6.0
0,7.17,Unused,F,37,24.49
0,149.0,Unused,F,37,6.5
0,79.0,Unused,F,37,6.5
0,13.95,Used,F,37,6.0
0,35.18,Used,F,37,6.5
0,149.0,Unused,F,37,6.5
1,10.99,Used,F,14,12.99
0,9.6,Used,F,14,6.0
0,153.6,Used,F,14,19.68
0,39.98,Used,F,14,6.0
0,18.99,Used,F,14,6.0
0,37.49,Used,F,14,6.0
0,400.62,Unused,F,14,19.68
0,12.99,Unused,F,14,6.0
0,35.98,Unused,F,14,12.99
0,56.79,Unused,F,14,6.0
0,26.58,Unused,F,14,12.99
0,16.99,Unused,F,14,6.0
1,35.18,Used,F,14,6.5
0,86.22,Used,F,14,22.29
0,11.97,Unused,F,14,6.5
0,237.0,Unused,F,14,6.5
0,17.59,Unused,F,14,6.5
1,245.54,Used,F,33,6.5
0,153.71,Used,F,33,6.5
0,491.08,Unused,F,33,6.5
1,11.34,Used,F,39,6.5
0,122.77,Used,F,39,6.5
0,122.77,Used,F,39,6.5
0,103.1,Used,F,39,50.74
0,153.71,Used,F,39,6.5
0,22.68,Unused,F,39,6.5
0,82.5,Unused,F,39,50.74
0,17.53,Unused,F,39,6.5
0,90.75,Unused,F,39,50.74
1,3.6,Used,F,14,6.5
1,222.36,Used,F,14,6.0
0,2.39,Used,F,14,18.36
0,117.66,Used,F,14,73.71
0,119.0,Used,F,14,6.0
0,149.0,Used,F,14,6.0
0,27.49,Unused,F,14,6.0
0,222.57,Unused,F,14,73.71
0,24.64,Unused,F,14,12.99
0,17.98,Unused,F,14,18.36
0,56.97,Unused,F,14,6.0
0,119.0,Unused,F,14,6.0
0,119.0,Unused,F,14,6.0
0,158.0,Unused,F,14,6.0
0,149.0,Unused,F,14,6.0
0,4.77,Unused,F,14,73.71
0,2.39,Unused,F,14,18.36
0,1.2,Unused,F,14,6.0
0,238.0,Unused,F,14,6.0
1,109.52,Used,M,17,41.3
0,149.0,Used,M,17,6.5
0,124.59,Unused,M,17,41.3
0,10.99,Unused,M,17,6.5
0,71.85,Unused,M,17,99.55
0,32.78,Unused,M,17,6.5
0,19.19,Unused,M,17,41.3
0,299.85,Unused,M,17,99.55
0,7.99,Unused,M,17,6.5
1,133.97,Used,F,49,6.5
0,124.95,Unused,F,49,6.5
0,10.99,Used,F,49,6.5
0,8.79,Used,F,49,6.5
0,7.19,Used,F,49,6.5
0,127.87,Used,F,49,35.96
0,142.89,Used,F,49,6.5
0,75.96,Used,F,49,6.5
0,89.9,Used,F,49,6.5
0,13.59,Used,F,49,6.5
0,199.0,Used,F,49,8.7
0,23.94,Unused,F,49,35.96
0,45.98,Unused,F,49,6.5
0,17.59,Unused,F,49,6.5
0,71.7,Unused,F,49,6.5
0,43.93,Unused,F,49,6.5
0,23.99,Unused,F,49,6.5
0,119.0,Unused,F,49,6.5
0,119.0,Unused,F,49,6.5
0,316.0,Unused,F,49,6.5
0,395.0,Unused,F,49,6.5
0,13.59,Unused,F,49,18.65
0,16.99,Unused,F,49,6.5
0,149.0,Unused,F,49,6.5
0,70.32,Unused,F,49,6.5
0,95.9,Unused,F,49,35.96
0,19.99,Unused,F,49,6.5
0,19.99,Unused,F,49,6.5
0,13.59,Unused,F,49,6.5
0,33.98,Unused,F,49,6.5
0,298.0,Unused,F,49,6.5
1,7.02,Used,F,49,6.0
0,266.11,Used,F,49,12.99
0,11.97,Used,F,49,6.0
0,1776.0,Used,F,49,521.36
0,31.35,Used,F,49,6.0
0,9.6,Used,F,49,6.0
0,238.0,Used,F,49,12.99
0,30.0,Used,F,49,6.0
0,15.19,Used,F,49,6.0
0,8.79,Unused,F,49,6.0
0,28.39,Unused,F,49,6.0
0,47.26,Unused,F,49,6.0
0,79.99,Unused,F,49,6.0
0,125.18,Unused,F,49,6.0
0,24.62,Unused,F,49,6.0
0,13.82,Unused,F,49,6.0
0,4.99,Unused,F,49,6.0
0,45.58,Unused,F,49,6.0
0,4.56,Unused,F,49,6.0
0,50.79,Unused,F,49,6.0
0,44.0,Unused,F,49,6.0
0,298.0,Unused,F,49,6.0
0,316.0,Unused,F,49,6.0
0,149.0,Unused,F,49,6.0
0,26.37,Unused,F,49,6.0
0,2.79,Unused,F,49,6.0
0,224.25,Unused,F,49,12.99
0,18.99,Unused,F,49,6.0
0,238.0,Unused,F,49,6.0
0,12.24,Unused,F,49,6.0
0,4.08,Unused,F,49,6.0
1,535.0,Used,F,49,6.5
0,298.0,Used,F,49,6.5
0,22.0,Used,F,49,6.5
0,4.8,Unused,F,49,6.5
0,119.0,Unused,F,49,6.5
0,298.0,Unused,F,49,6.5
1,55.18,Used,F,37,6.5
0,298.0,Used,F,37,6.5
0,50.95,Unused,F,37,18.36
0,119.0,Unused,F,37,6.5
0,149.0,Unused,F,37,6.5
0,3.98,Unused,F,37,18.36
0,298.0,Unused,F,37,6.5
0,119.0,Used,F,37,26.43
0,15.19,Unused,F,37,6.5
1,3.18,Used,F,37,6.0
0,10.99,Used,F,37,12.99
0,31.35,Used,F,37,6.0
0,317.12,Used,F,37,39.98
0,237.0,Used,F,37,6.0
0,16.79,Used,F,37,6.0
0,11.97,Unused,F,37,6.0
0,10.4,Unused,F,37,6.0
0,10.99,Unused,F,37,6.0
0,16.49,Unused,F,37,6.0
0,167.56,Unused,F,37,39.98
0,42.0,Unused,F,37,6.0
0,24.99,Unused,F,37,6.0
0,238.0,Unused,F,37,19.99
0,238.0,Unused,F,37,12.99
0,119.0,Unused,F,37,6.0
0,16.99,Unused,F,37,6.0
0,298.0,Unused,F,37,6.0
0,237.0,Unused,F,37,6.0
0,23.76,Unused,F,37,6.0
0,23.76,Unused,F,37,6.0
0,149.0,Unused,F,37,6.0
0,13.11,Unused,F,37,6.0
0,9.56,Unused,F,37,39.98
0,8.4,Unused,F,37,19.99
0,4.8,Unused,F,37,6.0
0,119.0,Unused,F,37,6.0
0,119.0,Unused,F,37,12.99
1,4.78,Used,M,43,6.5
0,13.29,Used,M,43,6.0
0,1.59,Unused,M,43,6.5
0,356.0,Unused,M,43,6.0
0,149.0,Unused,M,43,12.99
0,357.0,Unused,M,43,12.99
0,16.99,Unused,M,43,6.0
0,35.0,Used,M,43,6.0
0,10.39,Used,M,43,6.0
0,47.8,Used,M,43,24.37
0,12.31,Used,M,43,6.5
0,33.59,Unused,M,43,6.0
0,17.5,Unused,M,43,6.0
0,191.85,Unused,M,43,24.37
0,12.31,Unused,M,43,6.5
0,149.0,Unused,M,43,6.0
0,17.5,Unused,M,43,6.0
0,16.99,Unused,M,43,6.0
0,7.17,Used,M,43,19.99
0,4.78,Unused,M,43,19.99
1,220.19,Used,M,43,12.99
0,17.93,Used,M,43,12.99
0,98.44,Used,M,43,12.99
0,202.84,Used,M,43,12.99
0,100.91,Used,M,43,6.5
0,100.91,Used,M,43,6.5
0,302.73,Used,M,43,6.5
0,121.3,Used,M,43,12.99
0,121.3,Used,M,43,6.5
0,35.86,Unused,M,43,12.99
0,251.77,Unused,M,43,6.5
0,27.51,Unused,M,43,6.0
0,252.79,Unused,M,43,6.5
0,100.91,Unused,M,43,6.5
0,16.3,Unused,M,43,6.5
0,121.3,Unused,M,43,12.99
0,242.6,Unused,M,43,6.5
0,121.3,Unused,M,43,6.5
0,485.2,Unused,M,43,6.5
0,355.74,Unused,M,43,12.99
0,151.88,Unused,M,43,6.5
0,545.32,Unused,M,43,6.5
0,19.56,Unused,M,43,6.5
0,22.41,Unused,M,43,6.0
0,121.3,Unused,M,43,6.5
1,357.0,Used,F,45,6.5
0,104.0,Used,F,45,8.7
0,31.93,Unused,F,45,6.5
0,59.58,Unused,F,45,6.5
0,17.59,Unused,F,45,6.5
0,7.99,Unused,F,45,6.5
0,1.99,Unused,F,45,6.5
0,119.0,Unused,F,45,6.5
0,119.0,Unused,F,45,6.5
0,119.0,Unused,F,45,6.5
0,119.0,Unused,F,45,6.5
0,79.0,Unused,F,45,6.5
0,79.0,Unused,F,45,6.5
0,10.99,Used,F,45,6.5
0,8.79,Used,F,45,6.5
0,2.39,Used,F,45,6.5
0,51.17,Used,F,45,6.5
0,52.07,Used,F,45,6.5
0,49.58,Unused,F,45,6.5
0,39.18,Unused,F,45,6.5
0,15.82,Unused,F,45,6.5
0,15.39,Unused,F,45,6.5
0,99.98,Unused,F,45,16.85
0,33.58,Unused,F,45,6.5
0,398.0,Unused,F,45,8.7
0,85.98,Unused,F,45,16.85
0,3.99,Unused,F,45,6.5
0,149.0,Unused,F,45,8.7
0,13.59,Unused,F,45,6.5
0,13.59,Unused,F,45,6.5
1,2.99,Used,F,45,50.0
1,130.47,Used,F,38,6.5
0,52.99,Used,F,38,6.0
0,9.15,Used,F,38,6.0
0,121.3,Used,F,38,6.5
0,121.3,Used,F,38,6.5
0,355.74,Used,F,38,6.5
0,355.74,Used,F,38,6.5
0,161.04,Used,F,38,6.5
0,151.88,Used,F,38,6.5
0,151.88,Used,F,38,6.5
0,396.52,Unused,F,38,6.5
0,12.75,Unused,F,38,6.0
0,100.91,Unused,F,38,6.5
0,100.91,Unused,F,38,6.5
0,100.91,Unused,F,38,6.5
0,100.91,Unused,F,38,6.5
0,100.91,Unused,F,38,6.5
0,100.91,Unused,F,38,6.5
0,101.89,Unused,F,38,6.0
0,42.39,Unused,F,38,6.5
0,35.34,Unused,F,38,6.0
0,121.3,Unused,F,38,6.5
0,597.3,Unused,F,38,6.5
0,151.88,Unused,F,38,6.5
0,151.88,Unused,F,38,6.5
0,151.88,Unused,F,38,6.5
0,402.6,Unused,F,38,6.5
0,80.52,Unused,F,38,6.5
0,151.88,Unused,F,38,6.5
0,149.85,Unused,F,38,6.5
0,4.33,Unused,F,38,6.0
0,80.52,Unused,F,38,6.5
0,151.88,Unused,F,38,6.5
1,355.74,Used,F,28,6.5
0,151.88,Used,F,28,6.5
0,151.88,Used,F,28,6.5
0,202.84,Unused,F,28,6.5
0,100.91,Unused,F,28,6.5
0,121.3,Unused,F,28,6.5
0,355.74,Unused,F,28,6.5
0,402.6,Unused,F,28,6.5
0,80.52,Unused,F,28,6.5
0,151.88,Unused,F,28,6.5
0,151.88,Unused,F,28,6.5
0,17.93,Used,F,28,6.5
0,65.2,Used,F,28,6.0
0,121.3,Used,F,28,6.5
0,121.3,Used,F,28,6.5
0,303.76,Used,F,28,19.99
0,151.88,Used,F,28,6.5
0,161.04,Used,F,28,6.5
0,17.93,Unused,F,28,6.5
0,15.78,Unused,F,28,6.0
0,273.18,Unused,F,28,6.5
0,121.3,Unused,F,28,6.5
0,4.33,Unused,F,28,6.0
0,303.76,Unused,F,28,6.5
1,9.8,Used,M,42,6.5
0,4.53,Used,M,42,6.5
0,206.2,Used,M,42,50.74
0,153.71,Used,M,42,6.5
0,267.11,Unused,M,42,6.5
0,6.18,Unused,M,42,6.5
0,36.31,Unused,M,42,6.5
0,122.77,Unused,M,42,6.5
0,326.0,Unused,M,42,6.5
0,153.71,Unused,M,42,6.5
0,15.67,Unused,M,42,6.5
0,153.71,Unused,M,42,6.5
1,101.99,Used,M,42,6.0
0,8.0,Unused,M,42,6.0
1,357.0,Used,F,33,6.5
0,119.0,Used,F,33,6.5
0,238.0,Used,F,33,6.5
0,237.0,Used,F,33,6.5
0,3.5,Unused,F,33,6.5
0,38.38,Unused,F,33,12.76
0,11.96,Unused,F,33,6.5
0,44.79,Unused,F,33,6.5
0,56.97,Unused,F,33,6.5
0,119.0,Unused,F,33,6.5
0,119.0,Unused,F,33,6.5
0,357.0,Unused,F,33,6.5
0,119.0,Unused,F,33,6.5
1,23.09,Used,F,33,6.0
0,119.0,Used,F,33,6.0
0,61.59,Used,F,33,39.27
0,149.0,Used,F,33,6.0
0,298.0,Used,F,33,12.99
0,149.0,Used,F,33,6.0
0,447.0,Used,F,33,12.99
0,149.0,Used,F,33,6.0
0,45.17,Unused,F,33,6.0
0,29.57,Unused,F,33,6.0
0,51.96,Unused,F,33,6.0
0,470.0,Unused,F,33,16.1
0,238.0,Unused,F,33,6.0
0,119.0,Unused,F,33,6.0
0,119.0,Unused,F,33,6.0
0,57.97,Unused,F,33,6.0
0,316.0,Unused,F,33,6.0
0,149.0,Unused,F,33,6.0
0,298.0,Unused,F,33,6.0
0,238.0,Unused,F,33,6.0
0,119.0,Unused,F,33,6.0
0,76.99,Unused,F,33,6.0
0,16.99,Unused,F,33,6.0
1,10.99,Used,F,33,6.0
0,120.25,Used,F,33,6.0
0,119.0,Used,F,33,6.0
0,119.0,Used,F,33,12.99
0,149.0,Used,F,33,6.0
0,101.07,Unused,F,33,6.0
0,39.97,Unused,F,33,19.99
0,240.79,Unused,F,33,12.99
0,25.35,Unused,F,33,6.0
0,119.0,Unused,F,33,12.99
0,238.0,Unused,F,33,6.0
0,238.0,Unused,F,33,12.99
0,26.58,Unused,F,33,6.0
0,158.0,Unused,F,33,12.99
0,71.33,Unused,F,33,6.0
0,39.19,Unused,F,33,19.99
0,119.0,Unused,F,33,12.99
0,238.0,Unused,F,33,6.0
0,39.59,Unused,F,33,6.0
1,121.3,Used,F,33,6.5
0,303.76,Used,F,33,6.5
0,10.19,Unused,F,33,0.0
0,151.88,Unused,F,33,6.5
0,606.5,Unused,F,33,6.5
0,8.66,Unused,F,33,6.0
0,151.88,Unused,F,33,6.5
0,35.86,Used,F,33,6.5
0,558.58,Used,F,33,6.5
0,2.44,Used,F,33,6.5
0,5.09,Used,F,33,6.0
0,121.3,Used,F,33,6.5
0,355.74,Used,F,33,6.5
0,151.88,Used,F,33,6.5
0,17.93,Unused,F,33,6.5
0,149.97,Unused,F,33,6.5
0,202.84,Unused,F,33,6.5
0,22.41,Unused,F,33,6.0
0,100.91,Unused,F,33,6.5
0,100.91,Unused,F,33,6.5
0,84.78,Unused,F,33,6.5
0,151.88,Unused,F,33,6.5
0,322.08,Unused,F,33,6.5
0,6.62,Unused,F,33,6.0
0,151.88,Unused,F,33,6.5
0,151.88,Used,F,33,6.5
0,38.15,Unused,F,33,50.0
0,52.99,Unused,F,33,6.0
0,121.3,Unused,F,33,6.5
0,151.88,Unused,F,33,6.5
1,995.0,Used,M,16,6.0
0,99.0,Unused,M,16,6.0
0,119.0,Unused,M,16,6.0
0,199.0,Unused,M,16,6.0
0,159.6,Used,M,16,213.31
0,25.94,Used,M,16,6.0
0,79.99,Used,M,16,6.5
0,8.0,Used,M,16,6.0
0,198.0,Used,M,16,6.0
0,47.84,Used,M,16,6.0
0,2.99,Used,M,16,6.0
0,199.0,Used,M,16,19.99
0,119.0,Used,M,16,6.0
0,238.0,Used,M,16,6.0
0,16.79,Used,M,16,6.0
0,149.0,Used,M,16,6.0
0,149.0,Used,M,16,6.0
0,298.0,Used,M,16,6.0
0,149.0,Used,M,16,6.0
0,18.31,Unused,M,16,6.0
0,479.4,Unused,M,16,20.91
0,51.87,Unused,M,16,6.0
0,89.88,Unused,M,16,6.0
0,199.0,Unused,M,16,6.0
0,398.0,Unused,M,16,6.0
0,95.95,Unused,M,16,12.48
0,1406.8,Unused,M,16,213.31
0,26.4,Unused,M,16,6.5
0,12.79,Unused,M,16,6.5
0,119.0,Unused,M,16,6.0
0,685.0,Unused,M,16,12.99
0,199.0,Unused,M,16,19.99
0,238.0,Unused,M,16,6.0
0,119.0,Unused,M,16,6.0
0,199.0,Unused,M,16,19.99
0,199.0,Unused,M,16,19.99
0,199.0,Unused,M,16,19.99
0,149.0,Unused,M,16,6.0
0,79.0,Unused,M,16,6.0
0,5.0,Unused,M,16,6.0
0,279.0,Unused,M,16,6.0
0,119.0,Unused,M,16,6.0
0,745.0,Unused,M,16,6.0
1,36.37,Used,M,34,6.0
0,11.89,Used,M,34,6.5
0,13.59,Used,M,34,6.5
0,158.0,Used,M,34,6.0
0,8.78,Unused,M,34,6.5
0,18.99,Unused,M,34,6.5
0,26.38,Unused,M,34,6.0
0,13.99,Unused,M,34,6.5
0,36.39,Unused,M,34,6.0
1,25.98,Used,M,34,6.0
0,2.99,Unused,M,34,6.0
0,1.99,Unused,M,34,6.0
1,8.24,Used,M,48,6.5
0,153.71,Used,M,48,6.5
0,4.1,Unused,M,48,6.5
0,122.77,Unused,M,48,6.5
0,368.31,Unused,M,48,6.5
0,153.71,Unused,M,48,6.5
0,3.29,Unused,M,48,6.5
0,16.5,Unused,M,48,6.5
0,163.0,Used,M,48,6.5
0,153.71,Used,M,48,6.5
0,153.71,Used,M,48,6.5
0,368.31,Unused,M,48,6.5
0,153.71,Unused,M,48,6.5
0,153.71,Unused,M,48,6.5
0,307.42,Unused,M,48,6.5
1,37.98,Used,M,48,12.99
0,56.97,Unused,M,48,12.99
1,2.8,Used,M,48,6.0
0,9.6,Used,M,48,6.0
0,357.0,Used,M,48,6.0
0,79.0,Used,M,48,6.0
0,21.19,Unused,M,48,6.0
0,119.0,Unused,M,48,6.0
0,119.0,Unused,M,48,6.0
0,13.29,Unused,M,48,6.0
0,149.0,Unused,M,48,6.0
0,149.0,Unused,M,48,6.0
0,745.0,Unused,M,48,6.0
0,357.0,Unused,M,48,6.0
0,79.0,Unused,M,48,6.0
0,237.0,Unused,M,48,6.0
1,99.0,Unused,M,48,6.0
1,238.0,Used,F,26,6.0
0,31.74,Unused,F,26,6.0
0,149.0,Unused,F,26,6.0
0,149.0,Unused,F,26,6.0
0,79.0,Unused,F,26,6.0
0,298.0,Unused,F,26,6.0
1,19.8,Used,F,28,11.1
0,362.85,Used,F,28,50.74
0,512.32,Used,F,28,6.5
0,14.82,Used,F,28,11.1
0,32.9,Used,F,28,6.5
0,461.13,Used,F,28,8.7
0,122.77,Used,F,28,6.5
0,77.36,Used,F,28,6.5
0,81.5,Used,F,28,6.5
0,153.71,Used,F,28,6.5
0,307.42,Used,F,28,6.5
0,247.89,Unused,F,28,6.5
0,115.62,Unused,F,28,50.74
0,19.8,Unused,F,28,11.1
0,79.21,Unused,F,28,6.5
0,613.85,Unused,F,28,6.5
0,122.77,Unused,F,28,6.5
0,122.77,Unused,F,28,6.5
0,81.5,Unused,F,28,6.5
0,107.29,Unused,F,28,8.7
0,19.59,Unused,F,28,6.5
0,77.36,Unused,F,28,6.5
0,153.71,Unused,F,28,6.5
0,153.71,Unused,F,28,6.5
0,153.71,Unused,F,28,6.5
0,153.71,Unused,F,28,6.5
0,153.71,Unused,F,28,6.5
0,307.42,Unused,F,28,6.5
0,153.71,Unused,F,28,6.5
0,11.34,Unused,F,28,6.5
0,46.35,Unused,F,28,6.5
0,20.62,Unused,F,28,6.5
1,19.03,Used,F,28,6.0
0,36.48,Used,F,28,6.0
0,4.56,Used,F,28,12.99
0,390.99,Used,F,28,6.0
0,349.0,Used,F,28,6.0
0,149.0,Used,F,28,6.0
0,48.0,Used,F,28,6.0
0,19.99,Used,F,28,6.0
0,4.77,Unused,F,28,6.0
0,318.0,Unused,F,28,6.0
0,559.56,Unused,F,28,82.48
0,179.39,Unused,F,28,6.0
0,16.75,Unused,F,28,12.99
0,149.0,Unused,F,28,6.0
0,237.0,Unused,F,28,6.0
0,59.99,Unused,F,28,6.0
0,3.99,Unused,F,28,12.99
0,3.99,Unused,F,28,6.0
0,10.63,Unused,F,28,6.0
1,103.53,Used,M,6,37.83
0,89.58,Used,M,6,6.0
0,89.58,Used,M,6,6.0
0,55.98,Used,M,6,12.48
0,4.98,Used,M,6,6.0
0,536.25,Used,M,6,19.99
0,13.29,Used,M,6,6.0
0,2.39,Used,M,6,6.0
0,13.59,Used,M,6,6.0
0,476.0,Used,M,6,6.0
0,119.0,Used,M,6,12.99
0,296.63,Used,M,6,19.68
0,18.99,Used,M,6,6.0
0,61.59,Used,M,6,6.0
0,11.19,Used,M,6,6.0
0,149.0,Used,M,6,6.0
0,442.85,Unused,M,6,19.68
0,347.78,Unused,M,6,19.99
0,342.79,Unused,M,6,6.0
0,27.19,Unused,M,6,12.48
0,3.99,Unused,M,6,6.0
0,83.85,Unused,M,6,28.82
0,70.62,Unused,M,6,6.0
0,2.99,Unused,M,6,6.0
0,11.19,Unused,M,6,6.5
0,15.99,Unused,M,6,6.0
0,15.99,Unused,M,6,6.0
0,158.0,Unused,M,6,6.0
0,19.99,Unused,M,6,6.0
0,11.19,Unused,M,6,6.0
0,13.59,Unused,M,6,6.0
0,298.0,Unused,M,6,6.0
0,139.93,Unused,M,6,37.83
0,71.52,Unused,M,6,19.99
0,13.43,Unused,M,6,6.0
0,76.78,Unused,M,6,12.48
0,65.09,Unused,M,6,6.0
0,119.0,Unused,M,6,6.0
0,79.0,Unused,M,6,6.0
1,33.59,Used,F,33,6.0
0,19.19,Used,F,33,6.5
0,76.68,Used,F,33,6.0
0,238.0,Used,F,33,6.0
0,23.99,Used,F,33,6.0
0,149.0,Used,F,33,6.0
0,596.0,Used,F,33,6.0
0,149.0,Used,F,33,6.0
0,33.6,Unused,F,33,6.0
0,119.0,Unused,F,33,6.0
0,625.0,Unused,F,33,6.0
0,100.74,Unused,F,33,6.0
0,4.08,Unused,F,33,6.0
0,72.48,Unused,F,33,6.0
0,149.0,Unused,F,33,6.0
0,60.0,Unused,F,33,6.0
0,316.0,Unused,F,33,6.0
0,149.0,Unused,F,33,6.0
0,33.0,Unused,F,33,6.0
0,33.0,Unused,F,33,6.0
0,11.2,Unused,F,33,6.0
0,15.99,Unused,F,33,6.5
0,13.59,Unused,F,33,6.0
0,33.0,Unused,F,33,6.0
0,33.0,Unused,F,33,6.0
1,39.19,Unused,F,20,6.0
1,19.99,Unused,F,20,6.0
1,24.22,Used,M,26,19.99
0,15.19,Unused,M,26,19.99
0,15.19,Unused,M,26,19.99
1,1.59,Unused,F,4,6.5
1,100.05,Unused,M,21,6.5
0,9.07,Used,M,21,6.5
0,248.14,Used,M,21,62.74
0,13.4,Used,M,21,6.5
0,46.21,Used,M,21,6.5
0,72.6,Used,M,21,18.47
0,77.3,Used,M,21,57.74
0,49.48,Used,M,21,24.47
0,20.62,Used,M,21,6.5
0,2.05,Used,M,21,6.5
0,15.67,Used,M,21,20.74
0,122.77,Used,M,21,6.5
0,122.77,Used,M,21,6.5
0,122.77,Used,M,21,6.5
0,245.54,Used,M,21,6.5
0,81.5,Used,M,21,6.5
0,15.67,Used,M,21,12.76
0,153.71,Used,M,21,6.5
0,153.71,Used,M,21,6.5
0,33.8,Unused,M,21,6.5
0,90.72,Unused,M,21,62.74
0,31.34,Unused,M,21,6.5
0,66.01,Unused,M,21,20.74
0,154.6,Unused,M,21,57.74
0,36.28,Unused,M,21,18.47
0,42.91,Unused,M,21,6.5
0,26.36,Unused,M,21,24.47
0,19.59,Unused,M,21,6.5
0,245.54,Unused,M,21,6.5
0,122.77,Unused,M,21,6.5
0,122.77,Unused,M,21,6.5
0,122.77,Unused,M,21,6.5
0,15.67,Unused,M,21,12.76
0,102.13,Unused,M,21,6.5
0,81.5,Unused,M,21,6.5
0,81.5,Unused,M,21,6.5
0,153.71,Unused,M,21,6.5
0,153.71,Unused,M,21,6.5
0,614.84,Unused,M,21,6.5
0,153.71,Unused,M,21,6.5
0,129.54,Unused,M,21,62.74
0,46.21,Unused,M,21,6.5
0,2.05,Unused,M,21,6.5
0,122.77,Unused,M,21,6.5
0,122.77,Unused,M,21,6.5
0,388.92,Unused,M,21,6.5
0,47.98,Used,M,21,6.5
0,35.98,Used,M,21,6.5
0,3.5,Unused,M,21,6.5
0,33.58,Unused,M,21,6.5
0,16.99,Unused,M,21,6.5
0,109.17,Used,M,21,35.3
0,10.0,Used,M,21,6.5
0,16.99,Used,M,21,6.5
0,298.0,Used,M,21,6.5
0,33.22,Unused,M,21,6.5
0,40.77,Unused,M,21,35.3
0,19.99,Unused,M,21,6.5
0,119.0,Unused,M,21,6.5
0,476.0,Unused,M,21,6.5
0,119.0,Unused,M,21,6.5
0,158.0,Unused,M,21,6.5
0,149.0,Unused,M,21,6.5
0,39.9,Unused,M,21,35.3
0,17.98,Unused,M,21,6.5
0,238.0,Unused,M,21,6.5
0,15.99,Unused,M,21,6.5
0,149.0,Unused,M,21,6.5
0,149.0,Unused,M,21,6.5
1,55.99,Used,M,21,6.5
0,58.91,Used,M,21,6.5
0,119.9,Used,M,21,45.72
0,156.72,Used,M,21,12.48
0,9.99,Used,M,21,6.5
0,15.98,Used,M,21,6.5
0,55.99,Used,M,21,6.5
0,119.0,Used,M,21,6.5
0,119.98,Used,M,21,6.5
0,67.19,Used,M,21,6.5
0,23.99,Used,M,21,6.5
0,149.0,Used,M,21,6.5
0,67.9,Unused,M,21,6.5
0,79.99,Unused,M,21,6.5
0,1.99,Unused,M,21,6.5
0,19.19,Unused,M,21,6.5
0,86.38,Unused,M,21,6.5
0,22.98,Unused,M,21,6.5
0,39.98,Unused,M,21,6.5
0,119.0,Unused,M,21,6.5
0,238.0,Unused,M,21,6.5
0,119.0,Unused,M,21,6.5
0,238.0,Unused,M,21,6.5
0,59.99,Unused,M,21,6.5
0,15.19,Unused,M,21,18.36
0,149.0,Unused,M,21,6.5
0,298.0,Unused,M,21,6.5
0,32.99,Unused,M,21,6.5
0,19.99,Unused,M,21,6.5
0,119.0,Unused,M,21,6.5
0,119.0,Unused,M,21,6.5
0,151.9,Unused,M,21,45.72
0,31.99,Unused,M,21,6.5
1,948.6,Used,M,21,52.17
0,1470.1,Used,M,21,75.54
0,79.99,Used,M,21,6.0
0,20.29,Used,M,21,6.0
0,10.63,Used,M,21,6.0
0,52.07,Used,M,21,6.5
0,79.0,Used,M,21,6.0
0,298.0,Used,M,21,19.99
0,8.79,Unused,M,21,6.0
0,570.1,Unused,M,21,75.54
0,1562.45,Unused,M,21,52.17
0,14.69,Unused,M,21,6.0
0,299.6,Unused,M,21,6.0
0,238.0,Unused,M,21,19.99
0,13.59,Unused,M,21,6.5
0,149.0,Unused,M,21,6.0
0,149.0,Unused,M,21,6.0
0,13.99,Unused,M,21,6.0
0,44.79,Unused,M,21,6.0
0,461.75,Unused,M,21,75.54
0,369.4,Unused,M,21,52.17
0,3.98,Unused,M,21,6.0
0,41.59,Unused,M,21,6.0
0,238.0,Unused,M,21,19.99
0,119.0,Unused,M,21,12.99
0,111.9,Unused,M,21,12.99
0,13.59,Unused,M,21,6.5
1,67.19,Used,M,21,6.0
0,22.38,Used,M,21,6.0
0,33.98,Used,M,21,19.99
0,4.78,Unused,M,21,6.0
0,23.5,Unused,M,21,6.0
0,221.64,Unused,M,21,19.99
0,1.59,Unused,M,21,6.0
0,134.99,Unused,M,21,12.99
0,119.0,Unused,M,21,6.0
0,149.0,Unused,M,21,6.0
0,316.0,Unused,M,21,6.0
0,25.54,Unused,M,21,6.0
0,101.94,Unused,M,21,19.99
0,149.0,Unused,M,21,6.0
0,3.5,Used,M,21,6.0
0,59.99,Used,M,21,6.0
0,14.95,Used,M,21,6.0
0,21.82,Used,M,21,6.0
0,39.99,Used,M,21,6.0
0,1.99,Used,M,21,6.0
0,30.39,Used,M,21,6.0
0,15.19,Used,M,21,6.5
0,25.82,Used,M,21,19.99
0,10.63,Used,M,21,6.0
0,119.0,Used,M,21,6.0
0,476.0,Used,M,21,6.0
0,61.59,Used,M,21,6.0
0,16.99,Used,M,21,6.0
0,83.98,Unused,M,21,6.0
0,10.5,Unused,M,21,6.0
0,27.98,Unused,M,21,6.0
0,8.39,Unused,M,21,6.0
0,49.99,Unused,M,21,6.0
0,182.84,Unused,M,21,13.75
0,58.79,Unused,M,21,6.0
0,48.44,Unused,M,21,19.99
0,119.0,Unused,M,21,6.0
0,105.48,Unused,M,21,6.0
0,27.19,Unused,M,21,6.5
0,107.73,Unused,M,21,6.0
0,41.59,Unused,M,21,6.0
0,30.38,Unused,M,21,19.99
0,18.99,Unused,M,21,20.0
0,149.0,Unused,M,21,6.0
0,395.0,Unused,M,21,6.0
0,18.99,Used,M,21,6.0
0,198.0,Used,M,21,6.0
0,122.48,Used,M,21,6.0
0,15.99,Used,M,21,6.0
0,79.0,Used,M,21,6.0
0,149.0,Used,M,21,6.0
0,149.0,Used,M,21,6.0
0,18.99,Unused,M,21,6.0
0,29.58,Unused,M,21,6.0
0,33.98,Unused,M,21,6.0
0,74.99,Unused,M,21,6.0
0,316.0,Unused,M,21,6.0
0,79.0,Unused,M,21,6.0
0,298.0,Unused,M,21,6.0
0,238.0,Unused,M,21,6.0
0,104.99,Used,M,21,6.0
0,13.29,Used,M,21,6.0
0,119.0,Used,M,21,6.0
0,10.99,Unused,M,21,6.0
0,317.96,Unused,M,21,6.0
0,13.29,Unused,M,21,6.0
0,119.0,Unused,M,21,6.0
0,149.0,Unused,M,21,6.0
0,298.0,Unused,M,21,6.0
0,149.0,Unused,M,21,6.0
0,298.0,Unused,M,21,6.0
0,238.0,Unused,M,21,6.0
0,67.96,Unused,M,21,6.0
0,20.95,Used,M,21,12.99
0,7.98,Used,M,21,6.0
0,122.93,Used,M,21,6.0
0,61.32,Used,M,21,12.99
0,39.19,Used,M,21,6.0
0,10.63,Used,M,21,6.0
0,119.0,Used,M,21,6.0
0,106.3,Used,M,21,14.42
0,11.19,Used,M,21,6.0
0,149.0,Used,M,21,6.0
0,75.64,Unused,M,21,6.0
0,77.49,Unused,M,21,12.99
0,1.59,Unused,M,21,6.0
0,79.99,Unused,M,21,6.0
0,19.59,Unused,M,21,6.0
0,144.94,Unused,M,21,12.99
0,13.9,Unused,M,21,6.0
0,53.6,Unused,M,21,12.91
0,263.7,Unused,M,21,14.42
0,53.27,Unused,M,21,6.0
0,18.96,Unused,M,21,6.0
0,68.4,Unused,M,21,47.45
0,149.0,Unused,M,21,8.7
0,268.0,Unused,M,21,6.0
0,119.0,Unused,M,21,6.0
0,44.0,Unused,M,21,6.0
0,238.0,Unused,M,21,6.0
0,119.0,Unused,M,21,6.0
0,83.99,Unused,M,21,6.0
0,5.7,Unused,M,21,6.0
0,10.63,Unused,M,21,6.0
0,13.59,Unused,M,21,6.0
0,149.0,Unused,M,21,6.0
0,7.2,Unused,M,21,6.0
0,22.32,Unused,M,21,12.91
0,155.48,Unused,M,21,12.99
0,159.6,Unused,M,21,47.45
0,4.8,Unused,M,21,6.0
0,119.0,Unused,M,21,6.0
0,238.0,Unused,M,21,6.0
0,106.3,Unused,M,21,14.42
0,16.99,Unused,M,21,6.0
0,149.0,Unused,M,21,12.99
0,14.0,Used,M,21,80.38
0,35.18,Used,M,21,6.0
0,13.59,Used,M,21,6.0
0,20.8,Used,M,21,6.0
0,119.0,Used,M,21,6.0
0,307.0,Used,M,21,6.0
0,316.0,Used,M,21,6.0
0,23.76,Used,M,21,6.0
0,149.0,Used,M,21,6.0
0,149.0,Used,M,21,6.0
0,29.8,Unused,M,21,80.38
0,33.59,Unused,M,21,6.0
0,4.56,Unused,M,21,6.0
0,12.16,Unused,M,21,6.0
0,119.0,Unused,M,21,6.0
0,119.0,Unused,M,21,6.0
0,119.0,Unused,M,21,6.0
0,119.0,Unused,M,21,6.0
0,15.99,Unused,M,21,6.0
0,149.0,Unused,M,21,19.99
0,79.0,Unused,M,21,6.0
0,149.0,Unused,M,21,6.0
0,28.0,Unused,M,21,80.38
0,199.0,Unused,M,21,6.0
0,149.0,Unused,M,21,6.0
0,61.11,Used,M,21,12.48
0,6.16,Used,M,21,6.0
0,79.99,Used,M,21,6.0
0,15.99,Used,M,21,6.0
0,19.99,Used,M,21,6.0
0,30.39,Used,M,21,6.0
0,4.08,Used,M,21,6.0
0,103.99,Unused,M,21,12.48
0,199.0,Unused,M,21,6.0
0,31.28,Unused,M,21,6.0
0,32.78,Unused,M,21,6.0
0,164.85,Unused,M,21,6.0
0,4.56,Unused,M,21,6.0
0,119.0,Unused,M,21,6.0
0,7.19,Unused,M,21,6.0
0,183.19,Unused,M,21,6.0
0,15.99,Unused,M,21,6.0
0,13.18,Used,M,21,6.0
0,51.08,Used,M,21,6.0
0,40.71,Used,M,21,6.0
0,75.98,Used,M,21,6.0
0,226.5,Used,M,21,6.0
0,31.92,Used,M,21,6.0
0,35.85,Unused,M,21,6.0
0,17.53,Unused,M,21,6.0
0,17.58,Unused,M,21,6.0
0,112.5,Unused,M,21,6.0
0,18.15,Unused,M,21,6.0
0,199.0,Unused,M,21,6.0
0,38.28,Unused,M,21,6.0
0,4.79,Unused,M,21,6.0
0,149.0,Unused,M,21,6.0
0,187.5,Used,M,21,6.0
0,279.0,Used,M,21,6.0
0,149.0,Used,M,21,6.0
0,55.99,Unused,M,21,6.0
0,199.0,Unused,M,21,6.0
0,304.5,Unused,M,21,6.0
0,4.56,Unused,M,21,6.0
0,349.0,Unused,M,21,6.0
0,12.31,Unused,M,21,6.0
0,1.99,Unused,M,21,6.0
0,8.0,Unused,M,21,6.0
0,119.0,Unused,M,21,6.0
0,298.0,Unused,M,21,6.0
0,19.73,Unused,M,21,6.0
0,67.88,Used,M,21,6.0
0,56.0,Used,M,21,6.0
0,2.0,Used,M,21,6.0
0,495.0,Used,M,21,19.02
0,3.5,Used,M,21,6.0
0,119.0,Used,M,21,6.0
0,199.0,Used,M,21,19.99
0,21.0,Unused,M,21,6.0
0,199.0,Unused,M,21,6.0
0,397.0,Unused,M,21,6.0
0,5.0,Unused,M,21,6.0
0,16.99,Unused,M,21,20.0
0,199.0,Unused,M,21,8.7
0,495.0,Unused,M,21,19.02
0,10.99,Used,M,21,6.0
0,119.6,Used,M,21,6.0
0,2.39,Used,M,21,6.0
0,349.0,Used,M,21,6.0
0,13.59,Used,M,21,6.0
0,18.75,Used,M,21,6.0
0,149.0,Used,M,21,6.0
0,312.05,Unused,M,21,6.0
0,478.0,Unused,M,21,6.0
0,6.38,Unused,M,21,6.0
0,43.5,Unused,M,21,6.0
0,4.75,Unused,M,21,6.0
0,557.0,Used,M,21,6.5
0,57.92,Used,M,21,6.5
0,628.0,Used,M,21,12.99
0,119.0,Used,M,21,6.5
0,744.0,Used,M,21,6.5
0,377.0,Used,M,21,6.5
0,199.0,Unused,M,21,6.5
0,149.0,Unused,M,21,8.7
0,99.0,Unused,M,21,6.5
0,21.53,Unused,M,21,6.5
0,2.39,Unused,M,21,12.99
0,149.0,Unused,M,21,6.5
0,79.0,Unused,M,21,6.5
0,3.99,Unused,M,21,12.99
0,349.0,Unused,M,21,6.5
0,20.39,Used,M,21,6.5
0,12.83,Used,M,21,6.5
0,8.96,Used,M,21,12.99
0,149.85,Used,M,21,6.5
0,489.0,Used,M,21,18.59
0,11.82,Used,M,21,6.5
0,355.74,Used,M,21,6.5
0,151.88,Used,M,21,12.99
0,202.84,Unused,M,21,6.5
0,505.58,Unused,M,21,6.5
0,53.79,Unused,M,21,6.5
0,17.93,Unused,M,21,6.5
0,100.91,Unused,M,21,6.5
0,48.92,Unused,M,21,6.5
0,610.89,Unused,M,21,18.59
0,7.32,Unused,M,21,6.5
0,6.94,Unused,M,21,6.5
0,151.88,Unused,M,21,6.5
0,80.52,Unused,M,21,12.99
0,17.92,Unused,M,21,6.5
0,19.56,Unused,M,21,6.5
0,121.3,Unused,M,21,6.5
0,121.3,Unused,M,21,12.99
0,242.6,Unused,M,21,6.5
0,35.46,Unused,M,21,6.5
1,377.46,Used,F,23,6.5
0,14.0,Used,F,23,6.5
0,18.34,Used,F,23,6.5
0,93.95,Used,F,23,6.5
0,30.98,Used,F,23,6.5
0,2.99,Used,F,23,6.5
0,238.0,Used,F,23,6.5
0,119.0,Used,F,23,6.5
0,149.0,Used,F,23,6.5
0,572.42,Unused,F,23,6.5
0,28.94,Unused,F,23,6.5
0,167.96,Unused,F,23,6.5
0,33.59,Unused,F,23,6.5
0,33.59,Unused,F,23,6.5
0,41.99,Unused,F,23,6.5
0,89.84,Unused,F,23,6.5
0,44.79,Unused,F,23,6.5
0,43.97,Unused,F,23,6.5
0,62.98,Unused,F,23,6.5
0,119.0,Unused,F,23,6.5
0,119.0,Unused,F,23,6.5
0,238.0,Unused,F,23,6.5
0,19.99,Unused,F,23,6.5
0,544.0,Unused,F,23,6.5
0,158.0,Unused,F,23,6.5
0,164.95,Unused,F,23,6.5
0,149.0,Unused,F,23,6.5
0,298.0,Unused,F,23,6.5
0,298.0,Unused,F,23,6.5
0,158.4,Unused,F,23,28.78
0,1.99,Unused,F,23,6.5
0,33.59,Unused,F,23,6.5
0,119.0,Unused,F,23,6.5
0,13.59,Unused,F,23,6.5
0,15.99,Unused,F,23,6.5
0,79.0,Unused,F,23,6.5
1,90.95,Used,F,23,6.5
0,22.99,Used,F,23,49.73
0,12.99,Used,F,23,6.5
0,3.99,Used,F,23,6.5
0,357.0,Used,F,23,6.5
0,238.0,Used,F,23,6.5
0,79.0,Used,F,23,6.5
0,79.0,Used,F,23,6.5
0,22.99,Unused,F,23,49.73
0,34.98,Unused,F,23,49.73
0,15.99,Unused,F,23,6.5
0,37.98,Unused,F,23,6.5
0,19.99,Unused,F,23,42.67
0,55.99,Unused,F,23,49.73
0,19.99,Unused,F,23,6.5
1,39.54,Used,F,23,6.5
0,2.04,Used,F,23,6.5
0,17.93,Used,F,23,6.5
0,17.93,Used,F,23,6.5
0,100.91,Used,F,23,6.5
0,100.91,Used,F,23,6.5
0,19.56,Used,F,23,6.5
0,19.56,Used,F,23,6.5
0,48.9,Used,F,23,6.0
0,3.47,Used,F,23,6.5
0,151.88,Used,F,23,6.5
0,402.6,Used,F,23,6.5
0,151.88,Used,F,23,6.5
0,151.88,Used,F,23,6.5
0,151.88,Used,F,23,6.5
0,39.33,Unused,F,23,6.5
0,66.85,Unused,F,23,6.5
0,23.84,Unused,F,23,6.5
0,26.88,Unused,F,23,6.5
0,202.84,Unused,F,23,6.5
0,100.91,Unused,F,23,6.5
0,100.91,Unused,F,23,6.5
0,100.91,Unused,F,23,6.5
0,48.9,Unused,F,23,6.0
0,3.25,Unused,F,23,6.5
0,15.29,Unused,F,23,6.5
0,2.44,Unused,F,23,6.5
0,121.3,Unused,F,23,12.99
0,121.3,Unused,F,23,6.5
0,363.9,Unused,F,23,6.5
0,121.3,Unused,F,23,6.5
0,3.47,Unused,F,23,6.5
0,355.74,Unused,F,23,6.5
0,151.88,Unused,F,23,6.5
0,151.88,Unused,F,23,6.5
0,303.76,Unused,F,23,6.5
0,455.64,Unused,F,23,6.5
0,80.52,Unused,F,23,6.5
0,151.88,Unused,F,23,6.5
0,151.88,Unused,F,23,6.5
0,151.88,Unused,F,23,6.5
0,35.86,Unused,F,23,6.5
0,1014.2,Unused,F,23,6.5
0,202.84,Unused,F,23,6.5
0,202.84,Unused,F,23,12.99
0,16.3,Unused,F,23,6.5
0,37.49,Unused,F,23,6.5
0,4.48,Unused,F,23,6.5
0,121.3,Unused,F,23,12.99
0,11.82,Unused,F,23,6.5
0,3.47,Unused,F,23,6.5
1,38.6,Used,F,10,73.71
0,199.0,Used,F,10,6.0
0,10.5,Used,F,10,6.0
0,9.51,Used,F,10,6.0
0,14.08,Used,F,10,6.0
0,47.6,Used,F,10,6.0
0,149.0,Used,F,10,6.0
0,32.29,Unused,F,10,6.0
0,225.01,Unused,F,10,73.71
0,19.99,Unused,F,10,6.0
0,4.8,Unused,F,10,6.0
0,19.98,Unused,F,10,6.0
0,39.1,Unused,F,10,73.71
0,158.0,Unused,F,10,6.0
0,13.59,Unused,F,10,6.0
1,8.99,Used,F,10,6.0
0,99.0,Used,F,10,6.0
0,79.0,Used,F,10,6.0
0,18.99,Unused,F,10,6.0
0,298.0,Unused,F,10,12.99
0,32.97,Used,F,10,6.0
0,199.0,Used,F,10,6.5
0,199.0,Used,F,10,6.5
0,199.0,Used,F,10,6.5
0,466.24,Used,F,10,23.62
0,8.6,Used,F,10,6.5
0,99.0,Used,F,10,6.5
0,4.79,Used,F,10,6.5
0,119.0,Used,F,10,6.5
0,149.0,Used,F,10,6.5
0,237.0,Used,F,10,6.5
0,149.0,Used,F,10,6.5
0,219.45,Unused,F,10,6.5
0,81.95,Unused,F,10,6.5
0,7.6,Unused,F,10,6.5
0,99.0,Unused,F,10,6.5
0,6.36,Unused,F,10,6.5
0,279.0,Unused,F,10,6.5
0,1186.0,Unused,F,10,6.5
0,357.0,Unused,F,10,6.5
0,238.0,Unused,F,10,12.99
0,119.0,Unused,F,10,6.5
0,149.0,Unused,F,10,6.5
0,298.0,Unused,F,10,6.5
0,79.0,Unused,F,10,6.5
0,79.0,Unused,F,10,6.5
0,149.0,Unused,F,10,6.5
0,149.0,Unused,F,10,6.5
0,149.0,Unused,F,10,6.5
0,149.0,Unused,F,10,6.5
0,99.0,Unused,F,10,6.5
0,349.0,Unused,F,10,6.5
1,15.19,Used,F,21,6.5
1,22.41,Used,F,21,6.0
0,24.86,Used,F,21,6.5
0,58.69,Used,F,21,19.99
0,19.54,Used,F,21,6.5
0,121.3,Used,F,21,6.5
0,151.88,Used,F,21,6.5
0,100.91,Unused,F,21,6.5
0,52.99,Unused,F,21,6.0
0,49.32,Unused,F,21,19.99
0,48.9,Unused,F,21,6.5
0,2.44,Unused,F,21,6.5
0,121.3,Unused,F,21,6.5
0,355.74,Unused,F,21,6.5
0,241.56,Unused,F,21,12.99
0,22.41,Unused,F,21,6.0
0,2.55,Unused,F,21,6.0
1,61.74,Used,M,46,6.5
0,205.3,Used,M,46,6.5
0,122.77,Used,M,46,6.5
0,14.43,Used,M,46,6.5
0,256.88,Used,M,46,6.5
0,102.76,Unused,M,46,6.5
0,19.58,Unused,M,46,6.5
0,276.48,Unused,M,46,6.5
0,153.71,Unused,M,46,28.78
0,307.42,Unused,M,46,6.5
0,153.71,Unused,M,46,6.5
0,307.42,Unused,M,46,6.5
1,47.96,Unused,M,46,6.0
1,27.05,Used,M,46,50.0
0,4.99,Used,M,46,6.0
0,5.97,Used,M,46,6.0
0,149.0,Used,M,46,6.0
0,149.0,Used,M,46,6.0
0,12.98,Unused,M,46,6.0
0,54.0,Unused,M,46,50.0
0,119.0,Unused,M,46,6.0
0,357.0,Unused,M,46,6.0
0,238.0,Unused,M,46,6.0
0,11.4,Unused,M,46,50.0
1,79.0,Unused,M,22,6.5
1,3.35,Unused,M,22,6.5
1,10.36,Used,F,9,12.76
0,55.99,Used,F,9,6.5
0,357.0,Used,F,9,6.5
0,395.0,Used,F,9,6.5
0,33.42,Unused,F,9,12.76
0,11.96,Unused,F,9,6.5
0,982.0,Unused,F,9,6.5
0,149.0,Unused,F,9,6.5
0,149.0,Unused,F,9,6.5
0,10.99,Unused,F,9,6.5
0,30.39,Unused,F,9,12.76
1,15.99,Unused,F,9,6.0
1,13.99,Used,F,9,6.0
0,13.59,Used,F,9,6.5
0,447.0,Used,F,9,6.0
0,149.0,Used,F,9,6.0
0,194.92,Unused,F,9,6.0
0,21.82,Unused,F,9,6.5
0,52.97,Unused,F,9,6.0
1,18.99,Used,F,22,6.0
0,12.99,Unused,F,22,6.0
0,55.99,Unused,F,22,19.99
0,15.19,Unused,F,22,6.5
0,1.99,Unused,F,22,6.0
1,52.77,Used,F,23,6.5
0,131.43,Used,F,23,6.5
0,55.99,Used,F,23,6.5
0,119.0,Used,F,23,6.5
0,149.0,Used,F,23,6.5
0,159.8,Unused,F,23,6.5
0,4.78,Unused,F,23,6.5
0,119.0,Unused,F,23,6.5
0,298.0,Unused,F,23,6.5
0,149.0,Unused,F,23,6.5
1,6.99,Used,F,23,6.0
0,49.13,Unused,F,23,12.48
0,119.0,Unused,F,23,6.0
0,7.95,Unused,F,23,12.48
0,55.99,Unused,F,23,6.0
0,149.0,Unused,F,23,6.0
1,149.0,Unused,F,31,6.0
0,38.34,Used,F,31,34.16
0,149.0,Used,F,31,6.0
0,164.66,Unused,F,31,34.16
0,119.0,Unused,F,31,6.0
0,228.0,Unused,F,31,6.0
0,158.0,Unused,F,31,6.0
0,13.59,Unused,F,31,12.48
0,119.0,Unused,F,31,6.0
0,11.75,Used,F,31,6.0
0,55.99,Unused,F,31,6.0
0,18.99,Unused,F,31,6.0
0,34.85,Unused,F,31,6.0
0,476.0,Unused,F,31,6.0
0,39.19,Unused,F,31,6.0
0,33.98,Unused,F,31,6.0
0,12.31,Unused,F,31,6.0
1,122.77,Used,F,26,6.5
0,412.44,Used,F,26,182.74
0,347.98,Unused,F,26,182.74
0,122.77,Unused,F,26,6.5
1,1.59,Used,F,26,6.0
0,119.0,Used,F,26,6.0
0,15.19,Unused,F,26,6.0
0,238.0,Unused,F,26,6.0
0,119.0,Unused,F,26,12.99
0,149.0,Unused,F,26,6.0
1,21.99,Used,F,26,6.0
0,24.98,Used,F,26,30.0
0,478.0,Used,F,26,6.5
0,548.0,Used,F,26,6.5
0,15.99,Used,F,26,6.5
0,99.0,Used,F,26,6.5
0,198.0,Used,F,26,6.5
0,41.59,Used,F,26,6.5
0,19.99,Used,F,26,6.0
0,238.0,Used,F,26,6.5
0,349.0,Used,F,26,19.99
0,15.19,Used,F,26,6.5
0,149.0,Used,F,26,6.5
0,149.0,Used,F,26,6.5
0,316.0,Used,F,26,12.99
0,149.0,Used,F,26,6.5
0,149.0,Used,F,26,6.5
0,57.47,Unused,F,26,6.0
0,35.18,Unused,F,26,6.5
0,2.5,Unused,F,26,6.0
0,99.0,Unused,F,26,12.99
0,57.58,Unused,F,26,6.5
0,4.79,Unused,F,26,6.5
0,119.99,Unused,F,26,6.5
0,31.98,Unused,F,26,6.5
0,15.99,Unused,F,26,30.0
0,357.0,Unused,F,26,6.5
0,238.0,Unused,F,26,6.5
0,149.0,Unused,F,26,6.5
0,149.0,Unused,F,26,6.5
0,149.0,Unused,F,26,6.5
0,298.0,Unused,F,26,6.5
0,228.0,Unused,F,26,6.5
0,149.0,Unused,F,26,6.5
0,149.0,Unused,F,26,6.5
0,298.0,Unused,F,26,6.5
0,12.99,Unused,F,26,6.0
0,99.0,Unused,F,26,6.5
0,198.0,Unused,F,26,6.5
0,41.59,Unused,F,26,6.5
0,5.99,Unused,F,26,6.0
0,349.0,Unused,F,26,6.5
0,298.0,Unused,F,26,6.5
0,395.0,Unused,F,26,6.5
1,33.59,Used,F,21,6.5
0,134.36,Used,F,21,6.5
0,33.59,Used,F,21,6.5
0,33.59,Unused,F,21,6.5
0,33.59,Unused,F,21,6.5
0,33.59,Unused,F,21,6.5
0,33.59,Unused,F,21,6.5
0,33.59,Unused,F,21,6.5
1,99.99,Used,F,21,6.0
0,119.0,Used,F,21,6.0
0,174.53,Unused,F,21,6.0
0,99.99,Unused,F,21,6.0
0,149.99,Unused,F,21,8.7
0,58.5,Unused,F,21,6.0
0,22.0,Unused,F,21,6.0
1,99.0,Used,F,12,6.0
0,99.0,Used,F,12,12.99
0,398.0,Used,F,12,6.0
0,119.0,Used,F,12,6.0
0,79.99,Unused,F,12,12.99
0,498.0,Unused,F,12,6.0
0,149.0,Unused,F,12,6.0
0,249.0,Unused,F,12,19.99
0,35.0,Unused,F,12,6.0
0,238.0,Unused,F,12,6.0
0,119.0,Unused,F,12,6.0
0,395.0,Unused,F,12,6.0
0,100.0,Used,F,12,0.0
0,100.0,Used,F,12,0.0
0,250.0,Used,F,12,0.0
0,250.0,Used,F,12,0.0
0,250.0,Used,F,12,0.0
0,250.0,Used,F,12,0.0
0,250.0,Used,F,12,0.0
0,238.0,Used,F,12,12.99
0,238.0,Used,F,12,6.0
0,199.0,Used,F,12,19.99
0,199.0,Used,F,12,19.99
0,119.0,Used,F,12,6.0
0,100.0,Unused,F,12,0.0
0,250.0,Unused,F,12,0.0
0,250.0,Unused,F,12,0.0
0,250.0,Unused,F,12,0.0
0,17.7,Unused,F,12,6.0
0,199.0,Unused,F,12,12.99
0,199.0,Unused,F,12,19.99
0,5.1,Unused,F,12,6.0
0,395.0,Unused,F,12,6.0
0,57.52,Unused,F,12,6.5
0,100.0,Unused,F,12,0.0
0,100.0,Unused,F,12,0.0
0,250.0,Unused,F,12,0.0
0,250.0,Unused,F,12,0.0
0,250.0,Unused,F,12,0.0
0,199.0,Unused,F,12,12.99
1,30.99,Used,F,31,75.0
1,35.37,Used,F,45,6.0
0,23.99,Used,F,45,6.0
0,10.63,Used,F,45,6.0
0,13.99,Used,F,45,6.0
0,10.63,Used,F,45,6.0
0,119.0,Used,F,45,6.0
0,119.0,Used,F,45,6.0
0,51.53,Unused,F,45,6.0
0,41.99,Unused,F,45,6.0
0,19.19,Unused,F,45,6.5
0,119.0,Unused,F,45,6.0
0,13.99,Unused,F,45,6.0
0,28.78,Unused,F,45,6.0
0,149.0,Unused,F,45,6.0
0,149.0,Unused,F,45,6.0
0,149.0,Unused,F,45,6.0
0,14.69,Unused,F,45,6.0
0,15.99,Unused,F,45,6.0
0,10.63,Unused,F,45,6.0
0,134.99,Unused,F,45,6.0
0,18.99,Unused,F,45,6.0
0,395.0,Unused,F,45,6.0
1,20.5,Used,M,49,6.5
0,122.77,Used,M,49,6.5
0,204.27,Used,M,49,6.5
0,482.84,Unused,M,49,6.5
0,613.85,Unused,M,49,6.5
0,122.77,Unused,M,49,6.5
0,153.71,Unused,M,49,6.5
0,153.71,Unused,M,49,6.5
1,2.8,Used,M,49,6.5
0,238.0,Used,M,49,6.5
0,134.38,Used,M,49,6.5
0,15.99,Used,M,49,6.5
0,149.0,Used,M,49,6.5
0,149.0,Used,M,49,6.5
0,7.98,Unused,M,49,6.5
0,15.96,Unused,M,49,6.5
0,35.2,Unused,M,49,6.5
0,21.99,Unused,M,49,6.5
0,396.0,Unused,M,49,6.5
0,476.0,Unused,M,49,6.5
0,268.0,Unused,M,49,6.5
0,2.8,Unused,M,49,6.5
0,35.2,Unused,M,49,6.5
0,21.99,Unused,M,49,6.5
0,79.0,Unused,M,49,6.5
0,149.0,Unused,M,49,6.5
1,242.0,Used,M,49,18.59
0,27.35,Used,M,49,6.0
0,47.18,Used,M,49,6.0
0,119.0,Used,M,49,12.48
0,237.0,Used,M,49,12.99
0,28.47,Unused,M,49,6.0
0,10.39,Unused,M,49,6.0
0,1.2,Unused,M,49,6.0
0,119.0,Unused,M,49,6.0
0,238.0,Unused,M,49,6.0
0,158.0,Unused,M,49,6.0
0,205.2,Unused,M,49,18.59
0,3.49,Unused,M,49,6.0
0,8.0,Unused,M,49,6.0
0,447.0,Unused,M,49,12.99
1,163.9,Used,F,35,12.48
0,2.8,Used,F,35,6.0
0,88.77,Used,F,35,12.99
0,13.29,Used,F,35,6.0
0,27.5,Used,F,35,6.0
0,395.0,Used,F,35,12.99
0,93.85,Unused,F,35,12.48
0,79.99,Unused,F,35,6.0
0,19.19,Unused,F,35,12.99
0,69.01,Unused,F,35,12.99
0,24.64,Unused,F,35,6.0
0,7.98,Unused,F,35,6.0
0,51.01,Unused,F,35,6.0
0,119.0,Unused,F,35,12.99
0,119.0,Unused,F,35,6.0
0,149.0,Unused,F,35,8.7
0,119.0,Unused,F,35,6.0
0,238.0,Unused,F,35,6.0
0,10.63,Unused,F,35,6.0
0,149.0,Unused,F,35,6.0
0,149.0,Unused,F,35,6.0
0,199.0,Unused,F,35,8.7
0,7.27,Unused,F,35,6.0
0,22.38,Unused,F,35,12.99
1,40.36,Used,F,44,6.0
0,1.59,Unused,F,44,6.0
1,3.35,Used,F,11,6.0
0,13.92,Unused,F,11,6.0
0,79.0,Unused,F,11,6.0
0,216.0,Unused,F,11,22.58
0,8.64,Unused,F,11,6.0
1,56.92,Used,M,11,6.0
0,31.35,Used,M,11,6.0
0,277.0,Used,M,11,6.0
0,33.59,Unused,M,11,6.0
0,33.59,Unused,M,11,6.0
0,56.87,Unused,M,11,6.0
0,139.04,Unused,M,11,44.06
0,238.0,Unused,M,11,6.0
0,41.99,Unused,M,11,6.0
0,119.0,Unused,M,11,6.0
1,11.99,Unused,M,11,6.0
1,279.0,Used,M,24,6.5
0,628.0,Used,M,24,6.5
0,119.0,Used,M,24,6.5
0,119.0,Used,M,24,6.5
0,119.0,Used,M,24,6.5
0,22.8,Used,M,24,6.5
0,149.0,Used,M,24,6.5
0,298.0,Used,M,24,6.5
0,386.0,Used,M,24,6.5
0,158.0,Used,M,24,6.5
0,395.0,Used,M,24,6.5
0,149.0,Used,M,24,6.5
0,149.0,Used,M,24,6.5
0,155.88,Unused,M,24,6.0
0,99.0,Unused,M,24,6.5
0,99.99,Unused,M,24,6.0
0,119.0,Unused,M,24,6.5
0,268.0,Unused,M,24,6.5
0,238.0,Unused,M,24,6.5
0,11.6,Unused,M,24,6.5
0,349.0,Unused,M,24,6.5
0,447.0,Unused,M,24,6.5
0,79.0,Unused,M,24,6.5
0,297.0,Unused,M,24,6.5
0,7.6,Unused,M,24,6.5
1,23.98,Used,M,15,6.5
0,556.6,Used,M,15,6.0
0,44.13,Used,M,15,6.0
0,7.99,Used,M,15,6.0
0,59.75,Used,M,15,34.16
0,158.0,Used,M,15,6.0
0,79.0,Used,M,15,6.0
0,19.48,Unused,M,15,6.0
0,139.55,Unused,M,15,34.16
0,99.0,Unused,M,15,6.0
0,99.0,Unused,M,15,6.0
0,62.5,Unused,M,15,19.99
0,10.8,Unused,M,15,6.0
0,349.0,Unused,M,15,6.0
0,149.0,Unused,M,15,6.0
0,149.0,Unused,M,15,6.0
0,15.49,Unused,M,15,6.0
0,47.8,Unused,M,15,34.16
0,3.35,Unused,M,15,6.5
1,23.99,Used,F,35,6.5
0,58.38,Used,F,35,6.5
0,59.99,Used,F,35,6.5
0,335.94,Unused,F,35,6.5
0,55.99,Unused,F,35,6.5
0,158.0,Unused,F,35,6.5
0,149.0,Unused,F,35,6.5
0,149.0,Unused,F,35,6.5
0,238.0,Unused,F,35,6.5
1,18.99,Unused,F,35,19.99
0,5.94,Unused,F,35,6.0
0,29.99,Unused,F,35,6.0
0,1.99,Unused,F,35,6.0
1,79.84,Used,F,35,28.82
0,119.0,Used,F,35,6.0
0,177.04,Unused,F,35,28.82
0,149.0,Unused,F,35,6.0
0,158.0,Unused,F,35,6.0
0,149.0,Unused,F,35,8.7
0,45.78,Unused,F,35,6.0
0,119.0,Unused,F,35,6.0
0,119.0,Unused,F,35,6.0
0,119.0,Unused,F,35,6.0
0,44.79,Unused,F,35,6.0
1,49.9,Used,F,35,6.0
0,344.88,Unused,F,35,6.0
0,488.88,Unused,F,35,6.0
1,194.4,Used,F,35,6.0
0,71.7,Used,F,35,12.91
0,65.0,Unused,F,35,6.0
0,95.6,Unused,F,35,12.91
0,119.0,Unused,F,35,6.0
0,149.0,Unused,F,35,6.0
0,149.0,Unused,F,35,6.0
0,35.0,Unused,F,35,6.0
1,4.84,Used,F,35,6.0
0,4.33,Unused,F,35,6.0
1,48.68,Used,M,37,6.5
0,17.5,Used,M,37,6.5
0,35.24,Unused,M,37,6.5
0,7.42,Unused,M,37,6.5
0,45.36,Unused,M,37,17.96
0,2.05,Unused,M,37,6.5
0,19.59,Unused,M,37,6.5
0,2.48,Unused,M,37,6.5
0,122.77,Unused,M,37,6.5
1,447.0,Unused,M,37,6.0
1,24.14,Used,M,37,6.0
0,19.9,Used,M,37,6.0
0,26.97,Used,M,37,6.0
0,89.97,Used,M,37,6.0
0,119.0,Used,M,37,19.99
0,16.99,Used,M,37,6.0
0,15.99,Unused,M,37,6.0
0,2.99,Unused,M,37,6.0
0,52.5,Unused,M,37,6.0
0,8.97,Unused,M,37,6.0
0,249.9,Unused,M,37,6.0
0,119.0,Unused,M,37,6.0
1,74.16,Used,M,37,6.5
0,121.3,Used,M,37,6.5
0,161.04,Used,M,37,6.5
0,455.64,Used,M,37,6.5
0,98.59,Unused,M,37,6.5
0,760.4,Unused,M,37,6.5
0,20.4,Unused,M,37,6.5
0,151.88,Unused,M,37,6.5
1,153.71,Used,F,36,6.5
0,122.77,Unused,F,36,6.5
0,163.0,Unused,F,36,6.5
0,46.21,Unused,F,36,6.5
0,122.77,Unused,F,36,6.5
1,2.8,Used,F,36,6.5
0,99.5,Unused,F,36,12.99
0,22.79,Unused,F,36,6.5
0,119.0,Used,F,36,6.0
1,10.99,Used,F,47,6.0
0,49.95,Used,F,47,6.0
0,12.72,Used,F,47,12.99
0,199.0,Unused,F,47,6.0
0,7.6,Unused,F,47,12.99
0,199.0,Unused,F,47,6.0
0,41.39,Unused,F,47,6.0
0,79.0,Unused,F,47,6.0
0,99.0,Unused,F,47,6.0
0,26.58,Unused,F,47,6.0
0,27.5,Unused,F,47,6.0
1,79.99,Used,F,39,6.5
0,15.19,Used,F,39,6.5
0,238.0,Used,F,39,6.5
0,119.0,Used,F,39,6.5
0,119.0,Used,F,39,6.5
0,158.0,Used,F,39,6.5
0,298.0,Used,F,39,18.12
0,238.0,Unused,F,39,6.5
0,198.0,Unused,F,39,6.5
0,119.0,Unused,F,39,6.5
0,149.0,Unused,F,39,6.5
1,203.7,Used,F,43,12.48
0,517.0,Used,F,43,6.5
0,99.0,Used,F,43,6.5
0,14.95,Used,F,43,6.0
0,238.0,Used,F,43,6.5
0,119.0,Used,F,43,6.5
0,395.0,Used,F,43,6.5
0,395.0,Used,F,43,6.5
0,79.0,Used,F,43,6.5
0,149.0,Used,F,43,6.5
0,34.3,Unused,F,43,12.99
0,17.59,Unused,F,43,6.5
0,199.0,Unused,F,43,6.5
0,27.5,Unused,F,43,6.0
0,279.0,Unused,F,43,6.5
0,238.0,Unused,F,43,6.5
0,357.0,Unused,F,43,6.5
0,149.0,Unused,F,43,6.5
0,79.0,Unused,F,43,6.5
0,149.0,Unused,F,43,6.5
0,149.0,Unused,F,43,6.5
0,6.36,Unused,F,43,12.99
0,79.99,Unused,F,43,6.5
0,119.0,Unused,F,43,6.5
0,119.0,Unused,F,43,6.5
0,149.0,Unused,F,43,6.5
0,149.0,Unused,F,43,6.5
1,10.31,Used,F,18,6.5
0,201.0,Used,F,18,6.5
0,2.05,Unused,F,18,6.5
1,238.0,Unused,F,24,6.0
0,238.0,Unused,F,24,6.0
0,33.98,Unused,F,24,12.99
0,119.0,Unused,F,24,12.99
1,60.0,Used,F,24,166.18
0,745.0,Used,F,24,6.5
0,383.7,Unused,F,24,166.18
0,71.7,Unused,F,24,166.18
0,119.0,Unused,F,24,6.5
1,95.6,Used,F,48,85.01
0,1557.93,Used,F,48,6.5
0,149.0,Used,F,48,6.5
0,476.0,Unused,F,48,6.5
0,4191.73,Unused,F,48,6.5
1,1.0,Used,F,44,20.0
0,598.0,Used,F,44,6.0
0,119.0,Used,F,44,6.0
0,4.25,Used,F,44,6.0
0,349.0,Used,F,44,6.0
0,4.49,Unused,F,44,6.0
0,99.0,Unused,F,44,6.0
0,19.99,Unused,F,44,6.0
0,149.0,Unused,F,44,6.0
0,316.0,Unused,F,44,6.0
0,149.0,Unused,F,44,6.0
0,149.0,Unused,F,44,6.0
0,149.0,Unused,F,44,6.0
0,9.5,Unused,F,44,20.0
0,6.49,Unused,F,44,6.0
0,5.25,Unused,F,44,6.0
0,698.0,Unused,F,44,6.0
0,4.75,Unused,F,44,6.0
0,79.0,Unused,F,44,6.0
0,4.25,Used,F,44,6.0
0,596.0,Used,F,44,12.99
0,39.08,Unused,F,44,6.0
0,15.99,Unused,F,44,6.0
0,13.75,Unused,F,44,6.0
0,456.65,Unused,F,44,19.99
1,16.79,Used,F,34,6.5
0,119.8,Used,F,34,6.5
0,119.0,Used,F,34,6.5
0,59.8,Unused,F,34,6.5
0,119.9,Unused,F,34,18.47
0,31.99,Unused,F,34,28.78
0,15.99,Unused,F,34,6.5
0,228.0,Unused,F,34,6.5
0,19.19,Unused,F,34,6.5
1,119.0,Unused,F,34,6.0
0,23.97,Used,F,34,6.0
0,149.0,Used,F,34,6.0
0,798.4,Unused,F,34,6.0
0,24.22,Unused,F,34,6.0
0,119.0,Unused,F,34,6.0
1,199.0,Used,M,27,6.5
0,99.0,Used,M,27,6.5
0,99.0,Used,M,27,6.5
0,238.0,Used,M,27,6.5
0,238.0,Used,M,27,6.5
0,357.0,Used,M,27,6.5
0,238.0,Used,M,27,6.5
0,198.0,Used,M,27,6.5
0,149.0,Used,M,27,6.5
0,149.0,Used,M,27,6.5
0,316.0,Used,M,27,6.5
0,149.0,Used,M,27,6.5
0,149.0,Used,M,27,6.5
0,149.0,Used,M,27,6.5
0,149.0,Used,M,27,6.5
0,199.0,Unused,M,27,6.5
0,199.0,Unused,M,27,6.5
0,99.0,Unused,M,27,6.5
0,99.0,Unused,M,27,6.5
0,387.0,Unused,M,27,6.5
0,238.0,Unused,M,27,6.5
0,119.0,Unused,M,27,6.5
0,119.0,Unused,M,27,6.5
0,119.0,Unused,M,27,6.5
0,119.0,Unused,M,27,6.5
0,119.0,Unused,M,27,6.5
0,357.0,Unused,M,27,6.5
0,119.0,Unused,M,27,6.5
0,349.0,Unused,M,27,6.5
0,79.0,Unused,M,27,6.5
0,149.0,Unused,M,27,6.5
0,21.99,Unused,M,27,6.0
0,99.0,Unused,M,27,6.5
0,119.0,Unused,M,27,6.5
0,119.0,Unused,M,27,6.5
0,9.0,Unused,M,27,6.0
0,698.0,Unused,M,27,6.5
0,237.0,Unused,M,27,6.5
0,79.0,Unused,M,27,6.5
0,149.0,Used,M,27,6.5
0,27.1,Unused,M,27,30.0
0,41.59,Unused,M,27,6.5
1,69.99,Used,F,34,6.5
0,18.47,Used,F,34,6.5
0,17.98,Used,F,34,6.5
0,53.94,Used,F,34,6.5
0,227.88,Used,F,34,6.5
0,15.99,Used,F,34,18.47
0,143.7,Used,F,34,35.3
0,13.59,Used,F,34,11.1
0,71.92,Unused,F,34,6.5
0,4.99,Unused,F,34,6.5
0,70.32,Unused,F,34,18.47
0,258.81,Unused,F,34,6.5
0,119.0,Unused,F,34,6.5
0,16.99,Unused,F,34,6.5
0,190.87,Unused,F,34,6.5
0,19.19,Unused,F,34,11.1
0,4.99,Unused,F,34,6.5
0,26.97,Unused,F,34,6.5
0,119.0,Unused,F,34,6.5
1,37.5,Used,F,34,6.0
0,447.0,Used,F,34,8.7
0,238.0,Used,F,34,6.0
0,119.0,Used,F,34,6.0
0,15.99,Used,F,34,6.0
0,13.29,Used,F,34,6.0
0,39.48,Used,F,34,12.99
0,377.0,Used,F,34,6.0
0,19.59,Used,F,34,6.0
0,66.38,Unused,F,34,6.0
0,10.99,Unused,F,34,6.0
0,10.99,Unused,F,34,6.0
0,8.99,Unused,F,34,6.0
0,26.28,Unused,F,34,12.99
0,1.99,Unused,F,34,6.0
0,76.78,Unused,F,34,6.0
0,41.01,Unused,F,34,6.0
0,13.29,Unused,F,34,6.0
0,238.0,Unused,F,34,6.0
0,119.0,Unused,F,34,6.0
0,238.0,Unused,F,34,6.0
0,119.0,Unused,F,34,6.0
0,119.0,Unused,F,34,6.0
0,119.0,Unused,F,34,6.0
0,19.99,Unused,F,34,6.0
0,228.0,Unused,F,34,12.99
0,149.0,Unused,F,34,12.99
0,12.31,Unused,F,34,6.0
0,119.0,Unused,F,34,6.0
0,45.91,Used,F,34,19.99
0,3.5,Used,F,34,6.0
0,100.62,Used,F,34,28.82
0,12.99,Used,F,34,6.0
0,44.79,Used,F,34,12.99
0,27.99,Used,F,34,12.99
0,2.39,Used,F,34,19.99
0,119.0,Used,F,34,6.0
0,149.0,Used,F,34,6.0
0,24.94,Unused,F,34,19.99
0,59.97,Unused,F,34,6.0
0,10.63,Unused,F,34,12.99
0,238.0,Unused,F,34,19.99
0,149.0,Unused,F,34,6.0
0,7.0,Unused,F,34,19.99
0,149.0,Unused,F,34,12.99
1,46.21,Used,M,27,18.47
1,3.99,Used,M,27,6.0
0,10.38,Used,M,27,6.0
0,9.49,Used,M,27,6.0
0,8.8,Used,M,27,6.0
0,6.47,Unused,M,27,6.0
0,19.19,Unused,M,27,6.0
0,6.7,Unused,M,27,6.0
0,238.0,Unused,M,27,6.0
0,57.99,Unused,M,27,6.0
0,79.0,Unused,M,27,6.0
0,16.99,Unused,M,27,6.0
0,13.59,Unused,M,27,6.0
0,119.0,Unused,M,27,6.0
1,19.19,Used,M,27,12.76
0,10.39,Used,M,27,6.5
0,22.99,Used,M,27,6.5
0,50.98,Used,M,27,6.5
0,55.99,Used,M,27,6.5
0,2.99,Used,M,27,6.5
0,238.0,Used,M,27,6.5
0,238.0,Used,M,27,6.5
0,119.0,Used,M,27,6.5
0,238.0,Used,M,27,6.5
0,18.99,Used,M,27,6.5
0,76.99,Used,M,27,6.5
0,237.0,Used,M,27,6.5
0,13.59,Used,M,27,6.5
0,16.99,Used,M,27,6.5
0,149.0,Used,M,27,6.5
0,45.98,Unused,M,27,6.5
0,10.99,Unused,M,27,30.0
0,18.99,Unused,M,27,6.5
0,32.78,Unused,M,27,6.5
0,12.99,Unused,M,27,6.5
0,23.98,Unused,M,27,6.5
0,63.98,Unused,M,27,6.5
0,18.99,Unused,M,27,6.5
0,34.37,Unused,M,27,6.5
0,30.39,Unused,M,27,12.76
0,84.97,Unused,M,27,6.5
0,4.98,Unused,M,27,6.5
0,357.0,Unused,M,27,6.5
0,119.0,Unused,M,27,6.5
0,76.99,Unused,M,27,6.5
0,18.99,Unused,M,27,6.5
0,237.0,Unused,M,27,6.5
0,16.99,Unused,M,27,6.5
0,298.0,Unused,M,27,6.5
0,149.0,Unused,M,27,6.5
0,149.0,Unused,M,27,6.5
0,149.0,Unused,M,27,6.5
0,10.99,Unused,M,27,6.5
0,55.99,Unused,M,27,6.5
0,55.99,Unused,M,27,6.5
0,7.19,Unused,M,27,6.5
0,15.99,Unused,M,27,6.5
0,119.0,Unused,M,27,6.5
0,119.0,Unused,M,27,6.5
0,119.0,Unused,M,27,6.5
0,16.99,Unused,M,27,30.0
0,149.0,Unused,M,27,6.5
0,67.19,Used,M,27,6.5
0,149.0,Used,M,27,6.5
0,15.99,Unused,M,27,6.5
0,79.0,Unused,M,27,6.5
0,149.0,Unused,M,27,6.5
1,2.39,Used,M,12,6.5
0,79.0,Unused,M,12,6.5
0,271.5,Used,M,12,86.74
0,5.49,Used,M,12,6.5
0,3.5,Used,M,12,6.5
0,118.98,Used,M,12,6.5
0,97.94,Used,M,12,57.74
0,5.5,Used,M,12,6.5
0,119.0,Used,M,12,6.5
0,119.0,Used,M,12,6.5
0,119.0,Used,M,12,6.5
0,119.0,Used,M,12,6.5
0,199.0,Used,M,12,6.5
0,199.0,Used,M,12,6.5
0,199.0,Used,M,12,6.5
0,18.99,Used,M,12,6.5
0,249.0,Used,M,12,6.5
0,149.0,Used,M,12,6.5
0,249.0,Used,M,12,6.5
0,249.0,Used,M,12,6.5
0,178.73,Unused,M,12,6.5
0,279.95,Unused,M,12,6.5
0,13.99,Unused,M,12,6.5
0,394.8,Unused,M,12,86.74
0,31.07,Unused,M,12,13.78
0,102.95,Unused,M,12,57.74
0,19.98,Unused,M,12,6.5
0,387.0,Unused,M,12,6.5
0,119.0,Unused,M,12,6.5
0,119.0,Unused,M,12,6.5
0,357.0,Unused,M,12,6.5
0,199.0,Unused,M,12,6.5
0,357.0,Unused,M,12,6.5
0,119.0,Unused,M,12,6.5
0,74.99,Unused,M,12,6.5
0,198.0,Unused,M,12,6.5
0,74.99,Unused,M,12,6.5
0,27.18,Unused,M,12,12.76
0,149.0,Unused,M,12,6.5
0,249.0,Unused,M,12,6.5
0,1.59,Unused,M,12,15.27
0,169.98,Unused,M,12,6.5
0,56.0,Unused,M,12,86.74
0,28.68,Unused,M,12,13.78
0,6.99,Unused,M,12,6.5
0,119.0,Unused,M,12,6.5
0,198.0,Unused,M,12,6.5
0,158.0,Unused,M,12,6.5
0,249.0,Unused,M,12,6.5
1,10.99,Used,F,13,6.5
0,10.99,Used,F,13,6.5
0,1.99,Used,F,13,6.5
0,1.59,Used,F,13,6.5
0,99.99,Used,F,13,6.5
0,96.77,Used,F,13,6.5
0,32.78,Used,F,13,6.5
0,8.99,Used,F,13,6.5
0,67.96,Used,F,13,6.5
0,119.0,Used,F,13,6.5
0,119.0,Used,F,13,6.5
0,316.0,Used,F,13,6.5
0,10.99,Unused,F,13,6.5
0,13.98,Unused,F,13,6.5
0,23.98,Unused,F,13,6.5
0,136.34,Unused,F,13,6.5
0,59.98,Unused,F,13,6.5
0,14.98,Unused,F,13,6.5
0,3.98,Unused,F,13,6.5
0,119.0,Unused,F,13,6.5
0,357.0,Unused,F,13,6.5
0,119.0,Unused,F,13,6.5
0,119.0,Unused,F,13,6.5
0,228.0,Unused,F,13,6.5
0,316.0,Unused,F,13,6.5
0,158.0,Unused,F,13,6.5
0,298.0,Unused,F,13,6.5
0,32.99,Unused,F,13,6.5
0,24.99,Unused,F,13,6.5
0,13.59,Unused,F,13,6.5
0,13.59,Unused,F,13,6.5
0,79.0,Unused,F,13,6.5
0,149.0,Unused,F,13,6.5
0,149.0,Unused,F,13,15.75
0,3.5,Used,F,13,6.5
0,12.76,Used,F,13,6.5
0,334.45,Used,F,13,6.5
0,64.82,Used,F,13,6.5
0,53.96,Used,F,13,6.5
0,280.0,Used,F,13,35.89
0,10.5,Used,F,13,6.5
0,275.8,Used,F,13,47.45
0,91.77,Used,F,13,20.22
0,143.6,Used,F,13,43.31
0,14.95,Used,F,13,6.5
0,19.19,Used,F,13,6.5
0,15.98,Used,F,13,6.5
0,36.53,Used,F,13,6.5
0,17.59,Used,F,13,6.5
0,165.0,Used,F,13,6.5
0,239.88,Used,F,13,42.45
0,19.99,Used,F,13,6.5
0,119.0,Used,F,13,6.5
0,357.0,Used,F,13,6.5
0,119.0,Used,F,13,6.5
0,238.0,Used,F,13,6.5
0,19.99,Used,F,13,6.5
0,18.99,Used,F,13,6.5
0,289.52,Unused,F,13,6.5
0,3.98,Unused,F,13,6.5
0,10.99,Unused,F,13,6.5
0,10.99,Unused,F,13,6.5
0,57.88,Unused,F,13,6.5
0,170.56,Unused,F,13,45.72
0,31.98,Unused,F,13,6.5
0,12.99,Unused,F,13,6.5
0,34.99,Unused,F,13,6.5
0,11.75,Unused,F,13,6.5
0,36.2,Unused,F,13,6.5
0,16.79,Unused,F,13,6.5
0,35.94,Unused,F,13,6.5
0,55.99,Unused,F,13,20.22
0,20.0,Unused,F,13,43.31
0,17.59,Unused,F,13,6.5
0,262.24,Unused,F,13,47.45
0,119.0,Unused,F,13,6.5
0,357.0,Unused,F,13,6.5
0,119.0,Unused,F,13,6.5
0,476.0,Unused,F,13,6.5
0,417.0,Unused,F,13,6.5
0,23.5,Unused,F,13,6.5
0,223.8,Unused,F,13,12.48
0,237.0,Unused,F,13,6.5
0,67.19,Unused,F,13,6.5
0,307.0,Unused,F,13,6.5
0,22.38,Unused,F,13,6.5
0,149.0,Unused,F,13,20.85
0,140.0,Unused,F,13,35.89
0,33.6,Unused,F,13,45.72
0,162.3,Unused,F,13,6.5
0,13.58,Unused,F,13,6.5
0,22.94,Unused,F,13,6.5
0,5.99,Unused,F,13,6.5
0,167.7,Unused,F,13,43.31
0,25.82,Unused,F,13,6.5
0,312.0,Unused,F,13,8.7
0,298.0,Unused,F,13,6.5
1,2.99,Used,F,39,6.0
0,21.99,Used,F,39,6.0
0,164.58,Used,F,39,12.48
0,2447.28,Used,F,39,6.0
0,94.05,Used,F,39,16.47
0,268.0,Used,F,39,6.0
0,119.0,Used,F,39,6.0
0,357.0,Used,F,39,6.0
0,19.99,Used,F,39,6.0
0,15.19,Used,F,39,6.0
0,149.0,Used,F,39,6.0
0,1.59,Unused,F,39,16.47
0,21.97,Unused,F,39,6.0
0,1223.64,Unused,F,39,6.0
0,239.5,Unused,F,39,34.94
0,79.99,Unused,F,39,6.0
0,55.41,Unused,F,39,12.48
0,178.56,Unused,F,39,6.0
0,357.0,Unused,F,39,6.0
0,119.0,Unused,F,39,6.0
0,119.0,Unused,F,39,6.0
0,465.0,Unused,F,39,6.0
0,13.59,Unused,F,39,6.0
0,3.99,Unused,F,39,6.0
0,54.36,Unused,F,39,6.0
0,15.19,Unused,F,39,6.0
1,30.38,Unused,M,28,6.0
1,9.98,Used,F,26,6.0
0,1.99,Used,F,26,19.99
0,13.6,Used,F,26,6.0
0,17.11,Used,F,26,19.99
0,2.99,Used,F,26,6.0
0,39.98,Used,F,26,6.0
0,4.8,Used,F,26,6.0
0,357.0,Used,F,26,6.0
0,57.56,Used,F,26,19.99
0,149.0,Used,F,26,6.0
0,316.0,Used,F,26,6.0
0,3.5,Unused,F,26,6.0
0,199.0,Unused,F,26,6.0
0,13.29,Unused,F,26,6.0
0,12.99,Unused,F,26,6.0
0,10.39,Unused,F,26,6.0
0,45.69,Unused,F,26,6.0
0,4.2,Unused,F,26,6.0
0,16.79,Unused,F,26,6.5
0,41.59,Unused,F,26,19.99
0,119.0,Unused,F,26,6.0
0,119.0,Unused,F,26,6.0
0,417.0,Unused,F,26,6.0
0,22.8,Unused,F,26,6.0
0,119.0,Unused,F,26,6.0
0,9.6,Unused,F,26,6.0
0,7.6,Unused,F,26,6.0
0,79.0,Unused,F,26,6.0
0,3.18,Unused,F,26,6.0
0,14.99,Unused,F,26,6.0
0,119.0,Unused,F,26,6.0
0,39.98,Unused,F,26,19.99
0,316.0,Unused,F,26,6.0
0,13.59,Unused,F,26,6.0
1,55.99,Used,F,13,6.0
0,10.99,Used,F,13,6.0
0,3.5,Used,F,13,6.0
0,199.0,Used,F,13,6.0
0,39.58,Used,F,13,6.0
0,57.38,Used,F,13,6.0
0,99.0,Used,F,13,6.0
0,131.82,Used,F,13,6.0
0,15.96,Used,F,13,6.0
0,4.56,Used,F,13,6.0
0,395.0,Used,F,13,6.0
0,54.85,Unused,F,13,6.0
0,11.98,Unused,F,13,6.0
0,10.99,Unused,F,13,6.0
0,398.0,Unused,F,13,19.99
0,57.48,Unused,F,13,6.0
0,99.0,Unused,F,13,6.0
0,99.0,Unused,F,13,6.0
0,99.0,Unused,F,13,6.0
0,198.0,Unused,F,13,6.0
0,8.69,Unused,F,13,6.0
0,25.12,Unused,F,13,6.0
0,5.7,Unused,F,13,6.0
0,2.39,Unused,F,13,6.0
0,86.8,Unused,F,13,6.0
0,119.0,Unused,F,13,6.0
0,238.0,Unused,F,13,6.0
0,357.0,Unused,F,13,6.0
0,149.0,Unused,F,13,6.0
0,316.0,Unused,F,13,12.99
0,2.99,Unused,F,13,6.0
0,9.6,Unused,F,13,6.0
0,20.93,Unused,F,13,6.0
0,1.59,Unused,F,13,6.0
0,28.58,Unused,F,13,6.0
0,357.0,Unused,F,13,6.0
0,349.0,Unused,F,13,6.0
0,79.0,Unused,F,13,6.0
0,16.79,Unused,F,13,6.0
1,3.99,Used,F,13,19.99
0,41.56,Unused,F,13,19.99
0,119.0,Unused,F,13,6.0
1,91.27,Used,F,32,6.0
0,25.0,Unused,F,32,6.0
1,26.49,Used,F,17,6.0
0,121.3,Used,F,17,6.5
0,80.52,Used,F,17,6.5
0,100.91,Unused,F,17,6.5
0,17.93,Unused,F,17,6.5
0,3.05,Unused,F,17,6.0
0,121.3,Unused,F,17,6.5
0,121.3,Unused,F,17,6.5
0,151.88,Unused,F,17,6.5
0,402.6,Unused,F,17,6.5
0,161.04,Unused,F,17,6.5
0,232.4,Unused,F,17,6.5
0,151.88,Unused,F,17,6.5
0,151.88,Unused,F,17,12.99
0,78.25,Unused,F,17,6.5
0,149.85,Unused,F,17,6.5
1,1010.34,Used,F,4,37.51
0,35.86,Used,F,4,6.5
0,38.72,Used,F,4,6.0
0,2547.76,Unused,F,4,37.51
0,100.91,Unused,F,4,6.5
0,175.29,Unused,F,4,6.0
0,61.15,Unused,F,4,6.0
0,61.1,Unused,F,4,50.0
0,2.03,Unused,F,4,6.0
0,42.39,Unused,F,4,6.5
0,242.6,Unused,F,4,6.5
0,151.88,Unused,F,4,6.5
0,151.88,Unused,F,4,12.99
0,303.76,Unused,F,4,6.5
0,9.15,Unused,F,4,6.0
1,4.07,Used,M,8,6.5
0,100.91,Used,M,8,6.5
0,23.22,Used,M,8,6.5
0,121.3,Used,M,8,6.5
0,13.24,Unused,M,8,6.0
0,100.91,Unused,M,8,6.5
0,258.48,Unused,M,8,6.5
0,8.15,Unused,M,8,6.5
0,121.3,Unused,M,8,6.5
0,121.3,Unused,M,8,6.5
0,393.44,Unused,M,8,6.5
0,151.88,Unused,M,8,6.5
0,151.88,Unused,M,8,6.5
0,151.88,Unused,M,8,6.5
0,198.92,Unused,M,8,6.5
0,17.93,Unused,M,8,6.5
0,10.4,Unused,M,8,6.5
0,1.01,Used,M,8,6.0
0,5.09,Used,M,8,6.0
0,3.57,Used,M,8,6.0
0,16.3,Used,M,8,6.0
0,100.91,Used,M,8,6.5
0,88.67,Used,M,8,6.5
0,455.64,Used,M,8,8.7
0,121.3,Used,M,8,6.5
0,402.6,Used,M,8,6.5
0,6.93,Used,M,8,6.5
0,151.88,Used,M,8,6.5
0,151.88,Used,M,8,12.99
0,38.28,Unused,M,8,6.5
0,10.69,Unused,M,8,6.0
0,22.41,Unused,M,8,6.0
0,3.57,Unused,M,8,6.0
0,14.25,Unused,M,8,6.5
0,42.39,Unused,M,8,6.5
0,42.39,Unused,M,8,6.5
0,16.3,Unused,M,8,6.5
0,455.64,Unused,M,8,8.7
0,242.6,Unused,M,8,6.5
0,121.3,Unused,M,8,6.5
0,9.67,Unused,M,8,6.0
0,151.88,Unused,M,8,6.5
0,161.04,Unused,M,8,6.5
0,303.76,Unused,M,8,6.5
0,12.21,Unused,M,8,6.5
0,81.53,Unused,M,8,6.5
0,4.33,Unused,M,8,6.0
0,17.3,Unused,M,8,6.0
0,303.76,Unused,M,8,6.5
0,455.64,Unused,M,8,6.5
1,1.68,Used,F,20,6.0
0,3.33,Used,F,20,6.0
0,11.18,Used,F,20,6.0
0,357.0,Used,F,20,6.0
0,238.0,Used,F,20,6.0
0,149.0,Used,F,20,6.0
0,395.0,Used,F,20,6.0
0,298.0,Used,F,20,6.0
0,29.57,Unused,F,20,6.0
0,20.23,Unused,F,20,6.0
0,202.79,Unused,F,20,6.0
0,31.35,Unused,F,20,6.0
0,39.19,Unused,F,20,12.99
0,13.36,Unused,F,20,6.0
0,119.0,Unused,F,20,6.0
0,119.0,Unused,F,20,6.0
0,118.38,Unused,F,20,6.0
0,149.0,Unused,F,20,6.0
0,6.0,Unused,F,20,6.0
0,40.55,Unused,F,20,6.0
0,13.59,Unused,F,20,6.0
0,119.0,Unused,F,20,6.0
1,2.99,Used,F,20,6.0
1,28.78,Used,F,34,6.5
0,15.19,Used,F,34,6.5
0,69.95,Used,F,34,6.5
0,395.0,Used,F,34,6.5
0,15.19,Used,F,34,6.5
0,59.99,Used,F,34,6.5
0,298.0,Used,F,34,6.5
0,402.86,Unused,F,34,6.5
0,29.58,Unused,F,34,6.5
0,30.38,Unused,F,34,6.5
0,119.0,Unused,F,34,6.5
0,476.0,Unused,F,34,6.5
0,119.0,Unused,F,34,6.5
0,119.0,Unused,F,34,6.5
0,15.19,Unused,F,34,6.5
0,158.0,Unused,F,34,6.5
0,149.0,Unused,F,34,6.5
0,73.57,Unused,F,34,6.5
0,119.0,Unused,F,34,6.5
0,69.95,Unused,F,34,6.5
0,17.59,Unused,F,34,6.5
0,15.19,Unused,F,34,6.5
0,149.0,Unused,F,34,6.5
0,149.0,Unused,F,34,6.5
0,35.95,Used,F,34,12.76
0,506.0,Used,F,34,6.5
0,238.0,Used,F,34,6.5
0,476.0,Unused,F,34,6.5
0,476.0,Unused,F,34,6.5
0,298.0,Unused,F,34,6.5
0,99.99,Unused,F,34,6.5
0,158.0,Unused,F,34,6.5
0,149.0,Unused,F,34,6.5
1,119.0,Unused,F,34,6.0
0,238.0,Unused,F,34,6.5
0,79.99,Unused,F,34,6.0
0,134.36,Used,F,34,6.0
0,33.59,Used,F,34,6.0
0,26.62,Used,F,34,6.0
0,119.0,Used,F,34,12.99
0,238.0,Used,F,34,6.0
0,31.98,Used,F,34,6.0
0,18.99,Used,F,34,6.0
0,47.58,Used,F,34,20.85
0,100.77,Unused,F,34,6.0
0,41.99,Unused,F,34,6.0
0,41.99,Unused,F,34,6.0
0,33.59,Unused,F,34,6.0
0,79.99,Unused,F,34,6.0
0,74.98,Unused,F,34,6.0
0,48.28,Unused,F,34,6.0
0,119.0,Unused,F,34,6.0
0,119.0,Unused,F,34,12.99
0,238.0,Unused,F,34,6.0
0,37.01,Unused,F,34,6.0
0,13.59,Unused,F,34,6.0
0,386.0,Unused,F,34,6.0
0,33.59,Unused,F,34,6.0
0,44.79,Unused,F,34,6.0
0,48.62,Unused,F,34,6.0
0,119.0,Unused,F,34,6.0
0,39.19,Unused,F,34,20.85
1,47.78,Used,F,34,6.0
0,19.99,Used,F,34,6.0
0,298.0,Used,F,34,6.0
0,10.39,Unused,F,34,6.0
0,15.39,Unused,F,34,6.0
0,52.44,Unused,F,34,6.0
0,119.0,Unused,F,34,6.0
0,49.87,Unused,F,34,6.0
0,10.63,Unused,F,34,6.0
0,10.63,Unused,F,34,6.0
0,37.98,Unused,F,34,6.0
0,228.0,Unused,F,34,6.0
0,79.0,Used,F,34,6.0
0,13.59,Used,F,34,6.0
0,24.62,Used,F,34,12.99
0,24.44,Unused,F,34,6.0
0,13.59,Unused,F,34,12.99
0,149.0,Unused,F,34,8.7
0,387.0,Unused,F,34,6.0
0,149.0,Unused,F,34,6.0
1,195.2,Used,F,34,6.0
0,3984.71,Used,F,34,6.0
0,144.6,Unused,F,34,6.0
0,7.0,Unused,F,34,12.99
0,1102.41,Unused,F,34,6.0
0,96.8,Unused,F,34,6.0
0,2340.31,Unused,F,34,6.0
0,5.0,Unused,F,34,12.99
1,87.77,Used,M,3,6.5
0,15.99,Unused,M,3,6.5
0,37.98,Unused,M,3,6.5
0,238.0,Unused,M,3,6.5
0,158.0,Unused,M,3,6.5
0,149.0,Unused,M,3,6.5
0,298.0,Unused,M,3,6.5
1,12.0,Unused,M,3,50.0
1,476.0,Used,F,16,12.99
0,132.0,Used,F,16,12.48
0,51.6,Used,F,16,6.0
0,199.0,Unused,F,16,6.0
0,42.87,Unused,F,16,6.0
0,18.99,Unused,F,16,6.0
0,13.29,Unused,F,16,6.0
1,18.5,Used,F,37,19.99
0,7.0,Unused,F,37,19.99
0,3.98,Unused,F,37,19.99
1,74.3,Used,F,29,12.99
0,7.17,Used,F,29,30.92
0,1.99,Used,F,29,6.0
0,25.88,Used,F,29,6.0
0,95.13,Used,F,29,12.48
0,149.0,Used,F,29,6.0
0,71.76,Unused,F,29,12.99
0,87.5,Unused,F,29,6.0
0,25.0,Unused,F,29,0.0
0,12.99,Unused,F,29,6.0
0,375.5,Unused,F,29,30.92
0,15.39,Unused,F,29,6.0
0,163.08,Unused,F,29,12.48
0,149.0,Unused,F,29,12.99
0,149.0,Unused,F,29,6.0
0,2.5,Unused,F,29,6.0
0,3.99,Unused,F,29,12.99
0,119.0,Unused,F,29,6.0
0,79.0,Unused,F,29,12.99
0,67.95,Unused,F,29,12.48
0,13.29,Used,F,29,6.0
0,149.0,Unused,F,29,6.0
1,38.37,Used,F,29,12.48
0,9.12,Used,F,29,6.0
0,119.0,Used,F,29,6.0
0,119.0,Used,F,29,6.0
0,357.0,Used,F,29,6.0
0,19.99,Used,F,29,6.0
0,149.0,Used,F,29,6.0
0,67.75,Unused,F,29,12.48
0,222.88,Unused,F,29,16.47
0,372.05,Unused,F,29,6.0
0,65.35,Unused,F,29,6.0
0,20.49,Unused,F,29,6.0
0,119.0,Unused,F,29,6.0
0,395.0,Unused,F,29,6.0
0,398.0,Unused,F,29,6.0
1,30.69,Used,F,6,6.0
0,238.0,Used,F,6,6.0
0,23.47,Unused,F,6,6.0
0,59.75,Unused,F,6,6.0
0,13.99,Unused,F,6,6.0
0,23.94,Unused,F,6,6.0
1,17.93,Used,F,23,6.5
0,84.6,Used,F,23,6.5
0,152.88,Unused,F,23,6.5
0,17.93,Unused,F,23,6.5
0,35.84,Unused,F,23,12.48
0,121.3,Unused,F,23,6.5
0,29.28,Unused,F,23,12.48
0,11.82,Unused,F,23,6.5
1,24.64,Used,F,28,14.41
0,9.51,Unused,F,28,14.41
1,10.7,Used,F,21,6.5
0,122.77,Used,F,21,6.5
0,9.07,Unused,F,21,6.5
0,122.77,Unused,F,21,6.5
0,614.84,Unused,F,21,6.5
0,153.71,Unused,F,21,6.5
0,153.71,Unused,F,21,6.5
0,4.94,Unused,F,21,6.5
0,276.48,Unused,F,21,6.5
1,199.0,Used,F,22,19.99
0,198.0,Used,F,22,6.0
0,83.65,Used,F,22,28.51
0,19.99,Used,F,22,6.0
0,7.97,Used,F,22,6.0
0,12.79,Used,F,22,6.5
0,119.0,Used,F,22,6.5
0,149.0,Used,F,22,6.0
0,79.0,Used,F,22,6.0
0,17.97,Unused,F,22,6.5
0,62.47,Unused,F,22,6.0
0,600.0,Unused,F,22,6.0
0,41.59,Unused,F,22,6.5
0,41.59,Unused,F,22,6.5
0,41.59,Unused,F,22,6.5
0,41.59,Unused,F,22,6.5
0,19.99,Unused,F,22,6.0
0,22.36,Unused,F,22,6.0
0,476.0,Unused,F,22,6.0
0,149.0,Unused,F,22,6.0
0,41.59,Unused,F,22,6.5
0,51.99,Unused,F,22,6.0
0,119.0,Unused,F,22,6.5
1,28.68,Used,M,41,6.0
0,33.96,Unused,M,41,6.0
0,55.38,Unused,M,41,6.0
0,76.99,Unused,M,41,6.0
0,79.0,Unused,M,41,6.0
0,4.95,Used,M,41,6.0
0,194.46,Used,M,41,6.0
0,10.99,Used,M,41,6.0
0,16.39,Used,M,41,6.0
0,1.99,Used,M,41,6.0
0,23.94,Used,M,41,6.0
0,36.94,Used,M,41,6.0
0,31.99,Used,M,41,6.0
0,19.99,Used,M,41,6.0
0,18.99,Used,M,41,6.0
0,238.0,Used,M,41,6.0
0,238.0,Used,M,41,6.0
0,238.0,Used,M,41,12.99
0,595.0,Used,M,41,6.0
0,268.0,Used,M,41,6.0
0,447.0,Used,M,41,6.0
0,158.0,Used,M,41,6.0
0,69.75,Unused,M,41,6.0
0,21.48,Unused,M,41,6.0
0,36.36,Unused,M,41,6.0
0,258.53,Unused,M,41,6.0
0,59.85,Unused,M,41,6.0
0,39.87,Unused,M,41,6.0
0,238.0,Unused,M,41,6.0
0,119.0,Unused,M,41,6.0
0,119.0,Unused,M,41,6.0
0,32.47,Unused,M,41,6.0
0,19.99,Unused,M,41,6.0
0,149.0,Unused,M,41,12.99
0,149.0,Unused,M,41,6.0
0,2.99,Unused,M,41,6.0
0,107.88,Unused,M,41,12.99
0,15.99,Unused,M,41,6.0
0,55.99,Unused,M,41,6.0
0,149.0,Unused,M,41,8.7
0,149.0,Unused,M,41,6.0
0,23.99,Unused,M,41,6.0
0,3.19,Used,M,41,6.0
0,20.79,Used,M,41,6.0
0,2.99,Used,M,41,6.0
0,3.99,Used,M,41,6.0
0,2.99,Used,M,41,6.0
0,119.0,Used,M,41,6.0
0,395.0,Used,M,41,6.0
0,7.98,Unused,M,41,6.0
0,3.5,Unused,M,41,6.0
0,8.4,Unused,M,41,6.0
0,2.37,Unused,M,41,6.0
0,53.91,Unused,M,41,6.0
0,22.37,Unused,M,41,6.0
0,7.98,Unused,M,41,6.0
0,10.63,Unused,M,41,6.0
0,22.94,Unused,M,41,6.0
0,79.0,Unused,M,41,6.0
0,13.99,Unused,M,41,6.0
0,17.58,Unused,M,41,6.0
0,31.98,Unused,M,41,6.0
0,238.0,Unused,M,41,6.0
1,19.14,Used,M,41,6.0
0,36.75,Used,M,41,58.93
0,402.8,Used,M,41,25.73
0,10.63,Used,M,41,6.0
0,238.0,Used,M,41,6.0
0,79.0,Used,M,41,6.0
0,67.19,Used,M,41,12.99
0,90.38,Used,M,41,6.0
0,61.51,Unused,M,41,58.93
0,90.37,Unused,M,41,6.0
0,10.99,Unused,M,41,6.0
0,155.9,Unused,M,41,25.73
0,37.98,Unused,M,41,6.0
0,20.78,Unused,M,41,6.0
0,27.19,Unused,M,41,12.99
0,11.97,Unused,M,41,6.0
0,33.28,Unused,M,41,6.0
0,238.0,Unused,M,41,6.0
0,119.0,Unused,M,41,6.0
0,12.31,Unused,M,41,6.0
0,298.0,Unused,M,41,6.0
0,2.8,Unused,M,41,6.0
0,8.4,Unused,M,41,6.0
0,323.55,Unused,M,41,25.73
0,3.18,Unused,M,41,58.93
0,38.37,Unused,M,41,6.0
0,39.98,Unused,M,41,6.0
0,10.63,Unused,M,41,6.0
0,13.29,Unused,M,41,6.0
0,18.99,Unused,M,41,6.0
0,15.99,Unused,M,41,6.0
0,149.0,Unused,M,41,6.0
0,149.0,Unused,M,41,6.0
0,18.99,Used,M,41,6.0
0,9.49,Used,M,41,6.0
0,21.26,Used,M,41,6.0
0,19.18,Unused,M,41,6.0
0,10.99,Unused,M,41,6.0
0,19.99,Unused,M,41,6.0
0,21.5,Unused,M,41,6.0
0,62.48,Unused,M,41,6.0
0,19.99,Unused,M,41,6.0
0,15.99,Unused,M,41,6.0
0,149.0,Unused,M,41,6.0
0,18.28,Unused,M,41,6.0
0,10.99,Used,M,41,20.0
0,3.5,Used,M,41,6.0
0,169.93,Used,M,41,18.69
0,64.67,Used,M,41,75.74
0,63.58,Used,M,41,12.48
0,13.29,Used,M,41,6.0
0,149.0,Used,M,41,6.0
0,3.19,Unused,M,41,6.5
0,3.5,Unused,M,41,6.0
0,226.23,Unused,M,41,18.69
0,14.19,Unused,M,41,6.0
0,113.99,Unused,M,41,12.48
0,122.31,Unused,M,41,75.74
0,189.29,Unused,M,41,18.69
0,51.95,Unused,M,41,75.74
0,39.59,Unused,M,41,12.48
1,69.99,Used,M,41,6.0
0,199.0,Used,M,41,6.0
0,124.68,Used,M,41,14.42
0,121.92,Used,M,41,75.0
0,99.0,Used,M,41,6.5
0,166.1,Used,M,41,6.0
0,357.0,Used,M,41,6.0
0,158.0,Used,M,41,6.0
0,152.1,Unused,M,41,6.0
0,38.95,Unused,M,41,75.0
0,888.35,Unused,M,41,6.0
0,5.5,Unused,M,41,6.0
0,13.59,Unused,M,41,6.5
0,119.0,Unused,M,41,6.0
0,20.23,Unused,M,41,6.0
0,28.0,Unused,M,41,6.0
0,349.0,Unused,M,41,6.0
0,79.0,Unused,M,41,6.0
0,149.0,Unused,M,41,6.0
0,0.99,Unused,M,41,6.0
0,69.8,Unused,M,41,6.0
0,6.49,Unused,M,41,75.0
0,6.8,Unused,M,41,6.0
0,55.0,Unused,M,41,6.0
0,16.79,Unused,M,41,6.5
1,119.0,Unused,M,41,6.5
1,52.24,Used,F,29,19.99
0,99.99,Unused,F,29,6.0
0,108.24,Unused,F,29,19.99
0,468.0,Unused,F,29,6.0
0,57.31,Unused,F,29,19.99
0,19.99,Unused,F,29,6.0
1,151.93,Used,M,21,6.5
0,49.58,Used,M,21,6.5
0,1.99,Used,M,21,6.5
0,99.99,Used,M,21,28.78
0,55.99,Used,M,21,6.5
0,89.58,Used,M,21,6.5
0,387.0,Used,M,21,6.5
0,119.0,Used,M,21,6.5
0,119.0,Used,M,21,6.5
0,119.0,Used,M,21,6.5
0,119.0,Used,M,21,6.5
0,119.0,Used,M,21,6.5
0,19.99,Used,M,21,6.5
0,15.19,Used,M,21,6.5
0,298.0,Used,M,21,6.5
0,149.0,Used,M,21,6.5
0,298.0,Used,M,21,6.5
0,214.61,Unused,M,21,6.5
0,67.98,Unused,M,21,6.5
0,34.99,Unused,M,21,6.5
0,44.79,Unused,M,21,6.5
0,238.0,Unused,M,21,6.5
0,238.0,Unused,M,21,6.5
0,238.0,Unused,M,21,6.5
0,238.0,Unused,M,21,6.5
0,396.0,Unused,M,21,6.5
0,119.0,Unused,M,21,6.5
0,158.0,Unused,M,21,6.5
0,79.0,Unused,M,21,6.5
0,13.59,Unused,M,21,6.5
0,24.99,Unused,M,21,28.78
0,55.99,Unused,M,21,6.5
0,59.79,Unused,M,21,6.5
0,119.0,Unused,M,21,6.5
0,149.0,Unused,M,21,6.5
1,134.36,Used,M,21,6.0
0,33.59,Used,M,21,6.0
0,17.58,Used,M,21,6.0
0,8.79,Used,M,21,6.0
0,149.0,Used,M,21,6.0
0,33.59,Unused,M,21,6.0
0,134.36,Unused,M,21,6.0
0,33.59,Unused,M,21,6.0
0,100.77,Unused,M,21,6.0
0,26.38,Unused,M,21,6.0
0,119.0,Unused,M,21,6.0
0,357.0,Unused,M,21,6.0
0,238.0,Unused,M,21,6.0
0,158.0,Unused,M,21,6.0
0,21.26,Unused,M,21,6.0
0,38.76,Used,M,21,6.0
0,238.0,Used,M,21,6.0
0,67.18,Unused,M,21,6.0
0,67.18,Unused,M,21,6.0
0,114.72,Unused,M,21,12.48
0,5.98,Unused,M,21,6.0
0,35.81,Unused,M,21,6.0
0,238.0,Unused,M,21,6.0
0,15.99,Unused,M,21,6.0
0,149.0,Unused,M,21,6.0
0,199.0,Unused,M,21,8.7
0,39.98,Unused,M,21,6.0
0,3.49,Unused,M,21,6.0
0,149.0,Unused,M,21,8.7
0,12.31,Unused,M,21,6.0
1,68.43,Used,M,21,49.73
0,2.8,Used,M,21,6.5
0,102.35,Used,M,21,6.0
0,47.97,Used,M,21,6.0
0,2.79,Used,M,21,12.99
0,11.97,Used,M,21,6.5
0,198.97,Used,M,21,14.25
0,7.17,Used,M,21,6.0
0,199.98,Used,M,21,12.99
0,119.0,Used,M,21,6.0
0,149.0,Used,M,21,6.0
0,149.0,Used,M,21,6.0
0,149.0,Used,M,21,6.0
0,298.0,Used,M,21,6.0
0,6.36,Unused,M,21,6.0
0,76.58,Unused,M,21,14.25
0,19.19,Unused,M,21,6.5
0,19.19,Unused,M,21,6.0
0,287.91,Unused,M,21,12.48
0,64.78,Unused,M,21,6.0
0,165.56,Unused,M,21,12.99
0,27.99,Unused,M,21,6.5
0,19.99,Unused,M,21,6.5
0,28.68,Unused,M,21,49.73
0,15.99,Unused,M,21,6.0
0,298.0,Unused,M,21,6.0
0,316.0,Unused,M,21,6.0
0,79.0,Unused,M,21,6.0
0,7.2,Unused,M,21,6.0
0,2.39,Unused,M,21,6.0
0,13.32,Unused,M,21,6.0
0,16.79,Unused,M,21,6.0
0,4.8,Unused,M,21,12.99
0,9.99,Unused,M,21,6.0
0,13.59,Unused,M,21,6.0
1,3.99,Used,F,22,12.99
0,38.28,Used,F,22,6.0
0,119.0,Used,F,22,6.0
0,3.99,Unused,F,22,6.0
0,8.79,Unused,F,22,6.0
0,20.99,Unused,F,22,12.99
0,10.63,Unused,F,22,12.99
0,119.0,Unused,F,22,12.99
0,41.98,Unused,F,22,6.0
1,99.0,Used,F,5,6.0
0,99.0,Used,F,5,6.0
0,1.59,Used,F,5,6.0
0,277.0,Used,F,5,6.0
0,228.0,Used,F,5,6.0
0,99.0,Unused,F,5,6.0
0,99.0,Unused,F,5,6.0
0,2.39,Unused,F,5,6.0
0,119.0,Unused,F,5,6.0
0,238.0,Unused,F,5,6.0
0,149.0,Unused,F,5,6.0
0,3.18,Unused,F,5,6.0
0,395.0,Unused,F,5,6.0
0,13.58,Used,F,5,6.0
0,7.98,Used,F,5,6.0
0,10.99,Used,F,5,6.0
0,199.0,Used,F,5,6.0
0,752.0,Used,F,5,6.0
0,82.24,Used,F,5,6.0
0,447.65,Used,F,5,75.4
0,475.0,Used,F,5,6.0
0,349.0,Used,F,5,6.0
0,158.0,Used,F,5,6.0
0,465.0,Used,F,5,6.0
0,149.0,Used,F,5,6.0
0,22.32,Unused,F,5,6.5
0,131.85,Unused,F,5,6.5
0,1235.0,Unused,F,5,12.48
0,0.5,Unused,F,5,6.0
0,70.0,Unused,F,5,75.4
0,224.25,Unused,F,5,6.0
0,2.39,Unused,F,5,6.0
0,2.99,Unused,F,5,6.0
0,238.0,Unused,F,5,6.0
0,349.0,Unused,F,5,6.0
0,647.0,Unused,F,5,6.0
0,349.0,Unused,F,5,6.5
0,228.0,Unused,F,5,6.0
0,104.0,Unused,F,5,8.7
0,79.0,Unused,F,5,6.0
0,14.0,Unused,F,5,6.0
0,199.0,Unused,F,5,6.0
0,1.6,Unused,F,5,6.5
0,3.98,Unused,F,5,6.0
0,119.0,Unused,F,5,6.0
0,199.0,Used,F,5,6.5
1,3.5,Used,F,16,6.0
0,98.19,Used,F,16,13.38
0,357.0,Used,F,16,12.99
0,7.0,Unused,F,16,6.0
0,176.54,Unused,F,16,13.38
0,99.95,Unused,F,16,6.0
0,4.08,Unused,F,16,6.0
0,3.5,Unused,F,16,6.0
0,9.12,Unused,F,16,6.0
1,70.0,Used,F,16,6.0
0,698.75,Unused,F,16,6.0
0,47.8,Unused,F,16,6.5
0,238.0,Unused,F,16,6.0
0,149.0,Unused,F,16,6.0
0,298.0,Unused,F,16,6.0
0,654.9,Unused,F,16,6.0
1,11.75,Used,M,7,6.5
0,155.17,Used,M,7,6.5
0,119.16,Unused,M,7,6.5
0,201.45,Unused,M,7,6.5
0,119.0,Unused,M,7,6.5
0,298.0,Unused,M,7,6.5
0,1.2,Unused,M,7,6.5
0,182.67,Unused,M,7,6.5
1,30.0,Used,M,7,6.0
0,149.0,Used,M,7,6.0
0,199.0,Unused,M,7,6.0
0,99.0,Unused,M,7,6.0
0,198.0,Unused,M,7,6.0
0,248.0,Unused,M,7,6.0
0,99.0,Unused,M,7,6.0
0,15.19,Unused,M,7,6.0
0,238.0,Unused,M,7,6.0
0,268.0,Unused,M,7,6.0
0,149.0,Unused,M,7,6.0
0,149.0,Unused,M,7,6.0
0,349.0,Unused,M,7,6.0
0,298.0,Unused,M,7,6.5
0,1.5,Used,M,7,6.0
0,6.0,Used,M,7,6.0
0,298.0,Used,M,7,6.0
0,13.59,Used,M,7,12.99
0,25.68,Unused,M,7,6.0
0,21.58,Unused,M,7,12.99
0,24.47,Unused,M,7,6.0
0,28.74,Unused,M,7,6.0
0,23.96,Unused,M,7,6.0
0,7.98,Unused,M,7,6.0
0,19.39,Unused,M,7,12.99
1,44.79,Used,M,34,6.5
0,149.0,Used,M,34,6.5
0,3.99,Unused,M,34,6.5
0,13.59,Unused,M,34,6.5
0,18.37,Unused,M,34,6.5
0,119.0,Unused,M,34,6.5
0,238.0,Unused,M,34,6.5
0,238.0,Unused,M,34,6.5
0,238.0,Unused,M,34,35.96
0,119.0,Unused,M,34,6.5
0,238.0,Unused,M,34,6.5
0,79.0,Unused,M,34,6.5
0,149.0,Unused,M,34,6.5
0,29.98,Used,M,34,6.5
0,13.59,Used,M,34,6.5
0,16.99,Unused,M,34,6.5
0,298.0,Unused,M,34,6.5
1,651.75,Used,M,34,85.33
0,13.43,Used,M,34,6.0
0,387.0,Used,M,34,6.0
0,19.19,Unused,M,34,6.5
0,162.43,Unused,M,34,6.0
0,238.0,Unused,M,34,6.0
1,198.0,Used,M,34,6.0
0,119.0,Used,M,34,6.0
0,119.0,Used,M,34,12.99
0,158.0,Used,M,34,6.0
0,2.99,Unused,M,34,6.0
0,419.75,Unused,M,34,34.94
0,44.0,Unused,M,34,6.0
0,2.1,Unused,M,34,6.0
1,153.71,Unused,M,26,28.78
0,11.34,Unused,M,26,35.3
0,14.43,Unused,M,26,6.5
1,27.19,Unused,M,26,6.5
1,19.6,Used,F,10,18.47
0,119.0,Used,F,10,6.5
0,119.0,Used,F,10,6.5
0,49.58,Unused,F,10,6.5
0,7.17,Unused,F,10,18.47
0,119.0,Unused,F,10,6.5
0,79.0,Unused,F,10,6.5
0,55.79,Unused,F,10,18.47
0,149.0,Unused,F,10,6.5
1,8.79,Used,F,10,6.0
0,30.28,Used,F,10,6.0
0,38.48,Used,F,10,6.0
0,18.99,Used,F,10,6.0
0,14.38,Unused,F,10,6.0
0,34.98,Unused,F,10,6.0
0,12.79,Unused,F,10,6.0
0,147.22,Unused,F,10,6.0
0,149.0,Unused,F,10,6.0
0,119.0,Unused,F,10,6.0
0,13.59,Unused,F,10,6.0
0,79.0,Unused,F,10,6.0
1,62.69,Used,F,43,75.0
0,386.0,Used,F,43,6.0
0,158.0,Used,F,43,6.0
0,55.99,Unused,F,43,6.0
0,89.5,Unused,F,43,75.0
0,421.78,Unused,F,43,6.0
0,119.0,Unused,F,43,6.0
0,595.0,Unused,F,43,6.0
0,13.59,Unused,F,43,6.0
0,299.0,Unused,F,43,19.99
0,39.19,Unused,F,43,19.99
1,5.99,Used,F,39,6.5
0,268.0,Used,F,39,6.5
0,79.0,Used,F,39,6.5
0,298.0,Used,F,39,6.5
0,149.0,Unused,F,39,6.5
0,238.0,Unused,F,39,6.5
1,45.96,Used,F,39,6.0
0,511.68,Used,F,39,19.99
0,4.8,Used,F,39,12.99
0,44.0,Used,F,39,12.99
0,58.39,Unused,F,39,12.99
0,11.89,Unused,F,39,6.0
0,13.59,Unused,F,39,6.0
0,13.29,Unused,F,39,6.0
0,15.19,Unused,F,39,6.0
0,15.19,Unused,F,39,12.99
0,149.0,Unused,F,39,6.0
0,395.0,Unused,F,39,6.0
1,26.77,Used,F,18,6.0
0,22.94,Used,F,18,6.0
0,9.51,Used,F,18,6.0
0,13.29,Unused,F,18,6.0
0,9.51,Unused,F,18,6.0
0,24.78,Unused,F,18,6.0
0,16.99,Unused,F,18,6.0
0,39.98,Unused,F,18,6.0
0,13.59,Unused,F,18,6.0
1,15.19,Used,F,18,19.99
0,13.99,Unused,F,18,6.0
1,3.18,Used,F,18,6.0
0,3.19,Unused,F,18,6.0
0,34.99,Unused,F,18,6.0
0,75.98,Unused,F,18,6.0
0,19.99,Unused,F,18,6.0
1,17.93,Used,M,42,6.5
0,22.41,Used,M,42,6.0
0,42.39,Used,M,42,6.5
0,242.6,Used,M,42,6.5
0,151.88,Used,M,42,6.5
0,44.82,Unused,M,42,6.0
0,17.93,Unused,M,42,6.5
0,11.2,Unused,M,42,6.0
0,151.88,Unused,M,42,6.5
0,151.88,Unused,M,42,6.5
1,238.0,Used,F,40,6.5
0,119.0,Used,F,40,6.5
0,149.0,Used,F,40,6.5
0,239.8,Unused,F,40,67.28
0,119.0,Unused,F,40,6.5
0,298.0,Unused,F,40,6.5
1,414.7,Used,M,50,26.2
0,165.77,Used,M,50,6.5
0,28.78,Used,M,50,6.5
0,44.79,Unused,M,50,6.5
0,357.0,Unused,M,50,6.5
0,238.0,Unused,M,50,6.5
0,238.0,Unused,M,50,6.5
0,745.0,Unused,M,50,6.5
0,447.0,Unused,M,50,6.5
0,119.0,Unused,M,50,6.5
0,238.0,Unused,M,50,6.5
1,59.99,Used,M,50,6.0
1,92.43,Used,M,50,6.0
0,22.38,Used,M,50,6.0
0,18.99,Used,M,50,6.0
0,36.98,Unused,M,50,6.0
0,10.63,Unused,M,50,6.0
0,119.0,Unused,M,50,6.0
0,67.96,Used,M,50,19.99
0,15.99,Unused,M,50,6.0
0,186.89,Unused,M,50,19.99
0,257.2,Unused,M,50,19.99
0,16.99,Used,M,50,6.0
0,238.0,Unused,M,50,6.0
1,10.39,Used,M,4,6.5
0,81.58,Used,M,4,102.79
0,79.99,Used,M,4,13.78
0,503.64,Used,M,4,6.5
0,141.92,Used,M,4,6.5
0,27.18,Used,M,4,6.5
0,119.0,Used,M,4,6.5
0,18.99,Used,M,4,6.5
0,15.19,Used,M,4,6.5
0,27.99,Used,M,4,6.5
0,13.59,Used,M,4,6.5
0,14.99,Unused,M,4,6.5
0,75.95,Unused,M,4,102.79
0,154.59,Unused,M,4,6.5
0,289.7,Unused,M,4,6.5
0,15.19,Unused,M,4,6.5
0,13.99,Unused,M,4,6.5
0,50.97,Unused,M,4,6.5
0,15.99,Unused,M,4,6.5
0,15.19,Unused,M,4,6.5
0,395.0,Unused,M,4,6.5
0,149.0,Unused,M,4,6.5
0,73.88,Unused,M,4,6.5
0,19.97,Unused,M,4,6.5
0,279.8,Unused,M,4,6.5
0,71.99,Unused,M,4,102.79
0,55.99,Unused,M,4,6.5
0,27.99,Unused,M,4,6.5
0,298.0,Unused,M,4,6.5
1,215.86,Used,M,4,12.91
0,27.98,Used,M,4,6.0
0,44.79,Used,M,4,6.0
0,79.99,Used,M,4,6.5
0,120.38,Used,M,4,12.48
0,119.0,Used,M,4,6.0
0,238.0,Used,M,4,6.0
0,61.59,Used,M,4,6.0
0,149.0,Used,M,4,6.0
0,16.99,Used,M,4,6.0
0,596.0,Used,M,4,6.0
0,17.58,Unused,M,4,6.0
0,21.58,Unused,M,4,6.0
0,63.97,Unused,M,4,6.0
0,25.0,Unused,M,4,0.0
0,74.59,Unused,M,4,6.0
0,50.77,Unused,M,4,6.0
0,119.0,Unused,M,4,6.0
0,119.0,Unused,M,4,6.0
0,447.0,Unused,M,4,6.0
0,179.97,Unused,M,4,12.48
0,16.79,Unused,M,4,6.0
0,13.59,Unused,M,4,6.5
0,149.0,Unused,M,4,6.0
0,298.0,Unused,M,4,19.99
0,149.0,Unused,M,4,6.0
0,47.8,Unused,M,4,12.91
0,79.0,Unused,M,4,6.0
0,13.59,Unused,M,4,6.0
0,13.59,Unused,M,4,6.0
0,16.99,Unused,M,4,6.0
1,3.08,Used,F,21,6.5
0,153.71,Used,F,21,6.5
0,4.12,Unused,F,21,6.5
0,8.24,Unused,F,21,6.5
0,153.71,Unused,F,21,6.5
1,49.95,Unused,F,50,12.99
0,405.68,Unused,F,50,12.99
0,303.76,Unused,F,50,12.99
1,20.98,Used,M,13,6.5
0,19.99,Used,M,13,6.5
0,87.99,Used,M,13,6.5
0,83.99,Used,M,13,6.5
0,149.0,Used,M,13,6.5
0,69.95,Unused,M,13,6.5
0,119.0,Unused,M,13,6.5
0,18.99,Unused,M,13,6.5
0,61.59,Unused,M,13,6.5
0,12.99,Unused,M,13,6.5
0,19.99,Unused,M,13,6.5
1,7.2,Used,F,7,6.5
0,26.8,Used,F,7,6.5
0,32.99,Used,F,7,6.5
0,2.05,Used,F,7,6.5
0,92.42,Used,F,7,13.78
0,46.21,Used,F,7,6.5
0,86.63,Used,F,7,6.5
0,2.47,Used,F,7,18.47
0,245.54,Used,F,7,6.5
0,17.53,Used,F,7,6.5
0,153.71,Used,F,7,6.5
0,307.42,Used,F,7,6.5
0,12.36,Unused,F,7,6.5
0,118.54,Unused,F,7,6.5
0,120.68,Unused,F,7,6.5
0,87.27,Unused,F,7,18.47
0,139.05,Unused,F,7,6.5
0,19.59,Unused,F,7,6.5
0,122.77,Unused,F,7,6.5
0,35.06,Unused,F,7,6.5
0,81.5,Unused,F,7,6.5
0,16.5,Unused,F,7,6.5
0,28.04,Unused,F,7,6.5
0,153.71,Unused,F,7,6.5
0,153.71,Unused,F,7,6.5
0,153.71,Unused,F,7,6.5
0,307.42,Unused,F,7,6.5
0,2.58,Unused,F,7,6.5
0,29.69,Unused,F,7,18.47
0,2.05,Unused,F,7,6.5
0,9.24,Unused,F,7,6.5
0,245.54,Unused,F,7,6.5
0,16.5,Unused,F,7,6.5
0,153.71,Unused,F,7,6.5
1,28.52,Used,F,46,6.5
0,506.6,Used,F,46,6.5
0,8.96,Unused,F,46,6.5
0,19.97,Unused,F,46,6.5
0,17.93,Unused,F,46,6.5
0,201.82,Unused,F,46,6.5
0,17.93,Unused,F,46,6.5
0,4.07,Unused,F,46,6.5
0,121.3,Unused,F,46,6.5
1,57.42,Used,M,26,12.91
0,9.99,Used,M,26,6.0
0,119.0,Used,M,26,12.48
0,28.0,Used,M,26,12.99
0,199.0,Unused,M,26,6.0
0,198.0,Unused,M,26,12.48
0,122.22,Unused,M,26,12.91
0,119.0,Unused,M,26,6.0
0,23.76,Unused,M,26,12.99
0,149.0,Unused,M,26,6.0
1,25.24,Used,F,8,6.5
0,57.24,Used,F,8,41.3
0,276.48,Used,F,8,6.5
0,326.0,Used,F,8,6.5
0,153.71,Used,F,8,6.5
0,28.44,Unused,F,8,41.3
0,162.78,Unused,F,8,6.5
0,122.77,Unused,F,8,6.5
0,245.54,Unused,F,8,6.5
0,3.61,Unused,F,8,6.5
0,3.61,Unused,F,8,6.5
0,317.52,Unused,F,8,41.3
0,122.77,Unused,F,8,6.5
1,23.15,Used,F,49,6.0
0,322.9,Used,F,49,17.84
0,59.8,Used,F,49,6.0
0,671.79,Used,F,49,13.75
0,92.4,Used,F,49,6.0
0,46.5,Used,F,49,6.0
0,357.0,Used,F,49,19.99
0,79.0,Used,F,49,6.0
0,596.0,Used,F,49,12.99
0,17.37,Unused,F,49,6.0
0,11.18,Unused,F,49,6.0
0,62.5,Unused,F,49,6.0
0,22.0,Unused,F,49,6.0
0,56.98,Unused,F,49,6.0
0,46.8,Unused,F,49,6.0
0,23.59,Unused,F,49,6.0
0,238.0,Unused,F,49,6.0
0,119.0,Unused,F,49,6.0
0,41.99,Unused,F,49,6.0
0,16.99,Unused,F,49,6.0
0,33.0,Unused,F,49,6.0
0,33.59,Unused,F,49,6.0
0,15.99,Unused,F,49,6.0
1,119.0,Used,F,25,6.0
0,298.0,Used,F,25,6.0
0,4.4,Used,F,25,6.0
0,149.0,Used,F,25,6.0
0,55.99,Unused,F,25,6.0
0,19.99,Unused,F,25,6.0
0,51.99,Unused,F,25,6.0
0,358.0,Unused,F,25,19.99
0,238.0,Unused,F,25,19.99
0,119.0,Unused,F,25,6.0
0,357.0,Unused,F,25,6.0
0,349.0,Unused,F,25,6.0
0,119.0,Unused,F,25,6.0
0,349.0,Unused,F,25,19.99
0,77.46,Used,F,25,12.91
0,99.0,Used,F,25,6.0
0,83.18,Used,F,25,6.5
0,141.53,Unused,F,25,12.91
0,17.49,Unused,F,25,6.0
0,2.99,Unused,F,25,6.0
0,34.0,Unused,F,25,12.91
0,151.88,Unused,F,25,6.5
1,359.59,Unused,F,11,6.0
0,28.0,Used,F,11,21.19
0,53.82,Used,F,11,6.0
0,119.0,Used,F,11,6.0
0,238.0,Used,F,11,6.0
0,119.0,Used,F,11,6.0
0,43.49,Unused,F,11,6.5
0,151.7,Unused,F,11,21.19
0,223.48,Unused,F,11,6.0
0,99.0,Unused,F,11,6.0
0,119.0,Unused,F,11,6.0
0,149.0,Unused,F,11,6.0
0,69.6,Unused,F,11,6.0
1,99.0,Unused,F,11,6.5
1,11.98,Used,F,12,6.0
0,149.0,Unused,F,12,6.0
0,11.98,Unused,F,12,6.0
0,149.0,Unused,F,12,6.0
1,119.0,Used,F,15,6.5
0,119.0,Used,F,15,6.5
0,119.0,Used,F,15,6.5
0,149.0,Used,F,15,6.5
0,149.0,Used,F,15,6.5
0,27.98,Unused,F,15,99.55
0,119.0,Unused,F,15,6.5
0,119.0,Unused,F,15,6.5
0,16.99,Unused,F,15,6.5
0,79.0,Unused,F,15,6.5
0,271.84,Unused,F,15,229.54
0,22.99,Unused,F,15,6.5
1,16.79,Unused,F,15,6.0
1,11.18,Used,F,15,6.0
0,238.0,Unused,F,15,12.99
1,2.39,Used,F,2,16.85
0,250.0,Unused,F,2,0.0
0,238.0,Unused,F,2,6.0
0,349.0,Unused,F,2,6.0
0,149.0,Unused,F,2,6.0
0,298.0,Unused,F,2,6.0
0,149.0,Unused,F,2,6.0
0,8.79,Unused,F,2,16.85
0,19.99,Unused,F,2,6.0
0,149.0,Unused,F,2,6.0
1,15.2,Unused,F,2,12.48
1,355.74,Unused,F,41,6.5
0,249.75,Unused,F,41,6.5
1,12.79,Used,F,32,6.5
0,11.98,Used,F,32,6.0
0,10.63,Used,F,32,20.0
0,24.6,Used,F,32,12.48
0,44.79,Used,F,32,6.0
0,222.0,Used,F,32,12.48
0,23.99,Used,F,32,6.5
0,77.9,Used,F,32,12.99
0,13.59,Used,F,32,6.0
0,2.99,Used,F,32,6.0
0,15.99,Used,F,32,6.0
0,79.0,Used,F,32,19.99
0,33.98,Used,F,32,19.99
0,13.99,Used,F,32,6.0
0,665.62,Unused,F,32,6.0
0,31.47,Unused,F,32,6.0
0,379.57,Unused,F,32,12.99
0,41.27,Unused,F,32,6.0
0,25.0,Unused,F,32,0.0
0,25.0,Unused,F,32,0.0
0,25.0,Unused,F,32,0.0
0,3.6,Unused,F,32,6.5
0,35.16,Unused,F,32,12.48
0,13.29,Unused,F,32,19.99
0,48.78,Unused,F,32,6.5
0,3.98,Unused,F,32,6.0
0,13.59,Unused,F,32,6.0
0,238.0,Unused,F,32,19.99
0,268.0,Unused,F,32,19.99
0,298.0,Unused,F,32,6.0
0,228.0,Unused,F,32,6.0
0,596.0,Unused,F,32,6.0
0,11.94,Unused,F,32,6.0
0,25.0,Unused,F,32,0.0
0,30.37,Unused,F,32,6.5
0,87.58,Unused,F,32,12.99
0,31.99,Unused,F,32,6.5
0,8.39,Unused,F,32,6.0
0,2.99,Unused,F,32,6.0
0,29.79,Unused,F,32,6.0
1,12.16,Used,F,28,6.0
0,84.95,Used,F,28,6.0
0,9.2,Unused,F,28,6.0
0,21.76,Unused,F,28,6.0
0,920.63,Unused,F,28,6.0
0,149.0,Unused,F,28,6.0
0,59.45,Unused,F,28,6.0
0,13.99,Unused,F,28,6.0
1,15.98,Used,M,36,18.12
0,44.79,Used,M,36,6.5
0,63.96,Unused,M,36,18.12
0,199.0,Unused,M,36,6.5
0,59.99,Unused,M,36,6.5
1,348.0,Used,M,36,8.7
0,119.0,Used,M,36,6.0
0,149.0,Used,M,36,6.0
0,2.39,Unused,M,36,6.0
0,312.0,Unused,M,36,8.7
0,149.0,Unused,M,36,6.0
1,68.18,Used,M,36,12.91
0,1.99,Used,M,36,6.0
0,22.4,Unused,M,36,12.91
0,349.0,Unused,M,36,6.0
0,61.0,Unused,M,36,12.91
0,199.2,Used,M,36,6.0
0,119.0,Used,M,36,6.0
0,18.75,Used,M,36,6.0
0,140.0,Unused,M,36,6.0
0,349.0,Unused,M,36,12.99
0,119.6,Unused,M,36,6.0
0,119.0,Unused,M,36,6.0
1,94.8,Used,F,21,6.0
0,16.99,Used,F,21,12.99
0,13.29,Used,F,21,19.99
0,10.63,Used,F,21,6.0
0,79.0,Used,F,21,6.0
0,298.0,Used,F,21,6.0
0,249.4,Unused,F,21,6.0
0,12.99,Unused,F,21,12.99
0,2.99,Unused,F,21,6.0
0,13.29,Unused,F,21,19.99
0,30.38,Unused,F,21,6.0
0,357.0,Unused,F,21,6.0
0,45.48,Unused,F,21,6.0
0,35.0,Unused,F,21,6.0
0,34.15,Unused,F,21,6.0
0,79.0,Unused,F,21,6.0
0,58.79,Used,F,21,6.0
1,79.0,Used,F,9,6.0
0,11.75,Unused,F,9,6.0
0,52.07,Unused,F,9,6.0
1,133.81,Used,M,36,12.91
0,1145.0,Used,M,36,19.99
0,99.0,Used,M,36,6.0
0,99.0,Used,M,36,6.0
0,99.0,Used,M,36,6.0
0,119.0,Used,M,36,6.0
0,208.0,Used,M,36,8.7
0,199.0,Unused,M,36,6.0
0,99.0,Unused,M,36,6.0
0,35.85,Unused,M,36,12.91
0,5.98,Unused,M,36,6.0
0,191.6,Unused,M,36,30.92
0,119.0,Unused,M,36,6.0
0,119.0,Unused,M,36,6.0
0,149.0,Unused,M,36,6.0
0,237.0,Unused,M,36,6.0
0,149.0,Unused,M,36,6.0
0,149.0,Unused,M,36,6.0
0,149.0,Unused,M,36,19.99
0,596.0,Unused,M,36,6.0
0,19.99,Unused,M,36,6.0
1,30.33,Used,F,36,6.5
0,11.3,Used,F,36,6.5
0,122.77,Used,F,36,6.5
0,122.77,Used,F,36,6.5
0,245.54,Used,F,36,6.5
0,33.0,Used,F,36,6.5
0,163.0,Used,F,36,6.5
0,81.5,Used,F,36,6.5
0,53.45,Unused,F,36,6.5
0,57.76,Unused,F,36,6.5
0,184.84,Unused,F,36,35.96
0,16.48,Unused,F,36,6.5
0,613.85,Unused,F,36,6.5
0,16.5,Unused,F,36,6.5
0,153.71,Unused,F,36,6.5
0,205.3,Unused,F,36,8.7
0,22.63,Unused,F,36,6.5
0,9.88,Unused,F,36,6.5
1,298.0,Unused,F,40,6.5
0,55.8,Used,F,40,18.47
0,47.85,Used,F,40,24.47
0,3.99,Used,F,40,6.5
0,308.39,Used,F,40,6.5
0,11.96,Used,F,40,6.5
0,79.19,Used,F,40,6.5
0,426.0,Used,F,40,6.5
0,119.0,Used,F,40,6.5
0,119.0,Used,F,40,6.5
0,119.0,Used,F,40,6.5
0,119.0,Used,F,40,6.5
0,180.98,Used,F,40,6.5
0,16.99,Used,F,40,6.5
0,54.36,Used,F,40,50.0
0,30.37,Unused,F,40,6.5
0,55.99,Unused,F,40,18.47
0,34.99,Unused,F,40,6.5
0,149.75,Unused,F,40,6.5
0,83.85,Unused,F,40,13.78
0,476.0,Unused,F,40,139.84
0,435.0,Unused,F,40,6.5
0,119.0,Unused,F,40,6.5
0,15.19,Unused,F,40,24.47
0,67.19,Unused,F,40,6.5
0,27.18,Unused,F,40,50.0
0,61.59,Unused,F,40,6.5
0,298.0,Unused,F,40,6.5
0,219.75,Unused,F,40,64.01
0,12.99,Unused,F,40,6.5
0,15.19,Unused,F,40,18.47
0,24.99,Unused,F,40,6.5
0,149.0,Unused,F,40,6.5
1,19.19,Used,F,40,51.81
0,395.0,Used,F,40,6.0
0,273.18,Unused,F,40,51.81
0,238.0,Unused,F,40,6.0
0,44.0,Unused,F,40,6.0
0,149.0,Unused,F,40,6.0
0,18.0,Unused,F,40,51.81
0,4.8,Used,F,40,6.0
0,42.0,Unused,F,40,6.0
0,149.0,Unused,F,40,6.0
0,21.26,Unused,F,40,6.0
1,17.98,Used,F,31,6.5
0,1.59,Used,F,31,6.5
0,15.19,Used,F,31,6.5
0,16.99,Used,F,31,6.5
0,149.0,Used,F,31,6.5
0,149.0,Used,F,31,6.5
0,43.97,Unused,F,31,6.5
0,22.98,Unused,F,31,6.5
0,476.0,Unused,F,31,6.5
0,476.0,Unused,F,31,6.5
0,119.0,Unused,F,31,6.5
0,15.99,Unused,F,31,6.5
0,74.99,Unused,F,31,6.5
0,52.49,Unused,F,31,6.5
0,237.86,Unused,F,31,26.43
0,149.0,Unused,F,31,6.5
0,149.0,Unused,F,31,6.5
0,19.19,Unused,F,31,6.5
0,15.99,Unused,F,31,6.5
1,66.95,Used,F,31,6.0
0,51.46,Unused,F,31,6.0
1,8.88,Used,F,31,6.0
0,32.4,Unused,F,31,6.0
0,15.99,Unused,F,31,6.0
1,42.97,Used,F,31,6.0
0,6.49,Used,F,31,6.0
0,199.0,Used,F,31,6.5
0,349.0,Used,F,31,6.5
0,158.0,Used,F,31,6.5
0,22.46,Unused,F,31,6.0
0,556.0,Unused,F,31,6.5
0,21.99,Unused,F,31,6.0
0,149.0,Unused,F,31,6.5
0,395.0,Unused,F,31,19.99
0,8.49,Unused,F,31,6.0
0,298.0,Unused,F,31,6.5
0,149.0,Unused,F,31,6.5
0,149.0,Unused,F,31,6.5
0,13.98,Unused,F,31,6.0
0,99.0,Unused,F,31,6.5
0,119.0,Unused,F,31,6.5
0,2.0,Used,F,31,6.0
0,99.0,Used,F,31,6.5
0,41.59,Unused,F,31,6.5
0,468.0,Unused,F,31,6.5
0,596.0,Unused,F,31,6.5
1,2.37,Used,F,27,6.5
0,3.19,Used,F,27,6.5
0,30.5,Used,F,27,6.5
0,22.47,Used,F,27,6.0
0,7.59,Used,F,27,6.5
0,398.0,Used,F,27,6.5
0,32.98,Used,F,27,6.0
0,8.78,Used,F,27,6.5
0,198.0,Used,F,27,6.5
0,41.59,Used,F,27,6.5
0,19.99,Used,F,27,6.0
0,79.99,Used,F,27,6.5
0,119.0,Used,F,27,6.5
0,119.0,Used,F,27,6.5
0,119.0,Used,F,27,6.5
0,238.0,Used,F,27,6.5
0,238.0,Used,F,27,6.5
0,149.0,Used,F,27,6.5
0,149.0,Used,F,27,6.5
0,158.0,Used,F,27,6.5
0,298.0,Used,F,27,6.5
0,149.0,Used,F,27,6.5
0,15.8,Unused,F,27,6.5
0,119.7,Unused,F,27,6.5
0,3.99,Unused,F,27,6.0
0,59.94,Unused,F,27,6.5
0,46.96,Unused,F,27,6.0
0,10.99,Unused,F,27,6.0
0,8.79,Unused,F,27,6.5
0,199.0,Unused,F,27,6.5
0,199.0,Unused,F,27,6.5
0,278.0,Unused,F,27,6.5
0,199.0,Unused,F,27,6.5
0,10.39,Unused,F,27,6.5
0,99.0,Unused,F,27,6.5
0,198.0,Unused,F,27,6.5
0,99.0,Unused,F,27,6.5
0,73.57,Unused,F,27,6.5
0,41.59,Unused,F,27,6.5
0,54.97,Unused,F,27,6.5
0,6.79,Unused,F,27,6.5
0,279.0,Unused,F,27,6.5
0,279.0,Unused,F,27,6.5
0,119.0,Unused,F,27,6.5
0,119.0,Unused,F,27,6.5
0,238.0,Unused,F,27,6.5
0,238.0,Unused,F,27,6.5
0,119.0,Unused,F,27,6.5
0,119.0,Unused,F,27,19.99
0,119.0,Unused,F,27,6.5
0,468.0,Unused,F,27,6.5
0,119.0,Unused,F,27,6.5
0,428.0,Unused,F,27,6.5
0,349.0,Unused,F,27,6.5
0,349.0,Unused,F,27,6.5
0,149.0,Unused,F,27,6.5
0,149.0,Unused,F,27,6.5
0,79.0,Unused,F,27,6.5
0,79.0,Unused,F,27,6.5
0,39.6,Unused,F,27,6.5
0,149.0,Unused,F,27,6.5
0,0.79,Unused,F,27,6.5
0,199.0,Unused,F,27,6.5
0,41.59,Unused,F,27,6.5
0,44.99,Unused,F,27,6.5
0,279.0,Unused,F,27,6.5
0,238.0,Unused,F,27,6.5
0,119.0,Unused,F,27,12.99
0,357.0,Unused,F,27,6.5
0,357.0,Unused,F,27,6.5
0,79.0,Unused,F,27,6.5
0,158.0,Unused,F,27,6.5
0,149.0,Unused,F,27,6.5
1,59.85,Used,M,40,15.75
0,12.95,Used,M,40,12.99
0,1.5,Used,M,40,12.99
0,155.35,Used,M,40,12.91
0,20.78,Used,M,40,6.0
0,9.99,Used,M,40,6.0
0,19.99,Used,M,40,12.99
0,13.59,Used,M,40,6.0
0,637.0,Used,M,40,6.0
0,279.0,Used,M,40,6.0
0,119.0,Used,M,40,6.0
0,238.0,Used,M,40,6.0
0,119.0,Used,M,40,6.0
0,7.6,Used,M,40,6.5
0,349.0,Used,M,40,6.0
0,349.0,Used,M,40,6.0
0,349.0,Used,M,40,6.0
0,349.0,Used,M,40,6.0
0,465.0,Used,M,40,6.0
0,149.0,Used,M,40,6.0
0,24.98,Unused,M,40,12.99
0,31.74,Unused,M,40,6.0
0,9.2,Unused,M,40,6.0
0,279.95,Unused,M,40,24.37
0,95.4,Unused,M,40,19.99
0,52.46,Unused,M,40,12.99
0,24.28,Unused,M,40,6.0
0,11.2,Unused,M,40,6.0
0,5.6,Unused,M,40,19.99
0,35.85,Unused,M,40,12.91
0,250.0,Unused,M,40,0.0
0,4.07,Unused,M,40,6.0
0,259.35,Unused,M,40,12.91
0,239.8,Unused,M,40,14.25
0,8.79,Unused,M,40,6.0
0,24.99,Unused,M,40,6.0
0,985.0,Unused,M,40,6.0
0,279.0,Unused,M,40,6.0
0,119.0,Unused,M,40,12.99
0,119.0,Unused,M,40,19.99
0,198.0,Unused,M,40,6.0
0,119.0,Unused,M,40,6.0
0,357.0,Unused,M,40,6.0
0,119.0,Unused,M,40,6.0
0,37.2,Unused,M,40,6.0
0,16.99,Unused,M,40,6.0
0,86.39,Unused,M,40,6.5
0,349.0,Unused,M,40,6.0
0,428.0,Unused,M,40,6.0
0,349.0,Unused,M,40,6.0
0,15.19,Unused,M,40,12.99
0,149.0,Unused,M,40,6.0
0,149.0,Unused,M,40,6.0
0,149.0,Unused,M,40,6.0
0,79.0,Unused,M,40,6.0
0,79.0,Unused,M,40,6.0
0,149.0,Unused,M,40,6.0
0,149.0,Unused,M,40,6.0
0,298.0,Unused,M,40,6.0
0,199.0,Unused,M,40,8.7
0,199.0,Unused,M,40,6.0
0,127.6,Unused,M,40,58.49
0,3.98,Unused,M,40,12.99
0,31.96,Unused,M,40,12.99
0,47.8,Unused,M,40,14.25
0,19.99,Unused,M,40,6.0
0,19.99,Unused,M,40,6.0
0,19.99,Unused,M,40,12.99
0,119.0,Unused,M,40,6.0
0,44.0,Unused,M,40,6.0
0,13.59,Unused,M,40,6.5
0,349.0,Unused,M,40,6.0
0,349.0,Unused,M,40,6.0
0,349.0,Unused,M,40,6.0
1,30.83,Used,M,21,12.99
0,146.12,Used,M,21,6.0
0,119.6,Used,M,21,38.19
0,199.0,Used,M,21,6.0
0,5.98,Used,M,21,6.0
0,48.9,Used,M,21,30.35
0,101.88,Used,M,21,6.0
0,25.32,Used,M,21,6.0
0,7.77,Used,M,21,6.0
0,246.0,Used,M,21,6.0
0,5.7,Used,M,21,12.99
0,18.15,Used,M,21,6.5
0,163.6,Used,M,21,14.25
0,268.0,Used,M,21,6.0
0,595.0,Used,M,21,6.0
0,23.99,Used,M,21,6.0
0,28.0,Used,M,21,6.0
0,21.59,Used,M,21,6.0
0,158.0,Used,M,21,6.0
0,237.0,Used,M,21,6.0
0,13.59,Used,M,21,6.0
0,149.0,Used,M,21,6.0
0,203.88,Unused,M,21,38.19
0,67.57,Unused,M,21,6.0
0,126.24,Unused,M,21,12.99
0,27.98,Unused,M,21,12.99
0,10.99,Unused,M,21,6.0
0,398.0,Unused,M,21,6.0
0,3.98,Unused,M,21,6.0
0,15.43,Unused,M,21,6.0
0,14.95,Unused,M,21,6.0
0,10.29,Unused,M,21,6.0
0,1199.0,Unused,M,21,45.93
0,19.99,Unused,M,21,6.0
0,433.08,Unused,M,21,14.25
0,4.56,Unused,M,21,6.0
0,198.0,Unused,M,21,6.0
0,119.0,Unused,M,21,6.0
0,357.0,Unused,M,21,6.0
0,10.63,Unused,M,21,6.5
0,41.99,Unused,M,21,6.5
0,15.99,Unused,M,21,6.0
0,1.98,Unused,M,21,6.0
0,7.99,Unused,M,21,6.0
0,13.29,Unused,M,21,6.0
0,72.98,Unused,M,21,12.99
0,13.9,Unused,M,21,12.99
0,119.0,Unused,M,21,6.0
0,67.14,Unused,M,21,30.35
0,149.0,Unused,M,21,6.0
0,237.0,Unused,M,21,6.0
1,12.78,Used,M,28,6.0
0,7.6,Used,M,28,6.0
0,238.0,Used,M,28,12.99
0,474.0,Used,M,28,6.0
0,149.0,Used,M,28,6.0
0,1.0,Unused,M,28,19.99
0,42.19,Unused,M,28,6.0
0,36.78,Unused,M,28,6.0
0,268.0,Unused,M,28,12.99
0,149.0,Unused,M,28,6.0
0,149.0,Unused,M,28,6.0
0,9.99,Unused,M,28,19.99
0,79.0,Unused,M,28,6.0
1,23.99,Used,F,7,6.0
0,26.38,Used,F,7,6.0
0,27.19,Unused,F,7,6.0
0,745.0,Unused,F,7,12.91
1,79.0,Used,F,7,6.0
0,119.0,Unused,F,7,6.0
0,149.0,Unused,F,7,6.0
0,17.35,Used,F,7,6.0
0,10.63,Unused,F,7,6.0
0,4.08,Unused,F,7,6.0
0,119.0,Unused,F,7,6.0
1,139.75,Used,M,50,47.45
0,119.0,Used,M,50,6.0
0,238.0,Used,M,50,6.0
0,18.99,Used,M,50,6.0
0,228.0,Used,M,50,6.0
0,79.0,Used,M,50,6.0
0,11.19,Used,M,50,6.0
0,27.18,Used,M,50,6.0
0,79.99,Unused,M,50,6.0
0,40.87,Unused,M,50,6.0
0,13.29,Unused,M,50,6.0
0,119.0,Unused,M,50,6.0
0,67.19,Unused,M,50,6.0
0,228.0,Unused,M,50,6.5
0,27.18,Unused,M,50,6.0
0,25.9,Unused,M,50,6.0
0,149.0,Unused,M,50,6.0
0,23.97,Unused,M,50,6.0
0,13.29,Unused,M,50,6.0
0,9.95,Unused,M,50,6.0
1,7.57,Used,M,50,6.0
0,8.25,Used,M,50,6.0
0,0.5,Used,M,50,6.0
0,6.0,Used,M,50,6.0
0,99.0,Used,M,50,6.0
0,198.0,Used,M,50,6.0
0,14.0,Used,M,50,30.0
0,79.99,Used,M,50,6.0
0,707.0,Used,M,50,6.0
0,119.0,Used,M,50,6.0
0,119.0,Used,M,50,6.5
0,119.0,Used,M,50,6.0
0,4.8,Used,M,50,12.91
0,4.75,Used,M,50,6.0
0,39.98,Used,M,50,6.0
0,349.0,Used,M,50,6.0
0,79.0,Used,M,50,6.0
0,97.94,Unused,M,50,12.91
0,8.58,Unused,M,50,6.0
0,23.39,Unused,M,50,6.0
0,31.92,Unused,M,50,12.48
0,22.0,Unused,M,50,6.0
0,558.0,Unused,M,50,6.0
0,24.73,Unused,M,50,30.0
0,119.0,Unused,M,50,6.0
0,119.0,Unused,M,50,6.0
0,6.0,Unused,M,50,6.0
0,16.79,Unused,M,50,6.0
0,158.0,Unused,M,50,6.0
0,237.0,Unused,M,50,6.0
0,31.17,Unused,M,50,12.91
0,4.99,Unused,M,50,30.0
0,0.4,Unused,M,50,6.0
0,24.75,Unused,M,50,6.0
0,23.25,Unused,M,50,6.0
0,349.0,Unused,M,50,6.0
1,8.91,Used,F,16,13.78
0,244.5,Used,F,16,6.5
0,153.71,Used,F,16,6.5
0,54.34,Unused,F,16,13.78
0,122.77,Unused,F,16,6.5
0,245.54,Unused,F,16,6.5
0,153.71,Unused,F,16,6.5
1,149.0,Unused,F,16,6.0
0,23.94,Unused,F,16,6.0
0,12.98,Used,F,16,6.0
1,138.22,Used,F,16,34.94
0,243.91,Unused,F,16,34.94
0,387.0,Unused,F,16,6.0
0,33.6,Unused,F,16,34.94
1,5.0,Used,F,16,6.0
0,119.0,Used,F,16,6.0
0,31.99,Used,F,16,6.0
0,298.0,Used,F,16,6.0
0,316.0,Used,F,16,6.0
0,79.0,Used,F,16,6.0
0,2.5,Unused,F,16,6.0
0,99.0,Unused,F,16,6.0
0,21.6,Unused,F,16,6.0
0,158.0,Unused,F,16,6.0
1,17.93,Used,F,16,6.5
0,355.74,Used,F,16,19.99
0,17.93,Unused,F,16,6.5
0,11.2,Unused,F,16,6.0
0,149.85,Unused,F,16,19.99
0,100.91,Unused,F,16,6.5
0,151.88,Unused,F,16,6.5
0,80.52,Unused,F,16,19.99
1,18.48,Used,F,21,6.5
0,16.48,Used,F,21,6.5
0,122.77,Used,F,21,6.5
0,17.53,Used,F,21,18.65
0,244.5,Used,F,21,6.5
0,78.36,Used,F,21,6.5
0,20.62,Used,F,21,6.5
0,17.53,Used,F,21,6.5
0,153.71,Used,F,21,6.5
0,153.71,Used,F,21,6.5
0,153.71,Used,F,21,6.5
0,307.42,Used,F,21,6.5
0,122.77,Unused,F,21,6.5
0,122.77,Unused,F,21,6.5
0,153.71,Unused,F,21,6.5
0,768.55,Unused,F,21,6.5
0,153.71,Unused,F,21,28.78
0,153.71,Unused,F,21,6.5
0,153.71,Unused,F,21,8.7
0,245.54,Unused,F,21,6.5
0,245.54,Unused,F,21,6.5
0,153.71,Unused,F,21,6.5
1,10.38,Used,F,6,12.91
0,20.14,Used,F,6,6.0
0,316.0,Used,F,6,6.0
0,19.99,Used,F,6,6.0
0,171.12,Unused,F,6,12.91
0,15.19,Unused,F,6,6.0
0,21.98,Unused,F,6,6.0
0,119.0,Unused,F,6,6.0
0,19.99,Unused,F,6,6.0
0,5.6,Unused,F,6,12.91
0,18.99,Unused,F,6,6.0
0,476.0,Unused,F,6,6.0
0,32.45,Unused,F,6,6.0
1,74.85,Used,F,28,12.99
0,60.96,Used,F,28,6.0
0,11.95,Used,F,28,50.93
0,149.0,Used,F,28,6.0
0,329.39,Unused,F,28,50.93
0,8.99,Unused,F,28,6.0
0,57.37,Unused,F,28,6.0
0,33.58,Unused,F,28,6.0
0,4.56,Unused,F,28,6.0
0,119.0,Unused,F,28,6.0
0,27.18,Unused,F,28,6.0
0,72.49,Unused,F,28,6.0
0,2.39,Unused,F,28,6.0
0,7.95,Unused,F,28,50.93
0,238.0,Unused,F,28,6.0
0,199.0,Unused,F,28,6.0
1,4.08,Used,M,40,6.0
0,20.78,Unused,M,40,6.0
0,92.38,Unused,M,40,6.0
0,4.99,Unused,M,40,6.0
0,9.6,Unused,M,40,6.0
0,119.0,Unused,M,40,6.0
0,16.99,Unused,M,40,6.0
0,149.0,Unused,M,40,6.0
0,149.0,Unused,M,40,6.0
0,149.0,Unused,M,40,6.0
0,13.9,Unused,M,40,6.0
1,223.95,Unused,M,50,16.47
1,19.99,Used,M,26,6.0
0,149.0,Used,M,26,6.0
0,19.19,Unused,M,26,6.0
0,149.0,Unused,M,26,6.0
0,298.0,Unused,M,26,6.0
0,13.59,Unused,M,26,6.0
1,147.6,Used,F,46,12.91
0,15.19,Used,F,46,51.99
0,119.0,Used,F,46,6.5
0,42.0,Unused,F,46,12.91
0,75.95,Unused,F,46,51.99
0,95.7,Unused,F,46,6.5
0,161.97,Unused,F,46,12.48
0,57.98,Unused,F,46,6.5
0,298.0,Unused,F,46,6.5
0,15.19,Unused,F,46,51.99
0,199.17,Unused,F,46,12.48
0,238.0,Unused,F,46,6.5
1,79.0,Unused,F,46,6.0
1,119.0,Unused,F,6,6.5
1,147.97,Used,F,2,75.0
0,398.0,Used,F,2,8.7
0,6.99,Unused,F,2,75.0
0,149.0,Unused,F,2,6.0
0,149.0,Unused,F,2,8.7
1,119.0,Used,F,2,6.0
1,158.0,Unused,F,38,6.0
1,32.96,Used,F,33,12.99
0,696.0,Used,F,33,12.99
0,4.56,Used,F,33,6.0
0,387.0,Used,F,33,6.0
0,428.0,Used,F,33,6.0
0,13.95,Unused,F,33,12.99
0,8.79,Unused,F,33,6.0
0,19.99,Unused,F,33,19.99
0,21.19,Unused,F,33,6.0
0,349.0,Unused,F,33,6.0
0,32.97,Unused,F,33,12.99
0,119.0,Unused,F,33,6.0
0,15.39,Unused,F,33,19.99
1,32.78,Used,F,34,12.48
0,24.99,Used,F,34,6.0
0,11.96,Unused,F,34,6.0
0,37.98,Unused,F,34,6.0
0,21.58,Unused,F,34,12.48
0,298.0,Unused,F,34,6.0
0,30.38,Unused,F,34,12.48
0,42.0,Used,F,34,6.0
0,119.0,Used,F,34,6.0
0,55.43,Used,F,34,6.0
0,298.0,Used,F,34,6.0
0,7.27,Unused,F,34,6.0
0,238.0,Unused,F,34,6.0
0,149.0,Unused,F,34,6.0
0,119.0,Unused,F,34,6.0
0,237.0,Unused,F,34,6.0
1,1.59,Used,F,34,6.0
0,58.79,Used,F,34,6.0
0,8.79,Unused,F,34,6.0
0,119.0,Unused,F,34,6.0
1,19.19,Used,M,7,6.0
0,149.0,Used,M,7,6.0
0,239.88,Used,M,7,33.04
0,21.97,Unused,M,7,6.0
0,177.48,Unused,M,7,33.04
0,20.97,Unused,M,7,30.0
0,29.99,Unused,M,7,6.0
0,87.99,Unused,M,7,12.99
0,38.98,Unused,M,7,30.0
0,10.99,Unused,M,7,30.0
0,33.59,Unused,M,7,6.0
1,12.89,Used,M,7,6.0
0,79.99,Used,M,7,6.0
0,2.99,Used,M,7,6.0
0,10.63,Used,M,7,6.0
0,71.83,Unused,M,7,6.0
0,13.29,Unused,M,7,6.0
0,29.85,Unused,M,7,6.0
0,162.59,Unused,M,7,6.0
0,23.76,Used,M,7,6.0
0,18.99,Used,M,7,6.0
0,15.39,Used,M,7,6.0
0,82.38,Unused,M,7,6.5
0,79.8,Unused,M,7,6.0
0,2.99,Unused,M,7,6.0
1,151.88,Used,M,7,6.5
0,78.24,Unused,M,7,56.32
1,18.99,Used,F,38,12.99
0,119.0,Unused,F,38,6.0
0,119.0,Unused,F,38,6.0
0,33.59,Used,F,38,6.0
0,25.87,Used,F,38,6.0
0,346.3,Used,F,38,6.0
0,20.93,Used,F,38,6.0
0,19.18,Used,F,38,6.5
0,199.9,Used,F,38,6.0
0,19.59,Used,F,38,6.0
0,298.0,Used,F,38,6.0
0,178.15,Unused,F,38,6.0
0,33.59,Unused,F,38,6.0
0,33.59,Unused,F,38,6.0
0,39.99,Unused,F,38,6.0
0,38.87,Unused,F,38,6.0
0,149.38,Unused,F,38,6.0
0,30.78,Unused,F,38,6.0
0,51.99,Unused,F,38,6.0
0,6.39,Unused,F,38,6.5
0,119.0,Unused,F,38,6.0
0,119.0,Unused,F,38,6.0
0,119.0,Unused,F,38,6.0
0,31.98,Unused,F,38,6.0
0,49.75,Unused,F,38,6.0
0,10.63,Unused,F,38,6.0
0,119.0,Unused,F,38,6.0
1,10.63,Used,F,38,6.0
0,158.0,Used,F,38,6.0
0,15.19,Used,F,38,6.0
0,149.0,Used,F,38,6.0
0,10.99,Unused,F,38,6.0
0,38.45,Unused,F,38,6.0
0,44.79,Unused,F,38,6.0
0,26.62,Unused,F,38,6.0
0,24.22,Unused,F,38,6.0
0,357.0,Unused,F,38,12.99
0,164.19,Unused,F,38,6.0
0,447.0,Unused,F,38,6.0
0,19.95,Unused,F,38,6.0
0,22.38,Unused,F,38,6.0
0,30.39,Unused,F,38,6.0
0,119.0,Unused,F,38,6.0
0,15.19,Unused,F,38,6.0
0,16.99,Unused,F,38,19.99
0,227.88,Used,F,38,6.0
0,455.76,Unused,F,38,6.0
0,29.94,Used,F,38,6.0
0,11.98,Used,F,38,6.0
0,3.5,Used,F,38,6.0
0,19.99,Used,F,38,6.0
0,18.23,Used,F,38,6.0
0,238.0,Used,F,38,6.0
0,119.0,Used,F,38,6.0
0,149.0,Used,F,38,6.0
0,298.0,Used,F,38,6.0
0,149.0,Used,F,38,6.0
0,75.35,Unused,F,38,6.0
0,6.66,Unused,F,38,6.0
0,980.7,Unused,F,38,6.0
0,7.0,Unused,F,38,6.0
0,6.99,Unused,F,38,6.0
0,53.33,Unused,F,38,6.0
0,119.0,Unused,F,38,6.0
0,119.0,Unused,F,38,6.0
0,228.0,Unused,F,38,6.0
0,237.0,Unused,F,38,6.0
0,9.99,Unused,F,38,6.0
0,149.0,Unused,F,38,6.0
0,395.0,Unused,F,38,12.99
0,19.99,Unused,F,38,6.0
0,596.0,Unused,F,38,6.0
0,31.41,Used,F,38,6.0
0,6.0,Used,F,38,6.0
0,39.58,Used,F,38,6.0
0,3.99,Used,F,38,6.0
0,9.89,Used,F,38,6.0
0,10.49,Used,F,38,6.0
0,119.0,Used,F,38,6.0
0,22.8,Used,F,38,6.0
0,119.0,Used,F,38,6.0
0,119.0,Used,F,38,6.0
0,17.49,Used,F,38,6.0
0,149.0,Used,F,38,6.0
0,149.0,Used,F,38,6.0
0,16.79,Used,F,38,6.0
0,14.3,Unused,F,38,6.0
0,10.99,Unused,F,38,20.0
0,13.55,Unused,F,38,6.0
0,105.35,Unused,F,38,6.0
0,30.28,Unused,F,38,6.0
0,21.02,Unused,F,38,6.0
0,32.0,Unused,F,38,6.0
0,7.96,Unused,F,38,6.0
0,20.99,Unused,F,38,6.0
0,11.7,Unused,F,38,6.0
0,6.0,Unused,F,38,6.0
0,50.16,Unused,F,38,6.0
0,119.0,Unused,F,38,6.0
0,149.0,Unused,F,38,8.7
0,13.29,Unused,F,38,6.0
0,149.0,Unused,F,38,6.0
0,149.0,Unused,F,38,6.0
0,5.7,Unused,F,38,6.0
0,149.0,Unused,F,38,6.0
1,138.34,Used,M,35,6.5
0,19.59,Used,M,35,6.5
0,122.77,Used,M,35,6.5
0,90.77,Used,M,35,6.5
0,337.02,Unused,M,35,6.5
0,122.77,Unused,M,35,6.5
0,153.71,Unused,M,35,6.5
0,8.24,Unused,M,35,6.5
1,40.95,Used,M,35,6.0
0,179.2,Used,M,35,12.99
0,100.0,Used,M,35,0.0
0,18.38,Used,M,35,6.0
0,243.04,Used,M,35,33.04
0,149.0,Used,M,35,6.0
0,68.4,Unused,M,35,6.0
0,121.39,Unused,M,35,6.0
0,38.28,Unused,M,35,33.04
0,16.22,Unused,M,35,6.0
0,312.0,Unused,M,35,8.7
0,15.99,Unused,M,35,6.0
0,24.78,Unused,M,35,6.0
0,74.99,Unused,M,35,6.0
0,199.0,Unused,M,35,8.7
0,39.6,Unused,M,35,12.99
0,7.95,Unused,M,35,6.0
0,12.31,Unused,M,35,6.0
0,15.99,Unused,M,35,6.0
0,7.99,Unused,M,35,6.0
0,298.0,Unused,M,35,6.0
1,39.8,Used,M,35,6.0
0,55.99,Used,M,35,6.0
0,3.49,Used,M,35,6.0
0,27.5,Used,M,35,12.99
0,399.8,Used,M,35,55.73
0,23.59,Used,M,35,6.0
0,6.0,Used,M,35,6.0
0,18.15,Used,M,35,6.0
0,268.0,Used,M,35,6.0
0,298.0,Used,M,35,6.0
0,316.0,Used,M,35,6.0
0,395.0,Used,M,35,6.0
0,13.59,Used,M,35,6.0
0,24.79,Unused,M,35,12.99
0,19.29,Unused,M,35,6.0
0,183.3,Unused,M,35,6.0
0,39.89,Unused,M,35,6.0
0,119.0,Unused,M,35,6.0
0,238.0,Unused,M,35,6.0
0,238.0,Unused,M,35,6.0
0,238.0,Unused,M,35,6.0
0,25.2,Unused,M,35,6.0
0,22.05,Unused,M,35,12.99
0,24.29,Unused,M,35,6.0
0,10.5,Unused,M,35,6.0
0,149.0,Unused,M,35,6.0
0,34.79,Used,M,35,6.0
0,12.48,Unused,M,35,6.0
0,2.8,Unused,M,35,6.0
0,21.19,Used,M,35,12.99
0,24.71,Used,M,35,6.0
0,8.0,Used,M,35,6.0
0,298.0,Used,M,35,6.0
0,20.85,Unused,M,35,12.99
0,21.58,Unused,M,35,6.0
0,15.19,Unused,M,35,6.0
0,103.14,Unused,M,35,12.99
0,32.14,Unused,M,35,6.0
1,405.68,Used,M,35,6.5
0,25.5,Used,M,35,6.0
0,100.91,Used,M,35,6.5
0,100.91,Used,M,35,6.5
0,355.74,Used,M,35,6.5
0,355.74,Used,M,35,6.5
0,161.04,Used,M,35,6.5
0,202.84,Unused,M,35,12.99
0,456.65,Unused,M,35,6.5
0,9.76,Unused,M,35,6.5
0,42.39,Unused,M,35,6.5
0,242.6,Unused,M,35,6.5
0,485.2,Unused,M,35,6.5
0,355.74,Unused,M,35,6.5
0,241.56,Unused,M,35,6.5
0,161.04,Unused,M,35,6.5
0,151.88,Unused,M,35,6.5
0,151.88,Unused,M,35,6.5
0,199.8,Unused,M,35,6.5
0,151.88,Unused,M,35,6.5
0,80.52,Unused,M,35,6.5
0,80.52,Unused,M,35,12.99
0,75.4,Used,M,35,6.0
0,161.04,Used,M,35,6.5
0,355.74,Unused,M,35,6.5
1,14.42,Used,F,22,6.5
0,57.76,Used,F,22,6.5
0,491.08,Used,F,22,6.5
0,49.48,Unused,F,22,6.5
0,57.8,Unused,F,22,6.5
0,71.13,Unused,F,22,6.5
0,122.77,Unused,F,22,6.5
0,245.54,Unused,F,22,6.5
0,107.29,Unused,F,22,8.7
0,153.71,Unused,F,22,35.3
0,153.71,Unused,F,22,6.5
0,125.87,Unused,F,22,6.5
0,122.77,Unused,F,22,6.5
0,122.77,Unused,F,22,6.5
0,153.71,Unused,F,22,6.5
1,1.99,Used,F,22,6.0
0,119.0,Used,F,22,6.0
0,15.99,Used,F,22,6.0
0,91.14,Unused,F,22,6.0
0,238.0,Unused,F,22,12.99
0,238.0,Unused,F,22,6.0
0,18.99,Unused,F,22,6.0
0,55.99,Unused,F,22,19.99
0,149.0,Unused,F,22,6.0
1,12.87,Used,F,22,6.0
0,22.38,Used,F,22,12.99
0,13.59,Used,F,22,6.0
0,74.37,Unused,F,22,12.99
0,6.97,Unused,F,22,6.0
0,387.0,Unused,F,22,6.0
0,12.31,Unused,F,22,6.0
0,149.0,Unused,F,22,6.0
0,1.59,Unused,F,22,12.99
0,11.75,Unused,F,22,6.0
0,2.99,Unused,F,22,6.0
1,22.38,Used,F,13,6.0
0,27.18,Used,F,13,6.0
0,13.99,Used,F,13,6.0
0,119.0,Used,F,13,6.0
0,149.0,Used,F,13,6.0
0,298.0,Used,F,13,6.0
0,149.0,Used,F,13,6.0
0,10.39,Unused,F,13,6.0
0,4.4,Unused,F,13,6.0
0,43.66,Unused,F,13,6.0
0,476.0,Unused,F,13,6.0
0,41.98,Unused,F,13,6.0
0,149.0,Unused,F,13,6.0
0,149.0,Unused,F,13,6.0
0,15.18,Unused,F,13,6.0
0,11.75,Unused,F,13,6.0
0,119.0,Unused,F,13,6.0
0,119.0,Unused,F,13,6.0
1,79.5,Used,F,13,12.48
0,79.99,Used,F,13,6.0
0,16.99,Used,F,13,6.0
0,143.88,Used,F,13,12.91
0,9.49,Used,F,13,6.0
0,238.0,Used,F,13,12.99
0,12.16,Used,F,13,6.0
0,301.86,Unused,F,13,14.25
0,25.59,Unused,F,13,12.91
0,199.0,Unused,F,13,6.0
0,2.99,Unused,F,13,6.0
0,12.99,Unused,F,13,6.0
0,5.7,Unused,F,13,6.0
0,119.0,Unused,F,13,12.99
0,119.0,Unused,F,13,6.0
0,119.0,Unused,F,13,6.0
0,238.0,Unused,F,13,6.0
0,4.08,Unused,F,13,6.0
0,149.0,Unused,F,13,6.0
0,149.0,Unused,F,13,6.0
0,2.99,Unused,F,13,6.0
0,62.99,Unused,F,13,6.0
0,6.0,Unused,F,13,6.0
0,149.0,Unused,F,13,6.0
1,17.93,Used,F,12,6.5
0,151.88,Used,F,12,12.99
0,26.88,Unused,F,12,6.5
0,17.93,Unused,F,12,12.99
0,355.74,Unused,F,12,6.5
0,151.88,Unused,F,12,12.99
0,151.88,Unused,F,12,6.5
0,151.88,Unused,F,12,12.99
0,151.88,Unused,F,12,6.5
0,100.91,Unused,F,12,6.5
0,121.3,Unused,F,12,12.99
1,398.0,Used,M,4,6.5
0,5.7,Used,M,4,6.0
0,476.0,Used,M,4,6.0
0,119.0,Used,M,4,6.0
0,79.0,Used,M,4,6.0
0,16.79,Unused,M,4,6.0
0,41.99,Unused,M,4,6.0
1,7.42,Used,F,30,17.96
0,307.42,Used,F,30,6.5
0,28.04,Unused,F,30,17.96
0,46.21,Unused,F,30,6.5
0,122.77,Unused,F,30,6.5
0,245.54,Unused,F,30,6.5
0,614.84,Unused,F,30,6.5
0,153.71,Unused,F,30,6.5
0,153.71,Unused,F,30,6.5
0,122.77,Unused,F,30,6.5
0,163.0,Unused,F,30,6.5
1,57.52,Used,M,12,6.0
0,63.7,Used,M,12,19.99
0,18.99,Used,M,12,6.0
0,119.0,Used,M,12,6.0
0,149.0,Used,M,12,6.0
0,27.9,Unused,M,12,19.99
0,25.59,Unused,M,12,19.99
1,79.88,Used,F,15,12.91
0,28.95,Used,F,15,6.0
0,25.0,Used,F,15,0.0
0,25.0,Used,F,15,0.0
0,25.0,Used,F,15,0.0
0,27.19,Used,F,15,6.0
0,382.8,Used,F,15,25.59
0,119.0,Used,F,15,6.0
0,119.0,Used,F,15,6.0
0,238.0,Used,F,15,6.0
0,119.0,Used,F,15,6.0
0,298.0,Used,F,15,6.0
0,84.9,Unused,F,15,6.0
0,25.0,Unused,F,15,0.0
0,25.0,Unused,F,15,0.0
0,25.0,Unused,F,15,0.0
0,55.42,Unused,F,15,6.0
0,30.95,Unused,F,15,12.99
0,11.98,Unused,F,15,6.0
0,99.95,Unused,F,15,12.91
0,238.0,Unused,F,15,6.0
0,119.0,Unused,F,15,6.0
0,149.0,Unused,F,15,6.0
0,395.0,Unused,F,15,6.0
0,237.0,Unused,F,15,6.0
0,25.9,Unused,F,15,6.0
0,149.0,Unused,F,15,6.0
0,149.0,Unused,F,15,6.0
0,149.0,Unused,F,15,6.0
0,7.97,Unused,F,15,12.99
0,5.98,Unused,F,15,6.0
0,25.0,Unused,F,15,0.0
0,25.0,Unused,F,15,0.0
0,10.39,Unused,F,15,12.91
0,10.63,Unused,F,15,6.0
0,119.0,Unused,F,15,6.0
0,11.89,Unused,F,15,6.0
1,82.37,Used,M,49,6.5
0,106.38,Unused,M,49,6.5
0,79.0,Unused,M,49,6.5
1,804.3,Used,M,49,6.0
0,199.0,Used,M,49,6.0
0,18.0,Used,M,49,6.0
0,149.0,Used,M,49,12.99
0,149.5,Unused,M,49,6.0
0,4.99,Unused,M,49,6.0
0,8.0,Unused,M,49,6.0
1,3.5,Used,F,34,19.99
0,18.39,Used,F,34,6.0
0,158.0,Used,F,34,6.0
0,18.97,Unused,F,34,19.99
0,78.93,Unused,F,34,6.0
0,250.59,Unused,F,34,6.0
0,10.63,Unused,F,34,6.0
0,18.99,Unused,F,34,6.0
0,64.95,Unused,F,34,19.99
0,35.67,Unused,F,34,6.0
0,149.0,Unused,F,34,6.0
1,199.03,Used,F,44,6.5
0,82.48,Used,F,44,6.5
0,272.55,Unused,F,44,6.5
0,334.97,Unused,F,44,6.5
0,211.28,Unused,F,44,6.5
1,29.9,Used,F,19,19.99
0,119.0,Used,F,19,12.99
0,48.99,Used,F,19,6.0
0,28.78,Used,F,19,6.0
0,149.0,Used,F,19,6.0
0,39.8,Unused,F,19,19.99
0,35.0,Unused,F,19,6.0
0,15.19,Unused,F,19,6.0
0,99.17,Unused,F,19,6.0
0,59.7,Unused,F,19,6.0
0,119.0,Unused,F,19,6.0
0,238.0,Unused,F,19,19.99
0,149.0,Unused,F,19,6.0
0,149.0,Unused,F,19,6.0
0,47.97,Unused,F,19,6.5
0,137.63,Unused,F,19,19.99
0,58.79,Unused,F,19,6.0
0,15.19,Used,F,19,6.0
0,6.8,Unused,F,19,6.0
0,15.99,Unused,F,19,6.0
1,18.5,Used,F,19,6.0
0,0.5,Used,F,19,20.0
0,16.79,Used,F,19,6.0
0,395.0,Used,F,19,6.0
0,149.0,Used,F,19,6.0
0,25.98,Unused,F,19,6.0
0,10.48,Unused,F,19,6.0
0,99.0,Unused,F,19,6.0
0,21.5,Unused,F,19,6.0
0,4.78,Unused,F,19,6.0
0,119.0,Unused,F,19,6.0
0,4.25,Unused,F,19,20.0
0,158.0,Unused,F,19,6.0
0,149.0,Unused,F,19,6.0
0,199.0,Unused,F,19,6.0
0,747.0,Unused,F,19,12.99
0,2.99,Used,F,19,6.0
0,16.79,Used,F,19,6.0
0,18.75,Unused,F,19,6.0
0,13.75,Unused,F,19,6.0
0,298.0,Unused,F,19,6.0
0,15.25,Unused,F,19,6.0
1,15.35,Unused,M,45,6.5
1,119.0,Used,F,20,6.5
0,33.98,Used,F,20,6.5
0,71.96,Unused,F,20,6.5
0,5.99,Unused,F,20,6.5
0,595.0,Unused,F,20,27.62
0,119.0,Unused,F,20,6.5
0,357.0,Unused,F,20,6.5
0,119.0,Unused,F,20,6.5
0,149.0,Unused,F,20,6.5
1,238.0,Unused,F,20,6.0
1,199.0,Used,F,20,6.0
0,10.63,Used,F,20,6.0
0,6.0,Used,F,20,6.0
0,16.99,Used,F,20,6.0
0,448.47,Used,F,20,17.84
0,149.0,Used,F,20,6.0
0,10.39,Unused,F,20,6.0
0,9.66,Unused,F,20,6.0
0,2.39,Unused,F,20,6.5
0,145.56,Unused,F,20,17.84
0,54.36,Unused,F,20,17.84
0,298.0,Unused,F,20,6.0
0,158.0,Unused,F,20,6.0
0,3.0,Unused,F,20,6.0
0,10.63,Unused,F,20,6.0
1,31.35,Used,F,12,6.0
1,307.42,Unused,F,35,6.5
0,46.21,Used,F,35,18.47
1,15.99,Used,F,35,6.0
0,15.0,Used,F,35,6.0
0,7.19,Unused,F,35,6.0
0,67.16,Unused,F,35,6.5
0,14.0,Unused,F,35,6.0
1,153.71,Used,F,45,6.5
0,307.42,Used,F,45,6.5
0,32.96,Unused,F,45,35.96
0,3.28,Unused,F,45,6.5
0,122.77,Unused,F,45,6.5
0,122.77,Unused,F,45,6.5
0,4.94,Unused,F,45,6.5
0,122.77,Unused,F,45,6.5
1,5.97,Used,F,9,6.5
0,24.99,Used,F,9,6.5
0,199.0,Used,F,9,8.7
0,79.99,Unused,F,9,6.5
0,47.98,Unused,F,9,6.5
0,3.99,Unused,F,9,6.5
0,18.99,Unused,F,9,6.5
0,39.98,Unused,F,9,6.5
0,79.0,Unused,F,9,6.5
0,149.0,Unused,F,9,6.5
0,51.99,Unused,F,9,6.5
0,158.0,Unused,F,9,6.5
1,119.0,Used,F,9,6.0
0,7.0,Unused,F,9,6.0
0,254.49,Unused,F,9,6.0
1,75.03,Used,F,9,6.0
0,41.95,Used,F,9,13.75
0,28.47,Used,F,9,6.0
0,9.99,Used,F,9,6.0
0,19.99,Used,F,9,6.0
0,173.38,Unused,F,9,13.75
0,32.91,Unused,F,9,6.0
0,7.2,Unused,F,9,6.0
0,44.94,Unused,F,9,6.0
0,12.5,Unused,F,9,6.0
0,8.8,Unused,F,9,6.0
0,15.2,Unused,F,9,6.0
0,41.99,Unused,F,9,6.0
1,3.5,Used,F,9,6.0
0,15.99,Used,F,9,6.0
0,52.49,Used,F,9,6.0
0,149.0,Used,F,9,42.67
0,7.0,Unused,F,9,6.0
0,73.55,Unused,F,9,6.5
0,13.29,Unused,F,9,6.0
0,26.4,Unused,F,9,6.0
0,99.96,Unused,F,9,6.0
0,2.99,Used,F,9,6.0
0,119.0,Used,F,9,6.0
0,9.48,Unused,F,9,6.0
0,55.43,Unused,F,9,6.0
0,119.0,Unused,F,9,6.0
0,149.0,Unused,F,9,6.0
0,465.0,Unused,F,9,6.0
0,3.5,Unused,F,9,6.0
0,6.0,Used,F,9,6.0
0,149.0,Used,F,9,6.0
0,79.0,Used,F,9,6.0
0,15.99,Unused,F,9,6.0
1,19.8,Used,F,25,6.0
0,10.99,Used,F,25,6.0
0,9.95,Used,F,25,19.99
0,119.0,Used,F,25,6.0
0,279.8,Used,F,25,6.0
0,61.59,Used,F,25,6.5
0,92.1,Unused,F,25,19.99
0,33.59,Unused,F,25,6.0
0,190.88,Unused,F,25,6.0
0,59.8,Unused,F,25,6.0
0,41.98,Unused,F,25,6.0
0,238.0,Unused,F,25,6.0
0,59.7,Unused,F,25,19.99
0,18.99,Unused,F,25,6.0
0,12.31,Unused,F,25,6.5
1,5.6,Used,F,25,6.0
0,199.0,Used,F,25,6.0
0,10.99,Used,F,25,6.0
0,15.43,Used,F,25,6.5
0,21.68,Used,F,25,6.0
0,29.11,Used,F,25,6.0
0,13.59,Used,F,25,6.0
0,17.57,Unused,F,25,6.5
0,239.4,Unused,F,25,12.48
0,29.94,Unused,F,25,6.0
0,5.6,Unused,F,25,6.0
0,29.11,Unused,F,25,6.0
0,17.44,Unused,F,25,6.0
0,357.0,Unused,F,25,6.0
0,27.18,Unused,F,25,6.0
0,41.99,Unused,F,25,6.0
0,1.99,Unused,F,25,6.0
0,19.99,Unused,F,25,6.5
0,238.0,Unused,F,25,12.99
1,1.68,Used,F,25,12.99
1,241.56,Used,F,25,6.5
0,24.96,Unused,F,25,6.0
0,202.84,Unused,F,25,6.5
0,100.91,Unused,F,25,6.5
0,100.91,Unused,F,25,12.99
0,242.6,Unused,F,25,6.5
0,151.88,Unused,F,25,6.5
0,17.93,Unused,F,25,6.5
0,1.02,Unused,F,25,6.0
0,161.04,Unused,F,25,6.5
0,303.76,Unused,F,25,6.5
1,238.0,Unused,M,34,6.0
1,82.8,Used,M,15,6.0
0,149.0,Used,M,15,6.0
0,193.04,Unused,M,15,6.0
0,198.0,Unused,M,15,6.0
0,395.0,Unused,M,15,6.0
0,16.99,Unused,M,15,6.0
0,149.0,Unused,M,15,6.0
0,61.4,Unused,M,15,6.0
0,11.59,Used,M,15,6.0
0,15.36,Used,M,15,6.0
0,119.0,Used,M,15,6.0
0,5.6,Unused,M,15,6.0
0,2.79,Unused,M,15,6.0
0,158.0,Unused,M,15,6.0
0,104.0,Unused,M,15,8.7
0,9.12,Unused,M,15,6.0
0,447.0,Unused,M,15,8.7
0,23.92,Unused,M,15,6.0
1,21.6,Used,M,44,6.0
0,107.99,Used,M,44,6.0
0,203.85,Used,M,44,75.74
0,13.59,Used,M,44,6.0
0,41.99,Used,M,44,6.0
0,104.0,Used,M,44,8.7
0,10.39,Unused,M,44,6.0
0,76.22,Unused,M,44,6.0
0,41.51,Unused,M,44,6.0
0,41.99,Unused,M,44,6.0
0,271.8,Unused,M,44,75.74
0,149.0,Unused,M,44,6.0
0,149.0,Unused,M,44,12.99
0,7.6,Unused,M,44,6.0
0,6.8,Unused,M,44,6.0
0,135.9,Unused,M,44,75.74
1,179.7,Used,F,48,35.3
0,7.95,Unused,F,48,35.3
1,55.99,Used,F,50,6.5
1,8.4,Used,F,50,58.49
0,9.6,Used,F,50,6.0
0,31.35,Used,F,50,6.0
0,15.39,Used,F,50,6.0
0,22.0,Used,F,50,6.0
0,11.66,Unused,F,50,6.0
0,205.15,Unused,F,50,58.49
0,238.0,Unused,F,50,6.0
0,119.0,Unused,F,50,6.0
0,15.39,Unused,F,50,6.0
0,10.39,Unused,F,50,6.0
1,14.0,Used,F,47,58.49
0,56.78,Used,F,47,6.0
0,39.98,Used,F,47,6.0
0,13.59,Used,F,47,12.99
0,2.5,Unused,F,47,6.0
0,189.09,Unused,F,47,6.0
0,162.99,Unused,F,47,12.99
0,26.58,Unused,F,47,6.0
0,16.99,Unused,F,47,6.0
1,29.81,Used,M,22,6.0
0,149.0,Used,M,22,6.0
0,21.01,Unused,M,22,6.0
0,27.8,Used,M,22,6.0
0,67.18,Used,M,22,6.0
0,33.59,Used,M,22,6.0
0,33.59,Used,M,22,6.0
0,33.59,Used,M,22,6.0
0,33.59,Used,M,22,6.0
0,67.18,Used,M,22,6.0
0,67.18,Used,M,22,6.0
0,33.59,Used,M,22,6.0
0,33.59,Used,M,22,6.0
0,33.59,Used,M,22,6.0
0,17.58,Used,M,22,6.0
0,19.46,Used,M,22,6.0
0,129.58,Used,M,22,6.0
0,23.99,Used,M,22,6.0
0,119.5,Used,M,22,18.16
0,18.37,Used,M,22,6.0
0,119.0,Used,M,22,6.0
0,39.19,Used,M,22,75.0
0,158.0,Used,M,22,6.0
0,237.0,Used,M,22,12.99
0,19.99,Used,M,22,6.0
0,16.99,Used,M,22,6.0
0,33.59,Unused,M,22,6.0
0,33.59,Unused,M,22,6.0
0,33.59,Unused,M,22,6.0
0,33.59,Unused,M,22,6.0
0,67.18,Unused,M,22,6.0
0,33.59,Unused,M,22,6.0
0,100.77,Unused,M,22,6.0
0,33.59,Unused,M,22,6.0
0,43.1,Unused,M,22,6.0
0,189.47,Unused,M,22,6.0
0,142.73,Unused,M,22,6.0
0,263.7,Unused,M,22,6.0
0,12.99,Unused,M,22,6.0
0,313.53,Unused,M,22,12.48
0,399.5,Unused,M,22,18.16
0,24.57,Unused,M,22,6.0
0,71.97,Unused,M,22,6.0
0,15.19,Unused,M,22,6.0
0,10.63,Unused,M,22,6.0
0,238.0,Unused,M,22,6.0
0,75.58,Unused,M,22,75.0
0,18.99,Unused,M,22,6.0
0,15.19,Unused,M,22,14.41
0,27.18,Unused,M,22,6.0
0,149.0,Unused,M,22,6.0
0,298.0,Unused,M,22,6.0
0,149.0,Unused,M,22,6.0
0,149.0,Unused,M,22,6.0
0,33.59,Unused,M,22,6.0
0,33.59,Unused,M,22,6.0
0,33.59,Unused,M,22,6.0
0,33.59,Unused,M,22,6.0
0,100.0,Unused,M,22,0.0
0,164.76,Unused,M,22,6.0
0,42.14,Unused,M,22,6.0
0,15.19,Unused,M,22,6.0
0,15.92,Unused,M,22,6.0
0,11.19,Unused,M,22,6.0
0,15.99,Unused,M,22,6.0
0,13.29,Unused,M,22,6.0
0,84.0,Used,M,22,18.12
0,158.0,Used,M,22,6.0
0,149.0,Used,M,22,6.0
0,28.0,Unused,M,22,18.12
0,238.0,Unused,M,22,6.0
0,395.0,Unused,M,22,12.99
0,63.6,Unused,M,22,18.12
0,119.0,Unused,M,22,6.0
0,158.0,Unused,M,22,6.0
1,197.5,Used,F,24,35.96
0,66.98,Used,F,24,6.5
0,93.51,Used,F,24,35.96
0,13.48,Used,F,24,6.5
0,277.0,Used,F,24,6.5
0,119.0,Used,F,24,6.5
0,15.19,Used,F,24,24.47
0,73.58,Used,F,24,6.5
0,149.0,Used,F,24,6.5
0,2.99,Unused,F,24,6.5
0,47.8,Unused,F,24,35.96
0,63.99,Unused,F,24,24.47
0,141.97,Unused,F,24,6.5
0,119.5,Unused,F,24,28.78
0,16.79,Unused,F,24,6.5
0,124.59,Unused,F,24,6.5
0,387.0,Unused,F,24,6.5
0,277.0,Unused,F,24,6.5
0,15.19,Unused,F,24,24.47
0,106.33,Unused,F,24,35.96
0,419.9,Unused,F,24,62.74
0,149.0,Unused,F,24,6.5
0,149.0,Unused,F,24,6.5
0,149.0,Unused,F,24,6.5
0,199.0,Unused,F,24,8.7
0,3.19,Unused,F,24,6.5
0,63.99,Unused,F,24,24.47
0,3.99,Unused,F,24,6.5
0,15.9,Unused,F,24,35.96
0,119.0,Unused,F,24,6.5
0,19.99,Unused,F,24,6.5
0,119.0,Unused,F,24,6.5
0,119.0,Unused,F,24,6.5
0,30.38,Unused,F,24,35.96
0,179.97,Unused,F,24,62.74
0,149.0,Unused,F,24,6.5
1,85.58,Used,F,16,6.0
0,209.97,Used,F,16,6.0
0,39.95,Used,F,16,24.37
0,119.85,Used,F,16,15.72
0,12.77,Used,F,16,6.0
0,15.19,Used,F,16,6.0
0,61.95,Used,F,16,6.5
0,60.76,Used,F,16,6.0
0,14.95,Used,F,16,6.0
0,1.99,Used,F,16,6.0
0,74.95,Used,F,16,12.99
0,63.8,Used,F,16,12.91
0,116.76,Used,F,16,19.99
0,93.58,Used,F,16,6.0
0,13.99,Used,F,16,6.0
0,15.99,Used,F,16,6.0
0,10.63,Used,F,16,19.99
0,238.0,Used,F,16,6.0
0,357.0,Used,F,16,6.0
0,238.0,Used,F,16,6.0
0,119.0,Used,F,16,6.0
0,237.0,Used,F,16,6.0
0,33.59,Unused,F,16,6.0
0,67.16,Unused,F,16,6.0
0,53.19,Unused,F,16,6.0
0,22.79,Unused,F,16,6.0
0,77.82,Unused,F,16,6.0
0,1054.8,Unused,F,16,16.1
0,10.99,Unused,F,16,19.99
0,475.0,Unused,F,16,0.0
0,159.99,Unused,F,16,6.0
0,131.85,Unused,F,16,15.72
0,175.8,Unused,F,16,13.75
0,90.25,Unused,F,16,6.0
0,67.14,Unused,F,16,19.99
0,141.07,Unused,F,16,19.99
0,119.9,Unused,F,16,24.37
0,127.8,Unused,F,16,12.91
0,30.39,Unused,F,16,6.5
0,95.06,Unused,F,16,6.0
0,30.39,Unused,F,16,6.0
0,13.29,Unused,F,16,6.0
0,52.48,Unused,F,16,6.0
0,13.29,Unused,F,16,6.0
0,447.0,Unused,F,16,8.7
0,268.0,Unused,F,16,6.0
0,119.0,Unused,F,16,6.0
0,119.0,Unused,F,16,6.0
0,238.0,Unused,F,16,6.0
0,15.99,Unused,F,16,6.0
0,74.99,Unused,F,16,6.0
0,15.19,Unused,F,16,6.0
0,149.0,Unused,F,16,6.0
0,79.0,Unused,F,16,6.0
0,83.98,Unused,F,16,6.0
0,16.99,Unused,F,16,6.0
0,41.99,Unused,F,16,6.0
0,27.18,Unused,F,16,6.5
0,48.94,Unused,F,16,6.0
0,56.73,Unused,F,16,6.0
0,23.9,Unused,F,16,12.91
0,96.06,Unused,F,16,6.0
0,23.99,Unused,F,16,6.0
0,29.99,Unused,F,16,6.0
0,100.5,Unused,F,16,15.72
0,13.29,Unused,F,16,6.0
0,29.9,Unused,F,16,6.0
0,2.39,Unused,F,16,6.0
0,10.63,Unused,F,16,6.0
0,15.19,Unused,F,16,19.99
0,22.38,Unused,F,16,6.0
0,395.0,Unused,F,16,6.0
0,79.0,Unused,F,16,6.0
0,395.0,Unused,F,16,6.0
0,16.79,Unused,F,16,6.0
0,12.31,Unused,F,16,19.99
1,52.77,Used,F,26,6.5
0,76.74,Used,F,26,12.48
0,72.77,Unused,F,26,12.48
0,147.1,Unused,F,26,6.5
0,416.0,Unused,F,26,8.7
1,19.19,Used,F,37,6.5
0,43.97,Used,F,37,6.5
0,119.8,Used,F,37,6.5
0,119.0,Used,F,37,6.5
0,357.0,Used,F,37,6.5
0,164.7,Unused,F,37,6.5
0,92.97,Unused,F,37,6.5
0,357.0,Unused,F,37,6.5
0,1268.18,Unused,F,37,6.5
0,18.99,Unused,F,37,6.5
0,16.99,Unused,F,37,6.5
0,149.0,Unused,F,37,6.5
0,298.0,Unused,F,37,6.5
0,149.0,Unused,F,37,6.5
0,2.99,Unused,F,37,6.5
0,3.99,Unused,F,37,6.5
0,238.0,Unused,F,37,6.5
0,237.0,Unused,F,37,6.5
0,123.9,Used,F,37,18.47
0,95.6,Used,F,37,13.78
0,298.0,Used,F,37,8.7
0,79.0,Used,F,37,6.5
0,149.0,Used,F,37,28.78
0,23.9,Unused,F,37,6.5
0,118.27,Unused,F,37,6.5
0,357.0,Unused,F,37,6.5
0,119.0,Unused,F,37,6.5
1,25.97,Used,F,37,12.99
0,89.64,Used,F,37,6.0
0,17.98,Used,F,37,6.0
0,31.4,Used,F,37,6.0
0,3.98,Used,F,37,6.0
0,119.0,Used,F,37,6.0
0,238.0,Used,F,37,6.0
0,238.0,Used,F,37,6.0
0,29.58,Used,F,37,6.0
0,16.29,Unused,F,37,6.0
0,143.64,Unused,F,37,12.99
0,5.99,Unused,F,37,6.0
0,2.99,Unused,F,37,6.0
0,77.55,Unused,F,37,6.0
0,15.99,Unused,F,37,6.0
0,149.0,Unused,F,37,19.99
0,23.18,Unused,F,37,6.0
0,28.3,Unused,F,37,6.0
0,16.99,Unused,F,37,6.0
0,447.0,Unused,F,37,6.0
1,20.78,Used,F,37,12.99
0,10.39,Used,F,37,12.99
0,29.98,Used,F,37,6.0
0,4.95,Used,F,37,6.0
0,99.0,Used,F,37,6.0
0,30.78,Used,F,37,6.0
0,24.99,Used,F,37,6.0
0,119.0,Used,F,37,6.0
0,23.99,Used,F,37,20.0
0,11.0,Used,F,37,6.0
0,149.0,Used,F,37,6.0
0,149.0,Used,F,37,6.0
0,37.49,Used,F,37,6.0
0,10.99,Unused,F,37,6.0
0,126.17,Unused,F,37,6.0
0,99.99,Unused,F,37,6.0
0,111.16,Unused,F,37,12.99
0,119.0,Unused,F,37,12.99
0,119.0,Unused,F,37,6.0
0,238.0,Unused,F,37,6.0
0,4.08,Unused,F,37,6.0
0,744.0,Unused,F,37,6.0
0,158.0,Unused,F,37,6.0
0,13.59,Unused,F,37,6.0
0,16.99,Unused,F,37,6.0
0,16.99,Unused,F,37,6.0
0,16.79,Unused,F,37,12.99
0,149.0,Unused,F,37,6.0
0,7.96,Unused,F,37,6.0
0,677.0,Unused,F,37,12.99
0,198.0,Unused,F,37,6.0
0,1.11,Unused,F,37,6.0
0,2.0,Unused,F,37,12.99
0,12.0,Unused,F,37,6.0
0,238.0,Unused,F,37,6.0
0,316.0,Unused,F,37,6.0
0,20.99,Unused,F,37,6.0
0,26.0,Unused,F,37,12.99
1,173.22,Used,F,10,6.5
0,122.77,Used,F,10,6.5
0,518.76,Unused,F,10,6.5
0,81.5,Unused,F,10,6.5
1,10.39,Used,F,10,6.0
0,24.99,Used,F,10,30.0
0,10.63,Used,F,10,6.0
0,119.0,Used,F,10,6.0
0,119.0,Used,F,10,6.0
0,238.0,Used,F,10,6.0
0,91.57,Unused,F,10,6.0
0,119.0,Unused,F,10,6.0
0,24.99,Unused,F,10,30.0
0,15.19,Unused,F,10,6.0
0,2.39,Unused,F,10,6.0
0,119.0,Unused,F,10,6.0
0,298.0,Unused,F,10,6.0
0,12.8,Unused,F,10,6.0
0,119.0,Unused,F,10,6.0
0,22.38,Unused,F,10,6.0
1,348.0,Used,F,49,6.0
0,99.0,Used,F,49,6.0
0,14.0,Unused,F,49,6.0
0,756.25,Unused,F,49,6.0
0,119.0,Unused,F,49,6.0
0,119.0,Unused,F,49,6.0
0,13.59,Unused,F,49,6.0
0,298.0,Unused,F,49,6.0
1,19.59,Unused,F,49,6.5
0,307.42,Unused,F,49,6.5
1,199.0,Used,F,40,6.0
0,198.0,Used,F,40,6.0
0,2.39,Used,F,40,6.0
0,13.59,Used,F,40,6.0
0,349.0,Used,F,40,6.0
0,19.19,Unused,F,40,6.0
0,4.0,Unused,F,40,6.0
0,9.58,Unused,F,40,6.5
0,9.6,Unused,F,40,6.0
0,149.0,Unused,F,40,6.0
0,135.98,Unused,F,40,6.0
1,27.0,Used,M,24,13.75
0,46.92,Used,M,24,6.5
0,108.63,Unused,M,24,13.75
0,31.98,Unused,M,24,6.5
0,119.0,Unused,M,24,6.5
0,149.0,Unused,M,24,6.5
0,38.28,Unused,M,24,13.75
1,13.4,Used,M,34,6.5
0,61.77,Used,M,34,6.5
0,2.05,Used,M,34,6.5
0,30.9,Unused,M,34,6.5
0,17.53,Unused,M,34,6.5
0,153.71,Unused,M,34,6.5
0,153.71,Unused,M,34,6.5
0,12.37,Unused,M,34,6.5
1,199.0,Used,M,34,6.5
0,9.12,Used,M,34,6.0
0,149.0,Used,M,34,6.0
0,298.0,Used,M,34,6.0
0,43.98,Unused,M,34,6.0
0,19.19,Unused,M,34,19.99
0,22.16,Unused,M,34,6.0
0,15.99,Unused,M,34,6.0
0,447.0,Unused,M,34,6.0
0,149.0,Unused,M,34,12.99
0,372.05,Unused,M,34,19.99
0,13.59,Unused,M,34,6.0
0,13.59,Unused,M,34,19.99
0,4.08,Unused,M,34,6.0
1,24.99,Used,F,30,6.0
0,238.0,Used,F,30,6.0
0,119.0,Unused,F,30,6.0
0,149.0,Unused,F,30,6.0
0,5.7,Unused,F,30,6.0
0,33.59,Used,F,30,6.0
0,69.99,Used,F,30,6.0
0,199.0,Used,F,30,6.0
0,19.19,Used,F,30,6.0
0,10.63,Used,F,30,6.0
0,2.99,Used,F,30,6.0
0,74.37,Used,F,30,6.0
0,119.5,Used,F,30,12.48
0,119.0,Used,F,30,6.0
0,57.0,Unused,F,30,6.5
0,423.5,Unused,F,30,18.16
0,10.99,Unused,F,30,6.0
0,37.76,Unused,F,30,6.0
0,199.0,Unused,F,30,6.0
0,12.39,Unused,F,30,16.85
0,270.0,Unused,F,30,13.38
0,19.19,Unused,F,30,6.0
0,60.77,Unused,F,30,6.0
0,19.99,Unused,F,30,6.0
0,34.4,Unused,F,30,6.0
0,13.59,Unused,F,30,6.0
0,238.0,Unused,F,30,6.0
0,13.59,Unused,F,30,6.0
0,149.0,Unused,F,30,6.0
0,79.0,Unused,F,30,13.38
0,56.7,Unused,F,30,18.16
0,7.95,Unused,F,30,16.85
0,5.5,Unused,F,30,6.0
0,4.56,Unused,F,30,6.0
0,4.56,Unused,F,30,6.0
0,699.65,Used,F,30,22.58
0,237.0,Used,F,30,12.99
0,33.59,Unused,F,30,6.0
0,8.79,Unused,F,30,6.0
0,19.19,Unused,F,30,14.41
0,19.99,Unused,F,30,14.41
1,119.0,Used,F,30,6.0
0,198.0,Unused,F,30,6.0
0,168.0,Unused,F,30,6.0
0,119.0,Unused,F,30,6.0
0,119.0,Unused,F,30,6.0
0,100.91,Used,F,30,6.5
0,355.74,Unused,F,30,6.5
1,15.14,Used,F,14,6.0
0,119.0,Used,F,14,6.0
0,12.0,Used,F,14,6.0
0,88.6,Unused,F,14,6.0
0,16.99,Unused,F,14,6.0
0,149.0,Unused,F,14,6.0
0,149.0,Unused,F,14,6.0
0,4.56,Unused,F,14,6.0
0,7.6,Unused,F,14,6.0
0,79.0,Unused,F,14,6.0
1,119.0,Unused,F,14,6.0
1,318.0,Used,F,7,6.0
0,21.26,Used,F,7,6.0
0,149.5,Used,F,7,19.99
0,238.0,Used,F,7,6.0
0,249.0,Used,F,7,12.99
0,10.99,Unused,F,7,20.0
0,99.0,Unused,F,7,6.0
0,15.2,Unused,F,7,6.0
0,199.0,Unused,F,7,6.0
0,199.0,Unused,F,7,12.99
0,149.0,Unused,F,7,6.0
0,279.3,Unused,F,7,32.18
1,49.95,Used,F,7,12.99
0,558.58,Unused,F,7,12.99
0,117.21,Unused,F,7,12.99
0,28.56,Unused,F,7,6.5
0,201.82,Unused,F,7,19.99
0,121.3,Unused,F,7,12.99
1,14.02,Used,F,47,6.5
0,42.06,Unused,F,47,6.5
0,4.12,Unused,F,47,6.5
1,87.6,Used,F,47,6.5
0,39.94,Unused,F,47,6.5
0,322.08,Unused,F,47,12.99
0,19.77,Unused,F,47,6.5
0,151.88,Unused,F,47,12.99
1,126.8,Used,F,30,18.47
0,33.59,Used,F,30,6.5
0,33.59,Used,F,30,6.5
0,60.92,Used,F,30,6.5
0,7.99,Used,F,30,6.5
0,268.0,Used,F,30,6.5
0,237.0,Used,F,30,6.5
0,149.0,Used,F,30,6.5
0,149.0,Used,F,30,6.5
0,119.6,Unused,F,30,6.5
0,33.59,Unused,F,30,6.5
0,30.32,Unused,F,30,12.76
0,53.58,Unused,F,30,6.5
0,238.0,Unused,F,30,6.5
0,119.0,Unused,F,30,6.5
0,238.0,Unused,F,30,6.5
0,23.19,Unused,F,30,6.5
0,298.0,Unused,F,30,6.5
0,13.17,Unused,F,30,12.76
0,47.8,Unused,F,30,18.47
0,41.94,Unused,F,30,6.5
0,119.0,Unused,F,30,6.5
1,149.0,Used,F,30,6.5
1,2.39,Used,F,39,6.5
0,79.19,Used,F,39,13.78
0,238.0,Used,F,39,6.5
0,95.99,Used,F,39,6.5
0,236.37,Unused,F,39,41.3
0,41.96,Unused,F,39,6.5
0,119.0,Unused,F,39,6.5
0,238.0,Unused,F,39,6.5
0,387.0,Unused,F,39,6.5
0,387.0,Unused,F,39,6.5
0,119.0,Unused,F,39,6.5
0,343.93,Unused,F,39,6.5
0,228.0,Unused,F,39,6.5
0,10.75,Unused,F,39,6.5
0,238.0,Unused,F,39,6.5
0,119.0,Unused,F,39,6.5
0,374.36,Unused,F,39,6.5
0,95.13,Unused,F,39,41.3
1,19.99,Unused,M,5,6.5
0,3.18,Used,M,5,6.5
0,99.99,Used,M,5,6.5
0,7.19,Used,M,5,6.5
0,69.75,Used,M,5,28.51
0,19.19,Used,M,5,6.5
0,34.7,Used,M,5,39.81
0,5.98,Used,M,5,6.5
0,31.92,Used,M,5,51.99
0,1198.5,Used,M,5,6.5
0,30.39,Used,M,5,6.5
0,238.0,Used,M,5,6.5
0,238.0,Used,M,5,6.5
0,41.98,Used,M,5,6.5
0,16.99,Used,M,5,6.5
0,16.99,Used,M,5,6.5
0,149.0,Used,M,5,6.5
0,298.0,Used,M,5,6.5
0,149.0,Used,M,5,6.5
0,57.48,Unused,M,5,6.5
0,257.89,Unused,M,5,39.81
0,48.96,Unused,M,5,6.5
0,35.8,Unused,M,5,6.5
0,8.99,Unused,M,5,6.5
0,19.75,Unused,M,5,28.51
0,2.39,Unused,M,5,6.5
0,134.85,Unused,M,5,6.5
0,359.25,Unused,M,5,20.91
0,35.76,Unused,M,5,51.99
0,27.18,Unused,M,5,6.5
0,18.99,Unused,M,5,6.5
0,158.0,Unused,M,5,6.5
0,79.0,Unused,M,5,6.5
0,395.0,Unused,M,5,6.5
0,447.0,Unused,M,5,6.5
0,11.19,Unused,M,5,39.81
0,11.96,Unused,M,5,6.5
0,44.79,Unused,M,5,6.5
0,16.99,Unused,M,5,6.5
0,158.0,Unused,M,5,6.5
1,135.8,Used,M,5,15.37
0,115.86,Used,M,5,6.0
0,143.7,Used,M,5,73.71
0,25.18,Used,M,5,12.99
0,18.99,Used,M,5,6.0
0,12.31,Used,M,5,6.0
0,149.0,Used,M,5,6.0
0,149.0,Used,M,5,6.0
0,36.37,Unused,M,5,12.99
0,234.84,Unused,M,5,15.37
0,14.0,Unused,M,5,73.71
0,18.99,Unused,M,5,6.0
0,47.88,Unused,M,5,6.0
0,44.79,Unused,M,5,6.0
0,13.99,Unused,M,5,6.0
0,119.0,Unused,M,5,6.0
0,15.99,Unused,M,5,6.0
0,99.95,Unused,M,5,6.0
0,149.0,Unused,M,5,6.0
0,149.0,Unused,M,5,6.0
0,149.0,Unused,M,5,6.0
0,13.59,Unused,M,5,6.0
0,15.9,Unused,M,5,15.37
0,11.96,Unused,M,5,6.0
0,238.0,Unused,M,5,6.0
0,94.61,Unused,M,5,12.99
0,456.0,Unused,M,5,6.0
0,149.0,Unused,M,5,6.0
0,158.0,Unused,M,5,6.0
1,149.25,Used,M,22,6.5
0,1.99,Used,M,22,6.5
0,23.49,Unused,M,22,6.5
0,550.64,Unused,M,22,6.5
0,149.0,Unused,M,22,6.5
0,298.0,Unused,M,22,6.5
0,3.5,Unused,M,22,6.5
0,54.95,Unused,M,22,6.5
1,274.38,Used,M,22,6.0
0,28.47,Used,M,22,6.0
0,57.57,Unused,M,22,6.0
0,58.5,Unused,M,22,6.0
0,242.56,Unused,M,22,6.0
0,119.0,Unused,M,22,6.0
0,119.0,Unused,M,22,6.0
0,32.78,Unused,M,22,6.0
0,9.51,Unused,M,22,51.99
1,475.0,Used,M,22,6.0
0,235.24,Unused,M,22,19.68
0,387.0,Unused,M,22,6.0
0,79.0,Unused,M,22,6.0
0,4.79,Unused,M,22,6.0
0,185.7,Unused,M,22,19.68
0,53.6,Used,M,22,6.0
0,8.0,Used,M,22,6.0
0,922.98,Unused,M,22,28.73
0,18.97,Unused,M,22,6.0
0,39.76,Unused,M,22,6.0
0,335.88,Unused,M,22,28.73
0,8.4,Unused,M,22,6.0
1,40.76,Used,M,22,6.0
0,8.97,Used,M,22,6.0
0,238.0,Used,M,22,6.0
0,357.0,Used,M,22,6.0
0,26.78,Unused,M,22,6.0
0,199.0,Unused,M,22,6.0
0,28.98,Unused,M,22,6.0
0,149.0,Unused,M,22,6.0
0,228.0,Unused,M,22,6.0
0,15.19,Unused,M,22,6.0
0,2.99,Unused,M,22,6.0
1,99.9,Used,M,22,12.99
0,261.95,Used,M,22,6.5
0,152.88,Used,M,22,6.0
0,80.52,Used,M,22,6.5
0,202.84,Unused,M,22,6.5
0,48.92,Unused,M,22,12.99
0,121.3,Unused,M,22,6.5
0,151.88,Unused,M,22,6.5
0,8.96,Unused,M,22,6.5
0,151.88,Unused,M,22,6.5
1,10.99,Used,F,45,6.5
0,30.39,Used,F,45,6.5
0,119.0,Used,F,45,6.5
0,119.0,Used,F,45,6.5
0,149.0,Used,F,45,6.5
0,45.57,Unused,F,45,6.5
0,149.0,Unused,F,45,8.7
0,119.0,Unused,F,45,6.5
0,238.0,Unused,F,45,20.22
0,544.0,Unused,F,45,6.5
0,79.0,Unused,F,45,6.5
0,7.99,Unused,F,45,6.5
0,120.28,Used,F,45,75.0
0,18.99,Used,F,45,6.5
0,18.99,Unused,F,45,6.5
0,18.99,Unused,F,45,6.5
0,16.99,Unused,F,45,6.5
1,119.0,Used,F,45,6.0
0,16.99,Used,F,45,6.0
0,149.0,Used,F,45,6.0
0,95.95,Unused,F,45,6.5
0,27.98,Unused,F,45,6.0
0,223.8,Unused,F,45,12.91
0,18.47,Unused,F,45,6.0
0,595.0,Unused,F,45,6.0
0,60.76,Unused,F,45,12.48
0,15.19,Unused,F,45,6.0
0,16.99,Unused,F,45,6.0
0,298.0,Unused,F,45,6.0
0,159.98,Unused,F,45,12.48
1,33.59,Used,M,45,6.0
0,33.59,Used,M,45,6.0
0,3.5,Used,M,45,6.0
0,700.0,Used,M,45,12.91
0,455.62,Used,M,45,71.99
0,24.0,Used,M,45,6.0
0,9.49,Used,M,45,6.0
0,4.56,Used,M,45,6.0
0,119.0,Used,M,45,6.0
0,149.0,Used,M,45,6.0
0,149.0,Used,M,45,6.0
0,59.02,Unused,M,45,6.0
0,67.18,Unused,M,45,6.0
0,7.96,Unused,M,45,6.0
0,18.46,Unused,M,45,6.0
0,22.8,Unused,M,45,6.5
0,453.33,Unused,M,45,71.99
0,149.0,Unused,M,45,6.0
0,149.0,Unused,M,45,6.0
0,7.0,Unused,M,45,6.0
0,365.2,Unused,M,45,71.99
0,7.6,Unused,M,45,6.0
0,41.04,Unused,M,45,6.5
0,11.4,Unused,M,45,6.0
0,15.99,Unused,M,45,6.0
1,122.77,Used,F,32,6.5
0,407.5,Unused,F,32,6.5
0,153.71,Unused,F,32,6.5
0,153.71,Unused,F,32,6.5
0,156.76,Used,F,32,6.5
0,153.71,Used,F,32,6.5
0,61.86,Unused,F,32,6.5
0,101.43,Unused,F,32,6.5
0,123.78,Unused,F,32,6.5
1,75.18,Used,F,2,6.0
0,13.59,Used,F,2,6.0
0,7.98,Unused,F,2,19.99
0,19.99,Unused,F,2,6.0
0,149.0,Unused,F,2,6.0
0,15.19,Unused,F,2,6.0
1,192.14,Unused,F,45,6.5
0,47.82,Unused,F,45,18.47
0,16.5,Unused,F,45,6.5
0,204.52,Unused,F,45,6.5
1,3.19,Used,F,9,6.0
0,17.49,Used,F,9,6.0
0,23.98,Used,F,9,19.99
0,18.38,Used,F,9,6.0
0,2.39,Used,F,9,6.0
0,26.94,Used,F,9,6.0
0,3.19,Used,F,9,6.0
0,238.0,Used,F,9,6.0
0,298.0,Used,F,9,6.0
0,10.99,Unused,F,9,6.0
0,31.82,Unused,F,9,6.0
0,1.59,Unused,F,9,19.99
0,97.07,Unused,F,9,6.0
0,238.0,Unused,F,9,6.0
0,119.0,Unused,F,9,6.0
0,228.0,Unused,F,9,6.0
0,19.99,Unused,F,9,6.0
0,149.0,Unused,F,9,6.0
0,2.79,Unused,F,9,6.0
0,13.29,Unused,F,9,6.0
0,238.0,Unused,F,9,6.0
0,15.99,Unused,F,9,6.0
1,9.9,Used,M,38,6.0
0,9.98,Used,M,38,6.0
0,10.63,Used,M,38,6.0
0,119.0,Used,M,38,6.0
0,149.0,Used,M,38,6.0
0,5.98,Unused,M,38,6.0
0,119.0,Unused,M,38,6.0
0,39.16,Unused,M,38,6.0
0,149.0,Unused,M,38,6.0
0,39.16,Unused,M,38,6.0
0,357.0,Unused,M,38,6.0
1,5.6,Used,M,29,6.0
0,15.19,Used,M,29,6.0
0,476.0,Used,M,29,6.0
0,55.87,Unused,M,29,6.0
0,52.16,Unused,M,29,6.0
0,119.0,Unused,M,29,12.99
0,79.0,Unused,M,29,6.0
0,149.0,Unused,M,29,6.0
0,199.0,Unused,M,29,8.7
0,119.0,Unused,M,29,6.0
0,149.0,Unused,M,29,6.0
0,29.11,Used,M,29,6.0
1,0.99,Unused,M,29,6.0
0,297.0,Unused,M,29,6.0
1,2.39,Unused,M,19,16.47
1,18.4,Unused,M,19,12.48
1,20.62,Used,F,18,6.5
0,153.71,Used,F,18,6.5
0,153.71,Used,F,18,6.5
0,122.77,Unused,F,18,6.5
0,408.54,Unused,F,18,6.5
0,17.53,Unused,F,18,6.5
0,19.59,Unused,F,18,6.5
0,8.24,Unused,F,18,6.5
0,122.77,Unused,F,18,6.5
1,100.91,Used,F,18,6.5
0,19.56,Used,F,18,6.5
0,121.3,Used,F,18,6.5
0,303.76,Used,F,18,6.5
0,71.72,Unused,F,18,6.5
0,303.76,Unused,F,18,19.99
1,5.59,Unused,F,48,6.0
1,17.5,Used,M,6,6.0
0,149.0,Used,M,6,6.0
0,32.78,Unused,M,6,6.0
0,119.0,Unused,M,6,12.99
0,16.99,Unused,M,6,20.0
0,17.5,Unused,M,6,6.0
0,23.99,Unused,M,6,6.0
0,119.0,Unused,M,6,6.0
1,1.99,Used,F,47,6.0
0,436.0,Used,F,47,19.99
0,199.0,Used,F,47,20.85
0,199.0,Used,F,47,6.0
0,99.0,Used,F,47,6.0
0,99.0,Used,F,47,6.0
0,99.0,Used,F,47,6.0
0,178.0,Used,F,47,6.0
0,119.0,Used,F,47,6.0
0,238.0,Used,F,47,6.0
0,238.0,Used,F,47,6.0
0,119.0,Used,F,47,6.0
0,199.0,Used,F,47,19.99
0,10.88,Used,F,47,6.0
0,13.59,Used,F,47,6.0
0,349.0,Used,F,47,6.0
0,149.0,Used,F,47,6.0
0,395.0,Used,F,47,6.0
0,158.0,Used,F,47,6.0
0,79.0,Used,F,47,6.0
0,19.8,Unused,F,47,6.0
0,199.0,Unused,F,47,6.0
0,10.99,Unused,F,47,6.0
0,99.0,Unused,F,47,6.0
0,119.0,Unused,F,47,6.0
0,119.0,Unused,F,47,6.0
0,119.0,Unused,F,47,6.0
0,24.99,Unused,F,47,6.0
0,10.63,Unused,F,47,6.0
0,79.0,Unused,F,47,6.0
0,298.0,Unused,F,47,6.0
0,249.0,Unused,F,47,19.99
0,199.0,Unused,F,47,19.99
0,238.0,Unused,F,47,6.0
0,79.0,Unused,F,47,6.0
1,13.99,Used,M,19,12.99
0,149.0,Used,M,19,6.0
0,395.0,Used,M,19,12.99
0,158.0,Used,M,19,6.0
0,18.99,Unused,M,19,12.99
0,119.0,Unused,M,19,6.0
0,119.0,Unused,M,19,6.0
0,238.0,Unused,M,19,6.0
0,149.0,Unused,M,19,12.99
0,149.0,Unused,M,19,6.0
0,238.0,Unused,M,19,19.99
0,119.0,Unused,M,19,6.0
1,5.7,Unused,F,16,6.0
0,13.99,Unused,F,16,6.0
1,119.0,Used,M,29,6.0
0,149.0,Used,M,29,6.0
0,228.0,Unused,M,29,6.0
0,79.0,Unused,M,29,6.0
0,228.0,Unused,M,29,6.0
0,298.0,Unused,M,29,6.5
0,27.98,Unused,M,29,6.0
1,13.99,Used,M,13,6.0
0,78.38,Used,M,13,6.0
0,50.0,Unused,M,13,0.0
0,226.38,Unused,M,13,25.37
0,6.99,Unused,M,13,6.0
0,238.0,Unused,M,13,6.0
0,298.0,Unused,M,13,6.0
1,266.8,Used,F,33,6.5
0,17.53,Used,F,33,6.5
0,926.97,Unused,F,33,6.5
0,55.68,Unused,F,33,6.5
0,122.77,Unused,F,33,6.5
0,41.24,Unused,F,33,6.5
1,22.38,Unused,F,33,6.0
0,15.19,Unused,F,33,6.0
0,32.98,Unused,F,33,6.0
1,84.84,Used,M,12,6.5
0,105.5,Used,M,12,41.3
0,47.43,Used,M,12,6.5
0,57.76,Used,M,12,6.5
0,7.21,Used,M,12,6.5
0,40.21,Used,M,12,6.5
0,122.77,Used,M,12,6.5
0,122.77,Used,M,12,6.5
0,11.54,Used,M,12,6.5
0,17.53,Used,M,12,20.0
0,14.02,Used,M,12,6.5
0,407.5,Used,M,12,6.5
0,102.13,Used,M,12,6.5
0,163.0,Used,M,12,6.5
0,153.71,Used,M,12,6.5
0,205.3,Used,M,12,8.7
0,6.69,Unused,M,12,6.5
0,37.11,Unused,M,12,6.5
0,294.49,Unused,M,12,41.3
0,30.91,Unused,M,12,6.5
0,16.4,Unused,M,12,12.76
0,14.42,Unused,M,12,6.5
0,4.1,Unused,M,12,20.0
0,206.2,Unused,M,12,18.47
0,153.71,Unused,M,12,8.7
0,122.77,Unused,M,12,6.5
0,245.54,Unused,M,12,6.5
0,122.77,Unused,M,12,6.5
0,245.54,Unused,M,12,6.5
0,122.77,Unused,M,12,6.5
0,72.2,Unused,M,12,6.5
0,204.26,Unused,M,12,6.5
0,326.0,Unused,M,12,6.5
0,235.21,Unused,M,12,6.5
0,77.36,Unused,M,12,6.5
0,153.71,Unused,M,12,6.5
0,153.71,Unused,M,12,6.5
0,18.14,Unused,M,12,6.5
0,23.7,Unused,M,12,6.5
0,7.21,Unused,M,12,6.5
0,7.21,Unused,M,12,20.0
0,12.35,Unused,M,12,12.76
0,368.31,Unused,M,12,6.5
0,153.71,Unused,M,12,6.5
1,9.95,Used,F,18,6.5
0,202.89,Used,F,18,6.5
0,64.78,Used,F,18,26.43
0,95.7,Used,F,18,13.35
0,15.19,Used,F,18,6.5
0,1.99,Used,F,18,6.5
0,357.0,Used,F,18,6.5
0,119.0,Used,F,18,6.5
0,119.0,Used,F,18,6.5
0,119.0,Used,F,18,6.5
0,277.0,Used,F,18,6.5
0,238.0,Used,F,18,6.5
0,119.0,Used,F,18,6.5
0,16.99,Used,F,18,6.5
0,149.0,Used,F,18,6.5
0,149.0,Used,F,18,6.5
0,149.0,Used,F,18,6.5
0,125.28,Unused,F,18,30.35
0,278.07,Unused,F,18,6.5
0,14.97,Unused,F,18,6.5
0,111.98,Unused,F,18,6.5
0,95.4,Unused,F,18,13.35
0,67.18,Unused,F,18,6.5
0,110.37,Unused,F,18,26.43
0,180.98,Unused,F,18,6.5
0,7.99,Unused,F,18,6.5
0,357.0,Unused,F,18,6.5
0,119.0,Unused,F,18,6.5
0,71.99,Unused,F,18,18.36
0,63.96,Unused,F,18,6.5
0,395.0,Unused,F,18,6.5
0,79.0,Unused,F,18,6.5
0,158.0,Unused,F,18,6.5
0,149.0,Unused,F,18,6.5
0,19.95,Unused,F,18,6.5
0,63.8,Unused,F,18,30.35
0,119.0,Unused,F,18,6.5
0,15.99,Unused,F,18,6.5
1,46.37,Used,F,31,6.0
0,199.0,Used,F,31,6.0
0,199.0,Used,F,31,6.0
0,28.9,Used,F,31,6.0
0,11.89,Used,F,31,6.0
0,55.0,Used,F,31,75.0
0,149.0,Used,F,31,6.0
0,5.6,Unused,F,31,6.0
0,17.95,Unused,F,31,6.0
0,10.39,Unused,F,31,6.5
0,64.88,Unused,F,31,75.0
0,36.47,Unused,F,31,6.0
0,119.0,Unused,F,31,6.0
0,28.0,Unused,F,31,6.0
0,149.0,Unused,F,31,6.0
0,4.95,Unused,F,31,6.0
0,29.98,Unused,F,31,6.0
0,16.8,Unused,F,31,6.0
0,9.49,Unused,F,31,75.0
0,238.0,Unused,F,31,12.99
0,22.8,Unused,F,31,6.0
1,238.0,Used,M,50,6.0
0,12.76,Used,M,50,6.5
0,119.0,Used,M,50,12.99
0,119.0,Used,M,50,6.0
0,158.0,Used,M,50,6.0
0,10.39,Unused,M,50,6.5
0,6.0,Unused,M,50,6.0
0,11.96,Unused,M,50,6.0
0,16.79,Unused,M,50,6.5
0,79.0,Unused,M,50,6.0
0,47.52,Unused,M,50,6.0
0,205.7,Unused,M,50,6.0
1,268.57,Used,F,37,6.5
0,209.2,Unused,F,37,6.5
1,96.0,Used,F,37,22.58
0,595.0,Unused,F,37,12.99
0,158.0,Unused,F,37,12.99
1,16.79,Used,F,45,6.0
0,46.77,Unused,F,45,6.0
0,33.58,Unused,F,45,12.99
0,119.0,Unused,F,45,6.0
1,24.38,Used,M,3,6.5
0,11.97,Unused,M,3,6.5
1,3.6,Used,M,37,6.5
0,15.67,Used,M,37,6.5
0,122.77,Used,M,37,6.5
0,245.54,Used,M,37,6.5
0,122.77,Used,M,37,6.5
0,245.54,Used,M,37,6.5
0,81.5,Used,M,37,6.5
0,163.0,Used,M,37,6.5
0,153.71,Used,M,37,6.5
0,153.71,Used,M,37,6.5
0,2.05,Unused,M,37,6.5
0,122.77,Unused,M,37,6.5
0,368.31,Unused,M,37,6.5
0,122.77,Unused,M,37,6.5
0,368.31,Unused,M,37,6.5
0,16.5,Unused,M,37,6.5
0,81.5,Unused,M,37,6.5
0,81.5,Unused,M,37,6.5
0,153.71,Unused,M,37,6.5
0,153.71,Unused,M,37,35.3
0,153.71,Unused,M,37,6.5
0,307.42,Unused,M,37,6.5
0,153.71,Unused,M,37,6.5
0,14.8,Unused,M,37,6.5
0,77.36,Unused,M,37,6.5
1,202.84,Used,M,42,6.5
0,48.92,Used,M,42,12.99
0,16.3,Used,M,42,12.99
0,22.41,Used,M,42,6.0
0,16.3,Used,M,42,12.99
0,242.6,Used,M,42,12.99
0,121.3,Used,M,42,12.99
0,151.88,Used,M,42,6.5
0,151.88,Used,M,42,6.5
0,161.04,Used,M,42,6.5
0,111.67,Unused,M,42,12.99
0,136.65,Unused,M,42,6.0
0,100.91,Unused,M,42,6.5
0,100.91,Unused,M,42,12.99
0,22.41,Unused,M,42,6.0
0,121.3,Unused,M,42,6.5
0,3.87,Unused,M,42,6.5
0,151.88,Unused,M,42,6.5
0,241.56,Unused,M,42,6.5
0,427.49,Unused,M,42,6.0
0,17.93,Unused,M,42,12.99
0,100.91,Unused,M,42,6.5
0,11.82,Unused,M,42,12.99
1,33.59,Used,F,7,6.5
0,33.59,Used,F,7,6.5
0,33.59,Unused,F,7,6.5
0,33.59,Unused,F,7,6.5
0,33.59,Unused,F,7,6.5
0,33.59,Unused,F,7,6.5
1,24.99,Used,F,7,6.5
0,77.96,Unused,F,7,6.5
1,238.0,Used,M,4,6.0
0,15.19,Used,M,4,6.0
0,79.0,Used,M,4,6.0
0,43.99,Used,M,4,6.0
0,149.0,Used,M,4,6.0
0,149.0,Used,M,4,6.0
0,38.38,Unused,M,4,6.5
0,19.19,Unused,M,4,12.99
0,51.97,Unused,M,4,6.0
0,44.79,Unused,M,4,6.0
0,15.99,Unused,M,4,6.0
0,52.07,Unused,M,4,6.0
0,119.0,Unused,M,4,12.99
0,238.0,Unused,M,4,6.0
0,25.5,Unused,M,4,6.0
0,25.5,Unused,M,4,6.0
0,149.0,Unused,M,4,6.0
0,103.41,Unused,M,4,6.0
0,12.99,Unused,M,4,6.0
0,119.0,Unused,M,4,6.0
0,119.0,Unused,M,4,6.0
0,15.99,Unused,M,4,6.0
0,149.0,Unused,M,4,12.99
1,18.99,Used,M,4,6.0
0,3.5,Unused,M,4,6.0
0,39.8,Unused,M,4,6.0
0,23.85,Unused,M,4,6.0
0,11.99,Unused,M,4,6.5
0,149.0,Unused,M,4,6.0
0,447.0,Unused,M,4,6.0
0,25.19,Unused,M,4,6.0
0,447.0,Unused,M,4,6.0
0,23.75,Used,M,4,6.0
0,6.0,Used,M,4,6.0
0,5.7,Used,M,4,6.0
0,447.0,Used,M,4,6.0
0,31.35,Unused,M,4,6.0
0,15.19,Unused,M,4,6.0
0,15.2,Unused,M,4,6.0
0,238.0,Unused,M,4,6.0
0,149.0,Unused,M,4,12.99
0,10.63,Unused,M,4,6.0
0,31.35,Unused,M,4,6.0
0,119.0,Unused,M,4,6.0
1,10.99,Used,F,40,6.0
0,8.4,Used,F,40,6.0
0,19.19,Used,F,40,6.0
0,13.43,Used,F,40,6.0
0,18.99,Used,F,40,6.0
0,50.83,Used,F,40,12.99
0,15.99,Used,F,40,6.0
0,30.78,Used,F,40,6.0
0,149.0,Used,F,40,6.0
0,158.0,Used,F,40,6.0
0,201.09,Unused,F,40,12.91
0,22.33,Unused,F,40,6.0
0,2.99,Unused,F,40,6.0
0,109.94,Unused,F,40,19.99
0,38.52,Unused,F,40,6.0
0,15.99,Unused,F,40,6.0
0,13.59,Unused,F,40,6.0
0,119.0,Unused,F,40,6.0
0,357.0,Unused,F,40,6.0
0,277.0,Unused,F,40,6.0
0,370.59,Unused,F,40,12.99
0,253.99,Unused,F,40,6.0
0,119.0,Unused,F,40,6.0
0,238.0,Unused,F,40,6.0
0,15.99,Unused,F,40,6.0
0,15.99,Unused,F,40,6.0
0,158.0,Unused,F,40,6.0
0,15.99,Unused,F,40,6.0
0,13.59,Unused,F,40,6.0
0,149.0,Unused,F,40,6.0
0,63.6,Unused,F,40,19.99
0,87.9,Unused,F,40,12.91
0,139.93,Unused,F,40,6.0
0,2.39,Unused,F,40,6.0
0,119.0,Unused,F,40,6.0
0,238.0,Unused,F,40,6.0
0,11.89,Unused,F,40,6.0
0,24.22,Unused,F,40,6.0
0,11.19,Unused,F,40,6.0
0,298.0,Unused,F,40,6.0
0,149.0,Unused,F,40,6.0
0,13.29,Used,F,40,20.0
1,4.99,Used,F,40,6.0
0,11.48,Used,F,40,6.0
0,39.8,Used,F,40,6.0
0,15.19,Used,F,40,6.0
0,12.0,Used,F,40,6.0
0,7.17,Used,F,40,6.5
0,77.7,Used,F,40,6.5
0,19.19,Used,F,40,12.99
0,6.99,Used,F,40,6.0
0,46.14,Used,F,40,6.0
0,119.0,Used,F,40,6.0
0,238.0,Used,F,40,6.0
0,119.0,Used,F,40,6.0
0,238.0,Used,F,40,6.0
0,27.19,Used,F,40,12.99
0,27.18,Used,F,40,6.0
0,55.9,Unused,F,40,6.0
0,87.24,Unused,F,40,6.0
0,11.99,Unused,F,40,6.0
0,13.66,Unused,F,40,6.5
0,35.73,Unused,F,40,6.0
0,119.7,Unused,F,40,18.12
0,8.4,Unused,F,40,6.0
0,13.98,Unused,F,40,6.0
0,27.18,Unused,F,40,6.0
0,13.59,Unused,F,40,6.0
0,5.7,Unused,F,40,6.0
0,2.99,Unused,F,40,6.0
0,119.0,Unused,F,40,12.99
0,119.0,Unused,F,40,6.0
0,119.0,Unused,F,40,6.0
0,119.0,Unused,F,40,6.0
0,27.18,Unused,F,40,12.99
0,40.77,Unused,F,40,6.5
0,13.59,Unused,F,40,6.0
0,149.0,Unused,F,40,6.0
0,149.0,Unused,F,40,6.0
0,14.0,Unused,F,40,6.0
0,7.69,Unused,F,40,6.0
0,4.78,Unused,F,40,6.5
0,11.99,Unused,F,40,6.0
0,13.2,Unused,F,40,6.0
0,4.56,Unused,F,40,6.0
0,119.0,Unused,F,40,12.99
1,43.2,Used,M,29,6.0
0,3.5,Unused,M,29,6.0
0,15.39,Unused,M,29,6.0
0,38.4,Unused,M,29,6.0
0,19.99,Unused,M,29,6.0
0,319.84,Unused,M,29,44.4
0,575.0,Unused,M,29,6.0
0,8.16,Unused,M,29,6.0
0,130.4,Unused,M,29,44.4
0,79.8,Unused,M,29,6.0
1,301.34,Used,F,16,354.0
0,15.18,Used,F,16,6.5
0,158.0,Used,F,16,6.5
0,149.0,Used,F,16,6.5
0,727.87,Unused,F,16,354.0
0,19.19,Unused,F,16,35.3
0,3.98,Unused,F,16,6.5
0,19.99,Unused,F,16,6.5
0,122.23,Unused,F,16,35.3
0,119.0,Unused,F,16,6.5
1,79.0,Used,F,16,6.0
1,119.0,Used,F,50,6.0
0,12.31,Used,F,50,6.0
0,298.0,Used,F,50,6.0
0,79.99,Unused,F,50,6.0
0,137.4,Unused,F,50,12.99
0,268.0,Unused,F,50,6.0
0,119.0,Unused,F,50,6.0
0,13.99,Unused,F,50,6.0
0,655.0,Unused,F,50,6.0
0,158.0,Unused,F,50,6.0
0,149.0,Unused,F,50,6.0
0,149.0,Unused,F,50,6.0
0,79.5,Unused,F,50,12.99
1,7.45,Unused,F,23,6.5
1,199.0,Used,F,23,8.7
0,11.97,Unused,F,23,6.0
0,10.63,Unused,F,23,6.0
1,14.4,Used,F,23,6.0
0,27.75,Unused,F,23,6.0
0,395.0,Unused,F,23,6.0
0,16.79,Unused,F,23,6.0
1,4.99,Used,F,32,6.0
0,199.0,Used,F,32,6.0
0,13.99,Used,F,32,6.0
0,2.39,Used,F,32,6.0
0,31.98,Used,F,32,6.5
0,119.0,Used,F,32,6.0
0,16.79,Used,F,32,20.85
0,32.18,Used,F,32,6.0
0,7.6,Used,F,32,6.0
0,79.0,Used,F,32,6.0
0,516.6,Unused,F,32,6.0
0,15.99,Unused,F,32,6.0
0,30.49,Unused,F,32,6.0
0,11.2,Unused,F,32,6.0
0,31.98,Unused,F,32,6.5
0,19.78,Unused,F,32,6.0
0,119.0,Unused,F,32,6.0
0,16.79,Unused,F,32,6.0
0,365.79,Unused,F,32,6.0
0,349.0,Unused,F,32,12.99
0,3.8,Unused,F,32,6.0
0,316.0,Unused,F,32,6.0
0,149.0,Unused,F,32,6.0
0,298.0,Unused,F,32,6.0
0,149.0,Unused,F,32,6.0
0,279.0,Unused,F,32,6.0
0,2.39,Unused,F,32,6.0
0,238.0,Unused,F,32,6.0
0,9.5,Unused,F,32,6.0
1,1.59,Used,F,36,6.5
0,34.13,Used,F,36,6.5
0,119.0,Used,F,36,6.5
0,24.99,Used,F,36,6.5
0,151.97,Unused,F,36,6.5
0,1.59,Unused,F,36,6.5
0,476.0,Unused,F,36,6.5
0,52.07,Unused,F,36,6.5
0,298.0,Unused,F,36,6.5
0,13.59,Unused,F,36,6.5
0,52.07,Unused,F,36,6.5
0,119.0,Unused,F,36,6.5
0,49.5,Used,F,36,16.85
0,35.0,Used,F,36,6.5
0,111.52,Used,F,36,6.5
0,10.39,Used,F,36,6.5
0,44.79,Used,F,36,6.5
0,41.57,Used,F,36,6.5
0,25.9,Used,F,36,6.5
0,52.07,Used,F,36,6.5
0,149.0,Used,F,36,6.5
0,149.0,Used,F,36,6.5
0,395.0,Used,F,36,6.5
0,237.0,Used,F,36,6.5
0,79.0,Used,F,36,6.5
0,79.0,Used,F,36,6.5
0,16.99,Used,F,36,6.5
0,149.0,Used,F,36,6.5
0,298.0,Used,F,36,6.5
0,13.29,Used,F,36,6.5
0,9.95,Unused,F,36,6.5
0,21.98,Unused,F,36,6.5
0,308.62,Unused,F,36,12.91
0,2.39,Unused,F,36,6.5
0,14.0,Unused,F,36,19.02
0,7.96,Unused,F,36,6.5
0,86.35,Unused,F,36,6.5
0,357.0,Unused,F,36,6.5
0,119.0,Unused,F,36,6.5
0,119.0,Unused,F,36,6.5
0,119.0,Unused,F,36,6.5
0,34.99,Unused,F,36,6.5
0,149.0,Unused,F,36,6.5
0,395.0,Unused,F,36,6.5
0,395.0,Unused,F,36,6.5
0,395.0,Unused,F,36,6.5
0,79.0,Unused,F,36,6.5
0,27.18,Unused,F,36,6.5
0,149.0,Unused,F,36,6.5
0,49.75,Unused,F,36,16.85
0,8.79,Unused,F,36,6.5
0,59.9,Unused,F,36,19.02
0,11.19,Unused,F,36,6.5
0,149.5,Unused,F,36,6.5
0,2.99,Unused,F,36,6.5
0,2.39,Unused,F,36,6.5
0,119.0,Unused,F,36,6.5
0,119.0,Unused,F,36,6.5
0,15.19,Unused,F,36,6.5
0,79.0,Unused,F,36,6.5
0,298.0,Unused,F,36,6.5
0,79.0,Unused,F,36,6.5
1,2.8,Used,F,36,6.0
0,17.5,Used,F,36,6.0
0,8.0,Used,F,36,6.0
0,41.17,Used,F,36,15.37
0,45.6,Used,F,36,29.9
0,2.99,Used,F,36,6.0
0,23.38,Used,F,36,6.0
0,13.59,Used,F,36,19.99
0,46.05,Used,F,36,6.0
0,149.0,Used,F,36,6.0
0,16.99,Unused,F,36,6.0
0,111.18,Unused,F,36,15.37
0,4.89,Unused,F,36,6.0
0,11.99,Unused,F,36,6.0
0,348.37,Unused,F,36,6.0
0,650.36,Unused,F,36,29.9
0,20.99,Unused,F,36,6.0
0,149.0,Unused,F,36,6.0
0,149.0,Unused,F,36,6.0
0,447.0,Unused,F,36,56.32
0,298.0,Unused,F,36,6.0
0,37.16,Unused,F,36,6.0
0,3.5,Unused,F,36,6.0
0,136.8,Unused,F,36,29.9
0,119.0,Unused,F,36,6.0
1,26.47,Used,M,39,61.13
0,45.0,Used,M,39,6.5
0,119.0,Used,M,39,6.5
0,238.0,Used,M,39,6.5
0,384.25,Unused,M,39,6.5
0,14.5,Unused,M,39,61.13
0,121.39,Unused,M,39,6.5
0,119.0,Unused,M,39,6.5
1,238.0,Used,M,49,6.5
0,39.18,Used,M,49,50.0
0,316.0,Used,M,49,6.5
0,710.37,Unused,M,49,6.5
0,304.55,Unused,M,49,6.5
0,19.19,Unused,M,49,14.41
0,30.39,Unused,M,49,6.5
0,78.26,Unused,M,49,35.89
0,268.0,Unused,M,49,6.5
0,39.98,Unused,M,49,50.0
0,149.0,Unused,M,49,6.5
0,119.0,Unused,M,49,6.5
1,15.14,Used,M,49,6.0
0,5.0,Used,M,49,6.0
0,99.0,Used,M,49,6.0
0,32.0,Used,M,49,6.0
0,349.0,Used,M,49,6.0
0,279.0,Used,M,49,6.0
0,23.99,Used,M,49,6.0
0,149.0,Used,M,49,6.0
0,298.0,Used,M,49,12.99
0,149.0,Used,M,49,6.0
0,199.0,Unused,M,49,6.0
0,99.0,Unused,M,49,6.0
0,99.0,Unused,M,49,6.0
0,29.12,Unused,M,49,6.0
0,119.99,Unused,M,49,19.99
0,36.75,Unused,M,49,6.0
0,238.0,Unused,M,49,6.0
0,238.0,Unused,M,49,12.99
0,357.0,Unused,M,49,6.0
0,952.0,Unused,M,49,6.0
0,28.25,Unused,M,49,6.0
0,548.0,Unused,M,49,6.0
0,4.77,Unused,M,49,6.0
0,23.75,Unused,M,49,6.0
0,79.0,Unused,M,49,6.0
1,597.0,Used,F,38,6.0
0,357.0,Used,F,38,12.99
0,199.0,Used,F,38,12.99
0,16.79,Used,F,38,6.0
0,535.0,Used,F,38,6.0
0,1.2,Unused,F,38,6.0
0,279.0,Unused,F,38,6.0
0,27.18,Unused,F,38,6.5
1,12.87,Used,F,50,6.0
0,11.19,Unused,F,50,6.0
0,30.98,Unused,F,50,6.0
1,20.66,Used,F,50,6.5
0,48.0,Unused,F,50,6.5
0,108.72,Unused,F,50,12.91
0,176.67,Unused,F,50,12.48
0,40.77,Unused,F,50,12.48
1,25.99,Used,F,25,6.0
0,79.99,Used,F,25,6.0
0,1.4,Used,F,25,6.0
0,37.98,Used,F,25,6.0
0,25.99,Used,F,25,6.0
0,13.92,Used,F,25,6.0
0,149.0,Used,F,25,6.0
0,79.0,Used,F,25,6.0
0,298.0,Used,F,25,6.0
0,149.0,Used,F,25,6.0
0,8.79,Unused,F,25,6.0
0,17.5,Unused,F,25,6.0
0,199.0,Unused,F,25,6.0
0,6.15,Unused,F,25,6.0
0,39.8,Unused,F,25,18.12
0,102.63,Unused,F,25,6.0
0,9.49,Unused,F,25,6.0
0,476.0,Unused,F,25,19.99
0,119.0,Unused,F,25,6.0
0,12.0,Unused,F,25,6.0
0,25.82,Unused,F,25,6.0
0,149.0,Unused,F,25,12.99
0,9.6,Used,F,25,44.22
0,26.64,Unused,F,25,44.22
1,34.8,Used,F,5,6.0
0,109.9,Unused,F,5,6.0
0,178.78,Unused,F,5,6.0
0,86.2,Unused,F,5,6.0
0,119.0,Unused,F,5,6.0
1,110.35,Used,F,5,6.5
0,31.9,Used,F,5,6.5
0,44.79,Used,F,5,6.5
0,55.99,Used,F,5,6.5
0,119.0,Used,F,5,6.5
0,238.0,Used,F,5,6.5
0,119.0,Used,F,5,6.5
0,119.0,Used,F,5,6.5
0,27.18,Used,F,5,6.5
0,298.0,Used,F,5,6.5
0,149.0,Used,F,5,6.5
0,149.0,Used,F,5,35.3
0,149.0,Used,F,5,6.5
0,123.19,Unused,F,5,6.5
0,207.58,Unused,F,5,6.5
0,3.5,Unused,F,5,6.5
0,59.85,Unused,F,5,13.78
0,1102.0,Unused,F,5,6.5
0,59.99,Unused,F,5,6.5
0,19.99,Unused,F,5,6.5
0,19.99,Unused,F,5,6.5
0,228.0,Unused,F,5,6.5
0,149.0,Unused,F,5,6.5
0,298.0,Unused,F,5,6.5
0,18.99,Unused,F,5,6.5
0,75.95,Unused,F,5,6.5
0,19.99,Unused,F,5,6.5
0,59.99,Unused,F,5,6.5
0,149.0,Unused,F,5,6.5
0,3.98,Used,F,5,6.5
0,357.0,Used,F,5,6.5
0,238.0,Unused,F,5,6.5
0,228.0,Unused,F,5,6.5
0,172.99,Unused,F,5,6.5
0,21.98,Unused,F,5,20.0
0,249.9,Unused,F,5,6.5
0,119.0,Unused,F,5,6.5
0,238.0,Unused,F,5,6.5
0,596.0,Unused,F,5,6.5
1,48.92,Used,F,16,6.5
0,3.05,Used,F,16,6.0
0,121.3,Used,F,16,6.5
0,202.84,Unused,F,16,6.5
0,9.43,Unused,F,16,6.0
0,2.03,Unused,F,16,6.0
0,121.3,Unused,F,16,6.5
0,121.3,Unused,F,16,12.99
0,121.3,Unused,F,16,12.99
1,16.93,Used,F,29,6.0
0,18.4,Used,F,29,6.0
0,268.0,Used,F,29,6.0
0,1197.0,Unused,F,29,48.59
0,16.8,Unused,F,29,6.0
0,1.59,Unused,F,29,6.0
0,386.0,Unused,F,29,6.0
0,61.6,Unused,F,29,6.0
0,149.0,Unused,F,29,6.0
0,119.0,Unused,F,29,6.0
0,26.4,Unused,F,29,6.0
1,149.0,Used,F,4,6.0
0,99.6,Unused,F,4,6.0
0,105.54,Unused,F,4,21.19
0,400.64,Unused,F,4,6.0
0,27.98,Unused,F,4,6.0
0,18.99,Unused,F,4,6.0
0,47.94,Unused,F,4,21.19
0,238.0,Unused,F,4,6.0
0,13.59,Unused,F,4,6.0
0,13.43,Unused,F,4,6.0
0,15.18,Unused,F,4,6.5
1,202.84,Unused,F,37,6.5
0,100.91,Unused,F,37,6.5
0,363.9,Unused,F,37,19.99
0,151.88,Unused,F,37,12.99
0,303.76,Unused,F,37,6.5
1,119.0,Used,F,8,6.5
0,16.99,Used,F,8,6.5
0,19.45,Unused,F,8,6.5
0,35.98,Unused,F,8,6.5
0,335.7,Unused,F,8,62.74
0,79.0,Unused,F,8,6.5
0,19.19,Unused,F,8,11.1
0,191.85,Unused,F,8,62.74
1,7.99,Used,M,24,6.5
0,199.0,Used,M,24,6.5
0,396.0,Used,M,24,6.5
0,149.0,Used,M,24,6.5
0,104.78,Unused,M,24,6.5
0,24.99,Unused,M,24,6.5
0,95.99,Unused,M,24,6.5
0,298.0,Unused,M,24,6.5
0,1.59,Unused,M,24,6.5
0,149.0,Unused,M,24,6.5
1,1.59,Used,M,24,6.0
0,119.0,Unused,M,24,6.0
0,19.02,Unused,M,24,6.0
0,1.2,Unused,M,24,6.0
0,119.0,Unused,M,24,6.0
1,151.2,Used,M,24,13.35
0,268.8,Unused,M,24,12.91
0,151.2,Unused,M,24,13.35
0,4.99,Unused,M,24,6.0
1,13.99,Unused,M,24,6.0
0,149.0,Unused,M,24,6.0
1,238.0,Used,F,2,6.5
0,84.59,Unused,F,2,6.5
0,57.54,Used,F,2,24.47
0,71.9,Used,F,2,13.78
0,8.99,Used,F,2,6.5
0,27.99,Used,F,2,6.5
0,39.99,Used,F,2,6.5
0,31.18,Used,F,2,6.5
0,119.0,Used,F,2,6.5
0,67.95,Used,F,2,13.78
0,79.0,Used,F,2,6.5
0,149.0,Used,F,2,6.5
0,5.98,Unused,F,2,6.5
0,26.37,Unused,F,2,24.47
0,19.19,Unused,F,2,11.1
0,14.38,Unused,F,2,6.5
0,83.86,Unused,F,2,24.47
0,41.98,Unused,F,2,6.5
0,44.79,Unused,F,2,6.5
0,119.0,Unused,F,2,6.5
0,238.0,Unused,F,2,6.5
0,15.99,Unused,F,2,6.5
0,19.99,Unused,F,2,6.5
0,149.0,Unused,F,2,6.5
0,149.0,Unused,F,2,6.5
0,149.0,Unused,F,2,6.5
0,8.76,Unused,F,2,24.47
0,2.39,Unused,F,2,6.5
0,149.0,Unused,F,2,8.7
0,3.98,Unused,F,2,6.5
0,59.99,Unused,F,2,6.5
0,13.59,Unused,F,2,13.78
1,92.42,Unused,F,3,6.5
0,153.71,Unused,F,3,6.5
0,46.21,Unused,F,3,6.5
0,13.4,Used,F,3,6.5
0,35.07,Used,F,3,6.5
0,122.77,Used,F,3,6.5
0,153.71,Used,F,3,6.5
0,19.8,Unused,F,3,6.5
0,16.5,Unused,F,3,6.5
0,31.35,Unused,F,3,12.76
0,245.54,Unused,F,3,6.5
0,153.71,Unused,F,3,6.5
0,2.05,Unused,F,3,6.5
1,99.0,Used,F,3,6.0
0,18.99,Used,F,3,6.0
0,158.0,Used,F,3,6.0
0,149.0,Used,F,3,6.0
0,99.0,Unused,F,3,6.0
0,238.0,Unused,F,3,6.0
0,18.99,Unused,F,3,6.0
0,79.0,Unused,F,3,6.0
0,149.0,Unused,F,3,15.75
0,447.0,Unused,F,3,19.99
0,237.0,Unused,F,3,6.0
0,5.98,Unused,F,3,6.0
0,41.59,Unused,F,3,6.5
0,238.0,Unused,F,3,6.5
0,12.79,Unused,F,3,6.5
1,1.99,Used,F,50,6.5
0,39.99,Used,F,50,6.5
0,476.0,Used,F,50,6.5
0,109.99,Used,F,50,6.5
0,99.0,Used,F,50,6.5
0,24.95,Unused,F,50,6.5
0,4.99,Unused,F,50,6.5
0,4.98,Unused,F,50,6.5
0,476.0,Unused,F,50,6.5
0,119.0,Unused,F,50,6.5
0,199.0,Unused,F,50,8.7
0,55.99,Unused,F,50,6.5
1,34.97,Used,F,50,6.0
0,13.5,Used,F,50,6.0
0,15.19,Used,F,50,6.0
0,7.6,Used,F,50,6.0
0,119.0,Used,F,50,6.0
0,16.99,Used,F,50,6.0
0,13.99,Unused,F,50,6.0
0,17.7,Unused,F,50,6.0
0,119.0,Unused,F,50,6.0
0,119.0,Unused,F,50,6.0
0,119.0,Unused,F,50,6.0
0,24.0,Unused,F,50,6.0
1,22.09,Used,F,50,6.0
0,238.0,Used,F,50,12.99
0,11.4,Used,F,50,6.0
0,13.59,Used,F,50,6.0
0,72.27,Unused,F,50,6.0
0,281.39,Unused,F,50,6.0
0,99.0,Unused,F,50,6.0
0,186.79,Unused,F,50,14.25
0,19.99,Unused,F,50,6.0
0,279.0,Unused,F,50,6.0
0,9.6,Unused,F,50,6.0
0,153.08,Unused,F,50,6.0
0,349.0,Unused,F,50,6.0
0,15.38,Unused,F,50,6.0
0,119.0,Unused,F,50,6.0
0,238.0,Unused,F,50,6.0
0,238.0,Unused,F,50,12.99
1,158.0,Used,F,31,6.0
0,199.0,Used,F,31,8.7
0,13.59,Unused,F,31,6.0
0,15.19,Unused,F,31,6.0
0,149.0,Unused,F,31,6.0
1,99.0,Used,F,31,6.5
0,279.0,Used,F,31,6.5
0,149.0,Used,F,31,12.99
0,99.0,Unused,F,31,6.5
0,198.0,Unused,F,31,6.5
0,119.0,Unused,F,31,6.5
0,119.0,Unused,F,31,6.5
0,149.0,Unused,F,31,6.5
0,79.0,Unused,F,31,6.5
0,298.0,Unused,F,31,6.5
0,149.0,Unused,F,31,6.5
0,0.4,Unused,F,31,6.5
0,119.0,Unused,F,31,6.5
0,238.0,Unused,F,31,6.5
0,199.0,Unused,F,31,6.5
1,1.99,Used,M,40,6.5
0,20.39,Used,M,40,6.5
0,95.6,Used,M,40,139.57
0,5.6,Used,M,40,6.5
0,119.0,Used,M,40,6.5
0,277.0,Used,M,40,6.5
0,119.0,Used,M,40,6.5
0,149.0,Used,M,40,6.5
0,25.14,Unused,M,40,6.5
0,55.99,Unused,M,40,6.5
0,432.35,Unused,M,40,139.57
0,12.76,Unused,M,40,6.5
0,38.98,Unused,M,40,6.5
0,238.0,Unused,M,40,6.5
0,506.0,Unused,M,40,6.5
0,238.0,Unused,M,40,6.5
0,79.0,Unused,M,40,6.5
0,13.59,Unused,M,40,6.5
0,23.19,Unused,M,40,6.5
0,29.99,Unused,M,40,6.5
0,17.59,Unused,M,40,6.5
1,238.0,Unused,M,40,6.0
1,74.98,Unused,F,41,6.0
0,476.0,Unused,F,41,6.0
0,119.0,Unused,F,41,6.0
0,119.0,Unused,F,41,6.0
0,119.0,Unused,F,41,6.0
0,149.0,Unused,F,41,6.0
0,15.38,Used,F,41,6.0
0,1.5,Used,F,41,6.0
0,4.56,Used,F,41,6.0
0,395.0,Used,F,41,6.0
0,21.5,Unused,F,41,6.0
0,21.49,Unused,F,41,6.0
0,18.69,Unused,F,41,6.0
0,33.58,Unused,F,41,6.0
0,4.8,Unused,F,41,6.0
0,149.0,Unused,F,41,6.0
0,8.79,Unused,F,41,6.0
0,11.98,Unused,F,41,6.0
0,14.16,Unused,F,41,6.0
1,22.94,Used,F,27,6.0
0,119.0,Used,F,27,6.0
0,119.0,Used,F,27,6.0
0,19.99,Used,F,27,6.0
0,10.63,Unused,F,27,6.0
0,119.0,Unused,F,27,6.0
0,119.0,Unused,F,27,6.0
0,13.59,Unused,F,27,6.0
0,15.99,Used,F,27,6.0
0,7.97,Used,F,27,6.0
0,124.82,Used,F,27,6.0
0,65.05,Used,F,27,6.0
0,39.75,Used,F,27,62.71
0,149.0,Used,F,27,6.0
0,316.0,Used,F,27,6.0
0,13.99,Used,F,27,6.0
0,15.39,Used,F,27,6.0
0,15.28,Unused,F,27,6.0
0,8.79,Unused,F,27,6.0
0,3.5,Unused,F,27,6.0
0,799.3,Unused,F,27,62.71
0,199.98,Unused,F,27,6.0
0,341.53,Unused,F,27,6.0
0,161.69,Unused,F,27,6.0
0,238.0,Unused,F,27,6.0
0,19.99,Unused,F,27,6.0
0,24.98,Unused,F,27,6.0
0,79.99,Unused,F,27,6.0
0,71.66,Unused,F,27,6.0
0,59.91,Unused,F,27,6.0
1,2.39,Used,F,27,6.0
0,99.0,Used,F,27,6.0
0,299.0,Used,F,27,12.99
0,119.0,Used,F,27,6.0
0,595.0,Used,F,27,6.0
0,149.0,Used,F,27,6.0
0,79.0,Used,F,27,6.0
0,158.0,Used,F,27,6.0
0,149.0,Used,F,27,6.0
0,217.0,Unused,F,27,12.99
0,27.42,Unused,F,27,6.0
0,198.0,Unused,F,27,6.0
0,51.79,Unused,F,27,6.0
0,357.0,Unused,F,27,6.0
0,238.0,Unused,F,27,12.99
0,119.0,Unused,F,27,6.0
0,349.0,Unused,F,27,6.0
0,79.0,Unused,F,27,6.0
0,16.99,Unused,F,27,12.99
0,149.0,Unused,F,27,6.0
0,22.38,Unused,F,27,6.0
0,99.0,Unused,F,27,6.0
0,13.59,Unused,F,27,6.0
0,238.0,Unused,F,27,6.0
0,149.0,Unused,F,27,12.99
1,49.99,Used,F,7,6.5
0,119.59,Unused,F,7,6.5
0,18.99,Unused,F,7,6.5
0,15.19,Unused,F,7,6.5
0,149.0,Unused,F,7,6.5
1,17.94,Used,F,7,6.0
0,124.43,Used,F,7,12.99
0,79.0,Used,F,7,6.0
0,151.93,Unused,F,7,12.99
0,43.97,Unused,F,7,6.0
0,307.0,Unused,F,7,6.0
0,15.19,Unused,F,7,6.0
0,149.0,Unused,F,7,6.0
0,77.94,Unused,F,7,12.99
0,5.6,Unused,F,7,6.0
0,13.59,Unused,F,7,6.0
1,102.75,Used,F,7,6.0
0,3.5,Used,F,7,6.0
0,199.0,Used,F,7,6.0
0,184.5,Used,F,7,61.13
0,27.99,Used,F,7,6.0
0,52.5,Used,F,7,6.0
0,39.19,Used,F,7,6.0
0,16.99,Used,F,7,6.0
0,13.59,Used,F,7,6.0
0,298.0,Used,F,7,6.0
0,18.99,Used,F,7,6.0
0,149.0,Used,F,7,6.0
0,3.99,Unused,F,7,6.0
0,129.54,Unused,F,7,6.0
0,50.18,Unused,F,7,6.0
0,51.09,Unused,F,7,6.0
0,12.38,Unused,F,7,6.0
0,199.0,Unused,F,7,6.0
0,71.7,Unused,F,7,61.13
0,15.59,Unused,F,7,6.0
0,31.35,Unused,F,7,6.0
0,15.19,Unused,F,7,6.0
0,28.88,Unused,F,7,6.0
0,23.28,Unused,F,7,6.0
0,149.0,Unused,F,7,6.0
0,44.79,Unused,F,7,12.99
0,62.38,Unused,F,7,6.0
0,19.99,Unused,F,7,6.5
0,119.0,Unused,F,7,6.0
0,19.99,Unused,F,7,6.0
0,8.0,Unused,F,7,6.0
1,14.35,Used,F,7,6.0
0,149.0,Used,F,7,6.0
0,79.0,Used,F,7,6.0
0,27.5,Used,F,7,6.0
0,199.0,Unused,F,7,6.0
0,10.6,Unused,F,7,6.0
0,31.98,Unused,F,7,6.0
0,18.75,Unused,F,7,6.0
0,349.0,Unused,F,7,6.0
0,149.0,Unused,F,7,6.0
0,2.39,Unused,F,7,6.0
0,149.0,Unused,F,7,6.0
1,27.16,Used,F,22,6.0
0,238.0,Used,F,22,6.0
0,41.99,Used,F,22,6.0
0,149.0,Used,F,22,6.0
0,41.56,Unused,F,22,12.91
0,26.37,Unused,F,22,6.0
0,4.08,Unused,F,22,6.0
0,149.0,Unused,F,22,6.0
1,5.0,Used,M,13,6.5
0,116.75,Used,M,13,50.74
0,11.59,Used,M,13,6.5
0,11.98,Used,M,13,20.74
0,55.99,Used,M,13,6.5
0,1.59,Used,M,13,6.5
0,119.0,Used,M,13,28.78
0,796.0,Used,M,13,6.5
0,238.0,Used,M,13,6.5
0,24.99,Used,M,13,6.5
0,59.99,Used,M,13,35.96
0,59.99,Used,M,13,6.5
0,15.19,Used,M,13,6.5
0,208.3,Unused,M,13,50.74
0,229.8,Unused,M,13,41.3
0,10.99,Unused,M,13,6.5
0,18.98,Unused,M,13,6.5
0,47.97,Unused,M,13,6.5
0,54.32,Unused,M,13,24.47
0,8.97,Unused,M,13,6.5
0,53.97,Unused,M,13,20.74
0,2.39,Unused,M,13,6.5
0,198.0,Unused,M,13,6.5
0,238.0,Unused,M,13,6.5
0,238.0,Unused,M,13,6.5
0,119.0,Unused,M,13,6.5
0,238.0,Unused,M,13,6.5
0,238.0,Unused,M,13,6.5
0,119.98,Unused,M,13,35.96
0,15.19,Unused,M,13,6.5
0,59.99,Unused,M,13,6.5
0,79.0,Unused,M,13,6.5
0,158.0,Unused,M,13,6.5
0,16.99,Unused,M,13,6.5
0,24.75,Unused,M,13,6.5
0,55.99,Unused,M,13,6.5
0,139.75,Unused,M,13,50.74
0,99.95,Unused,M,13,41.3
0,119.0,Unused,M,13,6.5
0,119.0,Unused,M,13,6.5
0,59.99,Unused,M,13,35.96
0,79.0,Unused,M,13,6.5
1,14.84,Used,F,29,6.5
0,316.71,Used,F,29,6.5
0,153.71,Used,F,29,6.5
0,153.71,Used,F,29,6.5
0,1.64,Unused,F,29,6.5
0,102.28,Unused,F,29,28.78
0,245.54,Unused,F,29,6.5
0,153.71,Unused,F,29,6.5
0,153.71,Unused,F,29,6.5
0,1.64,Unused,F,29,6.5
0,153.71,Unused,F,29,6.5
0,153.71,Unused,F,29,6.5
0,65.17,Used,F,29,6.5
0,122.77,Unused,F,29,6.5
0,239.32,Used,F,29,86.74
0,99.0,Used,F,29,6.5
0,15.99,Unused,F,29,6.5
0,239.03,Unused,F,29,86.74
0,149.0,Unused,F,29,6.5
1,78.84,Used,F,29,12.99
0,4.98,Unused,F,29,6.0
0,39.9,Unused,F,29,12.99
0,19.9,Unused,F,29,12.99
0,1.99,Unused,F,29,6.0
1,49.2,Used,F,29,6.0
0,47.18,Unused,F,29,6.0
0,27.19,Used,F,29,6.0
0,369.4,Used,F,29,63.91
0,119.0,Used,F,29,6.0
0,386.0,Used,F,29,6.0
0,238.0,Unused,F,29,6.0
0,237.0,Unused,F,29,6.0
0,13.59,Unused,F,29,6.0
0,13.29,Unused,F,29,6.0
0,208.0,Unused,F,29,8.7
1,2.99,Used,F,29,6.0
0,5.97,Unused,F,29,6.0
0,15.28,Unused,F,29,6.0
0,3.49,Unused,F,29,6.0
0,51.96,Used,F,29,6.0
0,5.7,Used,F,29,6.0
0,357.0,Used,F,29,6.0
0,119.0,Used,F,29,6.0
0,16.99,Used,F,29,6.0
0,13.59,Used,F,29,6.0
0,8.97,Unused,F,29,6.0
0,3.59,Unused,F,29,6.0
0,149.0,Unused,F,29,6.0
1,49.44,Used,M,40,50.74
0,20.62,Used,M,40,6.5
0,36.3,Used,M,40,6.5
0,28.9,Used,M,40,6.5
0,30.93,Used,M,40,6.5
0,59.81,Used,M,40,6.5
0,46.98,Used,M,40,6.5
0,49.4,Used,M,40,12.76
0,19.76,Used,M,40,20.78
0,86.65,Used,M,40,6.5
0,122.95,Used,M,40,6.5
0,576.8,Used,M,40,175.14
0,2.05,Used,M,40,6.5
0,122.77,Used,M,40,6.5
0,245.54,Used,M,40,6.5
0,163.0,Used,M,40,6.5
0,461.13,Used,M,40,6.5
0,307.42,Used,M,40,6.5
0,153.71,Used,M,40,6.5
0,296.66,Unused,M,40,6.5
0,370.46,Unused,M,40,50.74
0,14.45,Unused,M,40,6.5
0,36.28,Unused,M,40,18.47
0,10.72,Unused,M,40,6.5
0,126.89,Unused,M,40,6.5
0,5.13,Unused,M,40,6.5
0,60.23,Unused,M,40,6.5
0,57.76,Unused,M,40,6.5
0,46.21,Unused,M,40,6.5
0,14.82,Unused,M,40,6.5
0,9.88,Unused,M,40,20.78
0,565.74,Unused,M,40,6.5
0,9.26,Unused,M,40,6.5
0,7.21,Unused,M,40,6.5
0,207.72,Unused,M,40,6.5
0,249.65,Unused,M,40,6.5
0,122.77,Unused,M,40,6.5
0,17.53,Unused,M,40,6.5
0,153.71,Unused,M,40,6.5
0,153.71,Unused,M,40,6.5
0,153.71,Unused,M,40,6.5
0,614.84,Unused,M,40,62.74
0,153.71,Unused,M,40,6.5
0,14.45,Unused,M,40,6.5
0,113.04,Unused,M,40,6.5
0,9.88,Unused,M,40,20.78
0,89.94,Unused,M,40,6.5
0,32.96,Unused,M,40,18.47
0,230.79,Unused,M,40,6.5
0,163.0,Unused,M,40,6.5
0,20.62,Unused,M,40,6.5
1,402.6,Unused,F,7,6.5
0,322.08,Unused,F,7,19.99
1,153.71,Unused,M,24,6.5
1,238.0,Used,M,24,6.5
0,113.08,Unused,M,24,6.5
0,238.0,Unused,M,24,6.5
0,16.99,Unused,M,24,12.99
1,122.77,Unused,F,9,6.5
1,39.95,Used,F,9,6.5
0,49.9,Unused,F,9,6.5
0,24.99,Unused,F,9,39.27
1,121.3,Unused,F,9,6.5
0,121.3,Unused,F,9,6.5
1,20.38,Used,M,6,6.0
0,548.0,Used,M,6,6.0
0,99.0,Used,M,6,6.0
0,198.0,Used,M,6,6.0
0,41.59,Used,M,6,6.0
0,2.99,Used,M,6,6.0
0,119.0,Used,M,6,12.99
0,22.49,Unused,M,6,6.0
0,15.0,Unused,M,6,6.0
0,41.59,Unused,M,6,6.0
0,19.99,Unused,M,6,6.0
0,31.07,Unused,M,6,6.0
0,119.0,Unused,M,6,6.0
0,6.36,Unused,M,6,6.0
0,41.59,Unused,M,6,6.0
0,21.98,Used,M,6,6.0
0,149.0,Used,M,6,6.0
0,10.99,Unused,M,6,6.0
0,79.0,Unused,M,6,6.0
0,149.0,Unused,M,6,6.0
0,199.0,Unused,M,6,8.7
1,11.97,Unused,F,34,6.5
0,357.0,Unused,F,34,6.5
0,169.98,Used,F,34,26.43
0,179.85,Used,F,34,18.59
0,47.8,Used,F,34,6.5
0,74.85,Used,F,34,22.71
0,51.97,Used,F,34,6.5
0,119.0,Used,F,34,6.5
0,119.0,Used,F,34,6.5
0,357.0,Used,F,34,23.17
0,61.59,Used,F,34,6.5
0,75.97,Unused,F,34,6.5
0,76.08,Unused,F,34,6.5
0,35.0,Unused,F,34,6.5
0,117.42,Unused,F,34,6.5
0,131.17,Unused,F,34,6.5
0,9.99,Unused,F,34,6.5
0,40.98,Unused,F,34,6.5
0,119.0,Unused,F,34,6.5
0,149.98,Unused,F,34,6.5
0,13.59,Unused,F,34,6.5
0,447.0,Unused,F,34,6.5
0,63.77,Unused,F,34,6.5
0,10.99,Unused,F,34,6.5
0,8.99,Unused,F,34,26.43
0,299.85,Unused,F,34,18.59
0,119.0,Unused,F,34,6.5
0,119.0,Unused,F,34,6.5
1,49.27,Used,M,49,6.0
0,129.63,Used,M,49,12.99
0,119.0,Used,M,49,6.0
0,149.0,Used,M,49,6.0
0,386.0,Used,M,49,6.0
0,298.0,Used,M,49,6.0
0,362.7,Unused,M,49,19.68
0,98.37,Unused,M,49,6.0
0,11.96,Unused,M,49,6.0
0,238.0,Unused,M,49,6.0
0,238.0,Unused,M,49,6.0
0,3.0,Unused,M,49,6.0
0,238.0,Unused,M,49,6.0
1,33.59,Used,F,23,6.0
0,33.59,Used,F,23,6.0
0,33.59,Used,F,23,6.0
0,11.18,Used,F,23,18.12
0,10.99,Used,F,23,19.99
0,279.6,Used,F,23,6.0
0,19.99,Used,F,23,6.0
0,2.39,Used,F,23,6.0
0,238.0,Used,F,23,6.0
0,387.0,Used,F,23,6.0
0,238.0,Used,F,23,6.0
0,119.0,Used,F,23,6.0
0,119.0,Used,F,23,12.99
0,298.0,Used,F,23,19.99
0,9.09,Unused,F,23,6.0
0,33.59,Unused,F,23,6.0
0,67.18,Unused,F,23,6.0
0,33.59,Unused,F,23,6.0
0,33.59,Unused,F,23,6.0
0,103.32,Unused,F,23,18.12
0,430.5,Unused,F,23,6.0
0,44.79,Unused,F,23,6.0
0,14.69,Unused,F,23,6.0
0,148.04,Unused,F,23,6.0
0,238.0,Unused,F,23,6.0
0,119.0,Unused,F,23,19.99
0,13.29,Unused,F,23,19.99
0,22.94,Unused,F,23,6.0
0,39.98,Unused,F,23,6.0
0,149.0,Unused,F,23,6.0
0,158.0,Unused,F,23,6.0
0,5.98,Unused,F,23,19.99
0,33.59,Unused,F,23,6.0
0,17.58,Unused,F,23,6.0
0,15.95,Unused,F,23,18.12
0,119.0,Unused,F,23,19.99
0,238.0,Unused,F,23,19.99
0,11.75,Used,F,23,6.0
0,14.69,Used,F,23,6.0
0,33.59,Unused,F,23,6.0
1,107.85,Used,F,23,26.2
0,149.0,Used,F,23,6.0
0,512.5,Unused,F,23,26.2
0,452.25,Unused,F,23,28.37
0,670.8,Unused,F,23,30.59
0,238.0,Unused,F,23,6.0
0,323.52,Unused,F,23,26.2
1,23.94,Used,F,23,6.5
0,20.79,Used,F,23,6.0
0,2.99,Used,F,23,6.0
0,238.0,Used,F,23,6.0
0,237.0,Used,F,23,6.0
0,199.0,Unused,F,23,6.0
0,0.5,Unused,F,23,6.0
0,297.0,Unused,F,23,6.0
0,14.34,Unused,F,23,6.5
0,20.79,Unused,F,23,6.0
0,5.57,Unused,F,23,6.0
0,149.0,Unused,F,23,6.0
0,82.5,Unused,F,23,6.0
0,164.98,Used,F,23,6.0
0,197.91,Used,F,23,6.0
0,15.98,Used,F,23,6.0
0,1347.0,Used,F,23,17.08
0,476.0,Used,F,23,6.5
0,349.0,Used,F,23,6.5
0,349.0,Used,F,23,6.5
0,237.0,Used,F,23,6.5
0,149.0,Used,F,23,6.5
0,1255.61,Unused,F,23,6.0
0,57.46,Unused,F,23,6.0
0,636.0,Unused,F,23,6.5
0,99.0,Unused,F,23,6.5
0,29.9,Unused,F,23,6.0
0,149.0,Unused,F,23,6.5
0,395.0,Unused,F,23,12.99
0,149.0,Unused,F,23,6.5
0,149.0,Unused,F,23,6.5
0,199.0,Unused,F,23,6.5
0,413.99,Unused,F,23,6.5
1,10.63,Used,F,31,6.0
0,15.99,Used,F,31,6.0
0,254.85,Used,F,31,6.0
0,852.57,Unused,F,31,6.0
0,14.69,Unused,F,31,6.0
0,13.29,Unused,F,31,6.0
0,119.0,Unused,F,31,6.0
0,73.9,Unused,F,31,6.0
0,15.39,Unused,F,31,6.0
0,18.99,Unused,F,31,6.0
0,13.59,Unused,F,31,6.0
0,254.85,Unused,F,31,6.0
0,149.0,Unused,F,31,6.0
1,18.99,Used,M,15,6.0
0,119.0,Used,M,15,6.0
0,149.0,Used,M,15,6.0
0,26.58,Unused,M,15,6.0
0,253.99,Unused,M,15,12.99
0,237.0,Unused,M,15,6.0
0,119.0,Unused,M,15,6.0
0,119.0,Unused,M,15,6.0
1,25.46,Used,F,19,6.0
0,181.43,Used,F,19,6.5
1,149.0,Used,F,23,6.0
0,119.0,Unused,F,23,6.0
0,149.0,Unused,F,23,6.0
0,149.0,Unused,F,23,6.0
0,962.4,Used,F,23,75.54
0,158.0,Used,F,23,6.0
0,79.0,Used,F,23,6.0
0,215.0,Unused,F,23,75.54
0,402.9,Unused,F,23,75.54
0,119.0,Unused,F,23,6.0
1,28.88,Used,F,23,6.0
0,54.77,Unused,F,23,12.99
0,17.97,Unused,F,23,6.0
0,69.98,Unused,F,23,12.99
0,149.0,Unused,F,23,6.0
1,199.0,Used,F,23,6.0
0,119.0,Used,F,23,6.0
0,149.0,Used,F,23,6.0
0,1.5,Unused,F,23,6.0
0,357.0,Unused,F,23,6.0
0,119.0,Unused,F,23,6.0
0,357.0,Unused,F,23,12.99
0,238.0,Unused,F,23,6.0
0,237.0,Unused,F,23,6.0
0,743.0,Unused,F,23,6.0
0,158.0,Unused,F,23,6.0
0,47.8,Used,F,23,19.02
0,13.68,Used,F,23,12.91
0,199.0,Unused,F,23,6.0
0,22.8,Unused,F,23,12.91
0,149.0,Unused,F,23,12.99
0,25.58,Unused,F,23,19.02
0,16.99,Unused,F,23,6.0
0,79.0,Unused,F,23,12.99
1,30.94,Used,M,32,6.5
0,153.71,Used,M,32,6.5
0,51.56,Unused,M,32,6.5
0,25.78,Unused,M,32,6.5
0,150.06,Used,M,32,57.74
0,409.94,Used,M,32,249.91
0,115.62,Used,M,32,110.74
0,73.39,Used,M,32,35.3
0,61.8,Used,M,32,6.5
0,26.8,Used,M,32,6.5
0,34.65,Used,M,32,6.5
0,98.88,Used,M,32,18.47
0,164.96,Used,M,32,18.47
0,122.77,Used,M,32,6.5
0,122.77,Used,M,32,6.5
0,245.54,Used,M,32,6.5
0,122.77,Used,M,32,6.5
0,87.65,Used,M,32,6.5
0,153.71,Used,M,32,6.5
0,153.45,Unused,M,32,249.91
0,1180.77,Unused,M,32,6.5
0,89.04,Unused,M,32,35.3
0,31.95,Unused,M,32,6.5
0,1312.08,Unused,M,32,422.24
0,18.14,Unused,M,32,6.5
0,95.71,Unused,M,32,6.5
0,99.85,Unused,M,32,6.5
0,139.38,Unused,M,32,57.74
0,329.64,Unused,M,32,110.74
0,81.7,Unused,M,32,6.5
0,15.67,Unused,M,32,6.5
0,122.77,Unused,M,32,6.5
0,122.77,Unused,M,32,6.5
0,122.77,Unused,M,32,6.5
0,122.77,Unused,M,32,6.5
0,29.69,Unused,M,32,12.76
0,41.26,Unused,M,32,6.5
0,407.5,Unused,M,32,6.5
0,153.71,Unused,M,32,6.5
0,307.42,Unused,M,32,6.5
0,153.71,Unused,M,32,6.5
0,153.71,Unused,M,32,6.5
0,153.71,Unused,M,32,6.5
0,329.51,Unused,M,32,249.91
0,9.07,Unused,M,32,6.5
0,494.87,Unused,M,32,110.74
0,24.6,Unused,M,32,6.5
0,49.44,Unused,M,32,18.47
0,59.4,Unused,M,32,6.5
0,153.71,Unused,M,32,6.5
1,14.92,Used,M,32,6.5
0,35.97,Used,M,32,6.5
0,25.88,Used,M,32,6.5
0,73.93,Used,M,32,6.5
0,60.44,Used,M,32,6.5
0,595.0,Used,M,32,6.5
0,11.89,Used,M,32,6.5
0,28.88,Used,M,32,6.5
0,19.99,Used,M,32,6.5
0,149.0,Used,M,32,20.85
0,298.0,Used,M,32,6.5
0,15.19,Used,M,32,6.5
0,158.0,Used,M,32,6.5
0,72.98,Unused,M,32,6.5
0,125.88,Unused,M,32,6.5
0,19.19,Unused,M,32,6.5
0,12.99,Unused,M,32,6.5
0,5.98,Unused,M,32,6.5
0,489.4,Unused,M,32,30.92
0,81.96,Unused,M,32,6.5
0,13.99,Unused,M,32,6.5
0,53.56,Unused,M,32,6.5
0,292.24,Unused,M,32,16.47
0,319.6,Unused,M,32,16.86
0,41.27,Unused,M,32,6.5
0,119.0,Unused,M,32,6.5
0,238.0,Unused,M,32,6.5
0,238.0,Unused,M,32,6.5
0,238.0,Unused,M,32,6.5
0,316.0,Unused,M,32,6.5
0,149.0,Unused,M,32,6.5
0,149.0,Unused,M,32,6.5
0,10.47,Unused,M,32,6.5
0,12.99,Unused,M,32,6.5
0,44.85,Unused,M,32,6.5
0,53.28,Unused,M,32,6.5
0,15.19,Unused,M,32,6.5
0,268.0,Unused,M,32,6.5
0,149.0,Unused,M,32,6.5
1,14.0,Used,M,8,12.99
0,7.98,Used,M,8,6.0
0,24.99,Used,M,8,6.0
0,357.0,Used,M,8,6.0
0,12.35,Unused,M,8,12.99
0,33.99,Unused,M,8,6.0
0,119.0,Unused,M,8,6.0
0,119.0,Unused,M,8,6.0
0,357.0,Unused,M,8,6.0
0,119.0,Unused,M,8,6.0
0,119.0,Unused,M,8,6.0
0,238.0,Unused,M,8,6.0
0,149.0,Unused,M,8,6.0
0,2.79,Unused,M,8,6.0
0,3.19,Used,M,8,6.5
0,2.8,Used,M,8,6.0
0,10.99,Used,M,8,6.0
0,322.74,Used,M,8,12.99
0,35.73,Used,M,8,6.0
0,45.6,Used,M,8,6.0
0,44.79,Used,M,8,6.0
0,267.99,Used,M,8,6.0
0,159.5,Used,M,8,15.72
0,20.78,Used,M,8,12.99
0,4.99,Used,M,8,6.0
0,2.8,Used,M,8,6.0
0,99.95,Used,M,8,6.0
0,4.56,Used,M,8,6.0
0,119.0,Used,M,8,6.0
0,8.0,Used,M,8,6.0
0,8.16,Used,M,8,6.0
0,8.49,Used,M,8,6.0
0,44.0,Used,M,8,6.0
0,465.0,Used,M,8,6.0
0,41.99,Used,M,8,6.0
0,149.0,Used,M,8,6.0
0,544.0,Used,M,8,6.0
0,13.59,Used,M,8,6.0
0,13.59,Used,M,8,6.0
0,149.0,Used,M,8,19.99
0,149.0,Used,M,8,6.0
0,33.74,Unused,M,8,12.99
0,5.6,Unused,M,8,6.0
0,420.0,Unused,M,8,13.35
0,29.98,Unused,M,8,6.0
0,2.99,Unused,M,8,6.0
0,1.59,Unused,M,8,6.0
0,19.19,Unused,M,8,6.5
0,10.63,Unused,M,8,6.0
0,13.29,Unused,M,8,6.0
0,6.15,Unused,M,8,6.0
0,30.38,Unused,M,8,6.5
0,4.47,Unused,M,8,6.0
0,19.2,Unused,M,8,6.0
0,143.6,Unused,M,8,6.0
0,229.5,Unused,M,8,12.99
0,96.48,Unused,M,8,6.0
0,13.9,Unused,M,8,19.99
0,39.75,Unused,M,8,6.0
0,13.29,Unused,M,8,6.0
0,15.99,Unused,M,8,6.0
0,36.3,Unused,M,8,6.0
0,42.0,Unused,M,8,6.0
0,2.99,Unused,M,8,6.0
0,7.19,Unused,M,8,6.0
0,32.95,Unused,M,8,6.0
0,119.0,Unused,M,8,6.0
0,357.0,Unused,M,8,6.0
0,489.2,Unused,M,8,6.0
0,119.0,Unused,M,8,6.0
0,238.0,Unused,M,8,6.0
0,198.0,Unused,M,8,6.0
0,536.0,Unused,M,8,6.0
0,18.99,Unused,M,8,6.0
0,4.08,Unused,M,8,6.0
0,13.99,Unused,M,8,6.0
0,13.59,Unused,M,8,6.0
0,149.0,Unused,M,8,6.0
0,41.99,Unused,M,8,6.5
0,158.0,Unused,M,8,6.0
0,13.59,Unused,M,8,6.0
0,149.0,Unused,M,8,6.0
0,149.0,Unused,M,8,6.0
0,149.0,Unused,M,8,6.0
0,13.2,Unused,M,8,6.0
0,11.2,Unused,M,8,6.0
0,140.0,Unused,M,8,13.35
0,4.8,Unused,M,8,6.0
0,8.0,Unused,M,8,6.0
0,44.79,Unused,M,8,6.0
0,307.8,Unused,M,8,12.99
0,35.0,Unused,M,8,6.0
0,16.79,Unused,M,8,6.0
0,84.36,Unused,M,8,12.99
0,5.7,Unused,M,8,6.0
0,104.0,Unused,M,8,8.7
0,12.0,Unused,M,8,6.0
0,13.59,Unused,M,8,6.0
0,149.0,Unused,M,8,6.0
0,149.0,Unused,M,8,6.0
1,3.99,Used,M,8,6.0
0,15.99,Used,M,8,6.0
0,158.0,Used,M,8,19.99
0,4.99,Unused,M,8,6.0
0,95.14,Unused,M,8,6.0
0,41.59,Unused,M,8,6.5
0,2.39,Unused,M,8,6.0
1,239.4,Used,F,4,32.08
0,13.99,Used,F,4,6.0
0,10.99,Used,F,4,6.0
0,10.99,Used,F,4,6.0
0,19.95,Used,F,4,6.5
0,269.82,Used,F,4,6.0
0,10.63,Used,F,4,6.0
0,51.4,Used,F,4,6.0
0,15.43,Used,F,4,6.0
0,160.99,Used,F,4,12.99
0,238.0,Used,F,4,6.0
0,26.0,Used,F,4,6.0
0,14.78,Unused,F,4,6.5
0,15.19,Unused,F,4,6.0
0,46.78,Unused,F,4,6.0
0,46.38,Unused,F,4,6.0
0,159.6,Unused,F,4,32.08
0,54.78,Unused,F,4,6.0
0,25.98,Unused,F,4,6.0
0,23.58,Unused,F,4,6.0
0,238.0,Unused,F,4,6.0
0,238.0,Unused,F,4,6.0
0,149.94,Unused,F,4,6.0
0,18.99,Unused,F,4,6.0
0,44.0,Unused,F,4,6.0
0,79.0,Unused,F,4,12.99
0,149.0,Unused,F,4,6.0
0,7.58,Unused,F,4,6.5
0,18.38,Unused,F,4,12.99
0,14.4,Unused,F,4,32.08
0,35.6,Unused,F,4,6.0
0,119.0,Unused,F,4,6.0
0,119.0,Unused,F,4,6.0
0,4.8,Unused,F,4,6.0
0,149.0,Unused,F,4,6.0
0,79.99,Used,F,4,6.0
0,130.19,Used,F,4,6.0
0,15.99,Unused,F,4,6.0
0,238.0,Unused,F,4,6.0
0,149.0,Unused,F,4,6.0
0,357.0,Unused,F,4,6.0
1,318.0,Used,F,10,6.0
0,22.56,Used,F,10,6.0
0,30.38,Unused,F,10,6.0
0,199.0,Unused,F,10,8.7
0,2.39,Unused,F,10,6.0
1,23.99,Used,F,36,6.0
0,6.99,Used,F,36,30.0
0,238.0,Used,F,36,6.0
0,33.59,Unused,F,36,6.0
0,10.99,Unused,F,36,6.0
0,1.99,Unused,F,36,30.0
0,44.07,Unused,F,36,6.0
0,30.39,Unused,F,36,6.0
0,160.19,Unused,F,36,6.0
0,10.63,Unused,F,36,6.0
0,29.99,Unused,F,36,30.0
0,30.39,Unused,F,36,6.0
0,79.0,Unused,F,36,6.0
1,21.98,Used,M,40,6.0
0,11.7,Unused,M,40,6.0
0,9.89,Unused,M,40,6.0
0,31.35,Unused,M,40,6.0
0,447.0,Unused,M,40,6.0
1,8.79,Used,M,21,6.5
0,179.85,Used,M,21,67.28
0,58.78,Unused,M,21,6.5
0,111.9,Unused,M,21,67.28
1,19.8,Used,F,11,12.76
0,2.05,Used,F,11,6.5
0,122.77,Used,F,11,6.5
0,368.31,Used,F,11,6.5
0,122.77,Used,F,11,6.5
0,276.48,Used,F,11,6.5
0,396.18,Unused,F,11,260.82
0,307.42,Unused,F,11,6.5
1,18.18,Used,F,11,6.0
0,7.98,Used,F,11,6.0
0,39.9,Used,F,11,19.99
0,170.26,Used,F,11,6.0
0,13.29,Used,F,11,6.0
0,22.99,Unused,F,11,6.0
0,33.59,Unused,F,11,6.0
0,33.59,Unused,F,11,6.0
0,457.4,Unused,F,11,18.59
0,49.9,Unused,F,11,19.99
0,10.63,Unused,F,11,6.0
0,149.0,Unused,F,11,6.0
0,13.29,Unused,F,11,6.0
1,59.96,Used,F,11,6.0
0,31.35,Used,F,11,12.48
0,27.18,Used,F,11,6.0
0,149.0,Used,F,11,6.0
0,8.79,Unused,F,11,12.99
0,99.88,Unused,F,11,6.0
0,48.93,Unused,F,11,12.48
0,27.19,Unused,F,11,6.0
0,76.75,Unused,F,11,12.48
0,119.0,Unused,F,11,12.99
0,119.0,Unused,F,11,6.0
0,13.93,Used,F,11,6.0
0,4497.0,Used,F,11,6.0
0,6.98,Used,F,11,12.99
0,5660.12,Unused,F,11,6.0
0,12.99,Unused,F,11,12.99
0,21.23,Unused,F,11,6.0
0,4497.0,Unused,F,11,6.0
1,16.99,Used,F,11,6.0
0,2.99,Unused,F,11,6.0
0,59.85,Unused,F,11,19.02
0,27.99,Unused,F,11,6.0
0,907.0,Unused,F,11,6.0
0,5.7,Unused,F,11,6.0
0,149.0,Unused,F,11,6.0
0,16.99,Unused,F,11,6.0
0,149.0,Unused,F,11,6.0
0,149.0,Unused,F,11,6.0
0,55.99,Unused,F,11,6.0
0,5.7,Unused,F,11,6.0
1,119.0,Used,F,11,6.0
0,199.0,Used,F,11,12.48
0,121.3,Unused,F,11,6.5
0,19.97,Used,F,11,50.0
0,363.9,Used,F,11,6.5
0,18.84,Unused,F,11,6.0
0,3.87,Unused,F,11,50.0
0,455.64,Unused,F,11,6.5
0,17.93,Unused,F,11,50.0
0,6.94,Unused,F,11,6.5
1,18.0,Used,F,38,6.0
0,119.0,Used,F,38,6.0
0,199.0,Used,F,38,12.99
0,16.79,Used,F,38,6.5
0,231.98,Used,F,38,6.0
0,596.0,Used,F,38,6.0
0,298.0,Used,F,38,6.0
0,79.0,Used,F,38,6.0
0,30.27,Unused,F,38,6.0
0,9.99,Unused,F,38,6.0
0,12.78,Unused,F,38,6.0
0,199.0,Unused,F,38,6.0
0,79.99,Unused,F,38,6.5
0,435.4,Unused,F,38,6.0
0,119.0,Unused,F,38,6.0
0,238.0,Unused,F,38,6.0
0,119.0,Unused,F,38,6.0
0,199.0,Unused,F,38,19.99
0,199.0,Unused,F,38,19.99
0,149.0,Unused,F,38,6.0
0,5.6,Unused,F,38,6.0
0,238.0,Unused,F,38,6.0
0,33.58,Unused,F,38,6.0
0,265.8,Unused,F,38,6.0
1,11.97,Used,F,43,6.0
0,10.99,Used,F,43,6.0
0,199.0,Used,F,43,12.99
0,10.63,Used,F,43,6.0
0,1.99,Used,F,43,6.0
0,99.0,Used,F,43,6.0
0,99.0,Used,F,43,6.0
0,198.0,Used,F,43,6.0
0,198.0,Used,F,43,6.0
0,99.0,Used,F,43,6.0
0,8.79,Used,F,43,6.5
0,43.95,Used,F,43,12.91
0,4.56,Used,F,43,6.5
0,7.6,Used,F,43,6.0
0,149.0,Used,F,43,19.99
0,149.0,Used,F,43,6.0
0,447.0,Used,F,43,6.0
0,31.89,Unused,F,43,6.0
0,79.99,Unused,F,43,6.0
0,38.39,Unused,F,43,6.5
0,99.0,Unused,F,43,6.0
0,99.0,Unused,F,43,6.0
0,198.0,Unused,F,43,6.0
0,99.0,Unused,F,43,6.0
0,178.0,Unused,F,43,6.0
0,198.0,Unused,F,43,6.0
0,99.0,Unused,F,43,6.0
0,99.0,Unused,F,43,6.0
0,99.0,Unused,F,43,6.0
0,99.0,Unused,F,43,6.0
0,99.0,Unused,F,43,6.0
0,8.0,Unused,F,43,6.5
0,14.95,Unused,F,43,6.0
0,119.0,Unused,F,43,6.0
0,357.0,Unused,F,43,6.0
0,119.0,Unused,F,43,6.0
0,238.0,Unused,F,43,19.99
0,119.0,Unused,F,43,6.0
0,119.0,Unused,F,43,6.0
0,396.0,Unused,F,43,6.0
0,50.97,Unused,F,43,6.0
0,9.2,Unused,F,43,6.0
0,199.0,Unused,F,43,6.0
0,30.28,Unused,F,43,6.0
0,10.39,Unused,F,43,6.0
0,51.95,Unused,F,43,12.91
0,91.77,Unused,F,43,6.0
0,43.95,Unused,F,43,6.5
0,28.0,Unused,F,43,6.0
0,59.99,Unused,F,43,6.0
1,79.6,Used,F,31,6.5
0,52.5,Unused,F,31,6.5
0,75.0,Unused,F,31,6.5
1,250.0,Used,F,31,0.0
0,250.0,Unused,F,31,0.0
0,250.0,Unused,F,31,0.0
0,199.0,Unused,F,31,19.99
0,199.0,Unused,F,31,12.99
1,35.18,Used,F,31,6.5
0,35.18,Unused,F,31,6.5
0,99.0,Unused,F,31,6.5
0,202.84,Unused,F,31,6.5
1,343.8,Used,F,21,6.5
0,41.34,Used,F,21,12.76
0,22.38,Used,F,21,6.5
0,19.99,Used,F,21,6.5
0,119.0,Used,F,21,6.5
0,833.0,Used,F,21,6.5
0,119.0,Used,F,21,6.5
0,119.0,Used,F,21,6.5
0,395.0,Used,F,21,6.5
0,15.99,Used,F,21,6.5
0,298.0,Used,F,21,6.5
0,149.0,Used,F,21,6.5
0,149.0,Used,F,21,6.5
0,149.0,Used,F,21,6.5
0,10.99,Unused,F,21,6.5
0,239.1,Unused,F,21,6.5
0,23.99,Unused,F,21,6.5
0,396.74,Unused,F,21,6.5
0,83.96,Unused,F,21,6.5
0,15.19,Unused,F,21,6.5
0,1.99,Unused,F,21,6.5
0,238.0,Unused,F,21,6.5
0,238.0,Unused,F,21,6.5
0,595.0,Unused,F,21,6.5
0,782.0,Unused,F,21,6.5
0,238.0,Unused,F,21,6.5
0,238.0,Unused,F,21,6.5
0,15.99,Unused,F,21,6.5
0,316.0,Unused,F,21,6.5
0,13.59,Unused,F,21,6.5
0,149.0,Unused,F,21,6.5
0,149.0,Unused,F,21,35.3
0,149.0,Unused,F,21,6.5
0,149.0,Unused,F,21,6.5
0,249.0,Unused,F,21,6.5
0,318.0,Unused,F,21,41.3
0,89.7,Unused,F,21,6.5
0,119.0,Unused,F,21,6.5
0,119.0,Unused,F,21,6.5
0,119.0,Unused,F,21,6.5
0,238.0,Unused,F,21,6.5
0,74.97,Unused,F,21,6.5
0,13.59,Unused,F,21,6.5
0,298.0,Unused,F,21,6.5
0,149.0,Unused,F,21,6.5
0,149.0,Unused,F,21,6.5
0,596.0,Unused,F,21,6.5
1,11.19,Used,F,34,6.0
0,398.0,Unused,F,34,6.0
0,10.97,Unused,F,34,6.0
0,23.0,Unused,F,34,6.0
0,19.0,Unused,F,34,6.0
0,14.0,Unused,F,34,6.0
0,79.0,Used,F,34,6.0
0,149.0,Unused,F,34,6.0
0,26.4,Unused,F,34,6.0
0,10.39,Unused,F,34,6.0
0,149.0,Unused,F,34,6.0
1,33.46,Used,F,37,75.0
0,49.93,Unused,F,37,75.0
0,2.99,Unused,F,37,75.0
1,131.85,Used,F,37,15.37
0,7.19,Used,F,37,6.5
0,398.0,Used,F,37,6.0
0,3.99,Used,F,37,6.0
0,8.69,Used,F,37,6.0
0,4.08,Used,F,37,6.0
0,13.59,Used,F,37,6.0
0,7.98,Unused,F,37,6.0
0,87.88,Unused,F,37,6.5
0,13.29,Unused,F,37,6.0
0,28.76,Unused,F,37,12.99
0,99.99,Unused,F,37,6.0
0,3.99,Unused,F,37,6.0
0,123.8,Unused,F,37,6.0
0,714.0,Unused,F,37,6.0
0,7.6,Unused,F,37,6.0
0,149.0,Unused,F,37,6.0
0,79.0,Unused,F,37,19.99
0,12.31,Unused,F,37,6.0
0,149.0,Unused,F,37,6.0
0,21.55,Unused,F,37,12.99
0,9.6,Unused,F,37,6.0
0,299.85,Unused,F,37,15.37
0,2.39,Unused,F,37,6.0
0,7.6,Unused,F,37,6.0
0,79.0,Unused,F,37,6.0
0,7.6,Unused,F,37,6.0
1,102.0,Used,F,37,12.99
0,67.96,Unused,F,37,12.99
1,173.85,Used,F,34,6.0
0,150.39,Unused,F,34,6.0
1,0.99,Used,F,29,6.0
0,927.53,Used,F,29,6.0
0,27.98,Unused,F,29,6.0
0,655.66,Unused,F,29,6.0
0,227.88,Unused,F,29,6.0
1,154.38,Used,M,8,6.0
0,595.0,Used,M,8,12.99
0,57.6,Unused,M,8,6.0
0,595.0,Unused,M,8,12.99
1,8.79,Used,F,48,6.0
0,359.2,Used,F,48,16.1
0,223.86,Used,F,48,23.62
0,349.0,Used,F,48,6.0
0,316.0,Used,F,48,6.0
0,255.6,Unused,F,48,23.62
0,87.5,Unused,F,48,16.1
1,80.96,Used,F,40,39.27
0,12.98,Unused,F,40,49.73
0,238.0,Unused,F,40,6.5
1,3.0,Used,F,40,6.0
0,39.98,Used,F,40,6.5
0,30.28,Used,F,40,6.0
0,149.0,Used,F,40,6.0
0,2.39,Unused,F,40,6.5
0,55.67,Unused,F,40,6.0
0,79.0,Unused,F,40,6.0
1,1489.8,Used,F,40,140.68
0,56.0,Unused,F,40,140.68
0,168.0,Unused,F,40,140.68
1,61.15,Used,F,40,6.0
0,363.9,Used,F,40,6.5
0,199.8,Unused,F,40,6.5
0,61.15,Unused,F,40,6.0
0,322.08,Unused,F,40,6.5
0,80.52,Unused,F,40,6.5
0,121.3,Unused,F,40,6.5
0,151.88,Unused,F,40,6.5
0,151.88,Unused,F,40,6.5
1,35.97,Used,M,32,6.0
0,175.6,Used,M,32,17.08
0,40.91,Used,M,32,6.0
0,18.63,Used,M,32,6.0
0,357.0,Used,M,32,6.0
0,1.59,Unused,M,32,6.0
0,100.95,Unused,M,32,17.08
0,99.0,Unused,M,32,6.0
0,264.79,Unused,M,32,6.0
0,199.0,Unused,M,32,12.99
0,149.0,Unused,M,32,6.0
0,399.08,Unused,M,32,13.35
0,149.5,Unused,M,32,6.0
0,99.95,Unused,M,32,17.08
1,35.85,Used,M,19,6.5
0,202.84,Used,M,19,6.5
0,201.82,Used,M,19,6.5
0,6.51,Used,M,19,6.5
0,39.12,Used,M,19,6.5
0,242.6,Used,M,19,6.5
0,242.6,Used,M,19,12.99
0,121.3,Used,M,19,6.5
0,161.04,Used,M,19,6.5
0,241.56,Used,M,19,6.5
0,151.88,Used,M,19,6.5
0,26.84,Unused,M,19,6.5
0,363.88,Unused,M,19,6.5
0,202.84,Unused,M,19,6.5
0,503.51,Unused,M,19,6.5
0,323.12,Unused,M,19,19.99
0,242.6,Unused,M,19,6.5
0,303.76,Unused,M,19,6.5
0,100.91,Unused,M,19,6.5
0,24.45,Unused,M,19,6.0
0,5.7,Unused,M,19,6.5
0,363.9,Unused,M,19,6.5
0,151.88,Unused,M,19,6.5
1,5.77,Used,M,48,6.5
0,122.77,Used,M,48,6.5
0,153.71,Used,M,48,6.5
0,153.71,Used,M,48,6.5
0,57.76,Unused,M,48,6.5
0,44.52,Unused,M,48,6.5
0,41.26,Unused,M,48,6.5
0,122.77,Unused,M,48,6.5
0,122.77,Unused,M,48,6.5
0,122.77,Unused,M,48,6.5
0,122.77,Unused,M,48,6.5
0,163.0,Unused,M,48,6.5
0,153.71,Unused,M,48,6.5
0,153.71,Unused,M,48,6.5
0,153.71,Unused,M,48,35.3
0,153.71,Unused,M,48,6.5
0,18.56,Unused,M,48,6.5
0,153.71,Unused,M,48,6.5
1,119.0,Used,M,48,6.0
1,250.75,Used,M,48,6.0
0,119.0,Used,M,48,6.0
0,447.0,Used,M,48,6.0
0,104.89,Unused,M,48,6.0
0,10.63,Unused,M,48,6.0
0,13.59,Unused,M,48,6.0
0,149.0,Unused,M,48,6.0
0,70.94,Unused,M,48,6.0
0,79.99,Unused,M,48,6.0
0,119.0,Unused,M,48,6.0
1,15.19,Unused,F,35,6.5
0,35.88,Used,F,35,6.5
0,74.75,Unused,F,35,6.5
0,124.75,Unused,F,35,6.5
0,17.98,Used,F,35,12.48
0,12.77,Used,F,35,6.5
0,13.17,Used,F,35,26.43
0,391.3,Used,F,35,14.42
0,27.99,Used,F,35,6.5
0,4.49,Used,F,35,6.5
0,55.99,Used,F,35,6.5
0,5.97,Used,F,35,6.5
0,119.0,Used,F,35,6.5
0,349.75,Used,F,35,6.5
0,16.99,Used,F,35,6.5
0,23.97,Unused,F,35,6.5
0,19.48,Unused,F,35,6.5
0,37.98,Unused,F,35,12.48
0,86.8,Unused,F,35,6.5
0,29.98,Unused,F,35,6.5
0,399.2,Unused,F,35,6.5
0,25.54,Unused,F,35,26.43
0,357.0,Unused,F,35,6.5
0,87.18,Unused,F,35,6.5
0,33.98,Unused,F,35,6.5
0,13.59,Unused,F,35,6.5
0,395.0,Unused,F,35,6.5
0,149.0,Unused,F,35,6.5
0,28.78,Unused,F,35,26.43
0,280.0,Unused,F,35,6.5
0,62.5,Unused,F,35,6.5
0,9.99,Unused,F,35,6.5
0,99.95,Unused,F,35,14.42
0,134.99,Unused,F,35,6.5
1,58.97,Used,F,46,6.5
0,11.49,Unused,F,46,6.5
0,217.01,Unused,F,46,6.5
0,357.0,Unused,F,46,6.5
0,298.0,Unused,F,46,6.5
0,34.99,Unused,F,46,6.5
1,12.72,Used,F,38,13.38
0,119.0,Used,F,38,6.0
0,595.0,Used,F,38,6.0
0,238.0,Used,F,38,6.0
0,119.0,Used,F,38,6.0
0,16.99,Used,F,38,6.0
0,16.99,Used,F,38,6.0
0,35.97,Unused,F,38,6.5
0,1.59,Unused,F,38,6.5
0,46.98,Unused,F,38,6.0
0,13.29,Unused,F,38,6.0
0,119.0,Unused,F,38,6.0
0,9.51,Unused,F,38,6.0
0,55.43,Unused,F,38,6.0
0,596.0,Unused,F,38,6.0
0,149.0,Unused,F,38,6.0
0,298.0,Unused,F,38,6.0
0,26.98,Unused,F,38,6.0
0,9.51,Unused,F,38,6.0
0,149.0,Unused,F,38,6.0
0,159.92,Unused,F,38,13.38
1,55.84,Used,F,42,6.5
0,149.0,Used,F,42,6.5
0,104.73,Unused,F,42,6.5
0,19.19,Unused,F,42,6.5
0,79.0,Unused,F,42,6.5
0,13.59,Unused,F,42,30.0
0,15.19,Unused,F,42,30.0
0,149.0,Unused,F,42,6.5
1,100.91,Unused,F,42,6.5
0,42.39,Unused,F,42,6.5
0,355.74,Unused,F,42,12.99
1,30.78,Used,F,16,6.0
0,14.0,Used,F,16,6.0
0,199.0,Used,F,16,12.99
0,395.0,Used,F,16,6.0
0,28.0,Unused,F,16,6.0
0,4.79,Unused,F,16,6.0
0,119.0,Unused,F,16,12.99
0,14.0,Unused,F,16,6.0
0,238.0,Unused,F,16,12.99
1,20.95,Used,F,48,14.41
0,476.0,Used,F,48,6.5
0,58.37,Used,F,48,22.71
0,298.0,Used,F,48,6.5
0,5.49,Unused,F,48,6.5
0,15.18,Unused,F,48,6.5
0,15.99,Unused,F,48,22.71
0,41.99,Unused,F,48,6.5
0,64.78,Unused,F,48,22.71
0,8.97,Unused,F,48,14.41
0,15.99,Unused,F,48,6.5
0,99.0,Unused,F,48,6.5
1,18.47,Used,F,48,6.0
0,11.1,Used,F,48,6.0
0,17.4,Used,F,48,6.0
0,149.0,Used,F,48,19.99
0,32.98,Unused,F,48,6.0
0,119.0,Unused,F,48,6.0
0,119.0,Unused,F,48,6.0
0,28.32,Unused,F,48,6.0
0,104.0,Unused,F,48,8.7
0,9.6,Unused,F,48,6.0
0,55.0,Unused,F,48,6.0
0,149.0,Unused,F,48,6.0
0,149.0,Unused,F,48,6.0
1,85.47,Used,F,30,19.99
0,61.05,Used,F,30,6.5
0,99.46,Used,F,30,6.5
0,273.88,Used,F,30,12.48
0,22.41,Used,F,30,6.0
0,32.08,Used,F,30,6.0
0,8.96,Used,F,30,6.5
0,17.93,Used,F,30,6.5
0,16.78,Used,F,30,6.0
0,100.91,Used,F,30,6.5
0,100.91,Used,F,30,6.5
0,42.39,Used,F,30,6.5
0,42.39,Used,F,30,39.27
0,42.39,Used,F,30,6.5
0,58.69,Used,F,30,12.48
0,42.39,Used,F,30,6.5
0,43.92,Used,F,30,6.5
0,8.15,Used,F,30,20.0
0,30.5,Used,F,30,6.0
0,151.88,Used,F,30,8.7
0,10.18,Used,F,30,6.5
0,151.88,Used,F,30,6.5
0,151.88,Used,F,30,6.5
0,303.76,Used,F,30,6.5
0,151.88,Used,F,30,6.5
0,151.88,Used,F,30,6.5
0,151.88,Used,F,30,6.5
0,80.52,Used,F,30,6.5
0,3.03,Unused,F,30,6.0
0,10.1,Unused,F,30,6.0
0,151.62,Unused,F,30,12.48
0,35.86,Unused,F,30,6.5
0,142.8,Unused,F,30,24.49
0,17.93,Unused,F,30,6.5
0,100.91,Unused,F,30,6.5
0,65.61,Unused,F,30,12.48
0,20.38,Unused,F,30,6.0
0,101.92,Unused,F,30,6.0
0,102.48,Unused,F,30,19.99
0,122.31,Unused,F,30,6.5
0,26.08,Unused,F,30,6.5
0,121.3,Unused,F,30,6.5
0,121.3,Unused,F,30,6.5
0,8.65,Unused,F,30,6.0
0,151.88,Unused,F,30,6.5
0,151.88,Unused,F,30,6.5
0,322.08,Unused,F,30,6.5
0,151.88,Unused,F,30,6.5
0,151.88,Unused,F,30,6.5
0,151.88,Unused,F,30,6.5
0,151.88,Unused,F,30,6.5
0,151.88,Unused,F,30,6.5
0,8.95,Unused,F,30,6.5
0,32.6,Unused,F,30,6.5
0,42.39,Unused,F,30,6.5
0,16.3,Unused,F,30,6.5
0,81.09,Unused,F,30,24.49
0,4.88,Unused,F,30,6.5
0,121.3,Unused,F,30,6.5
0,363.9,Unused,F,30,6.5
0,151.88,Unused,F,30,6.5
1,2.99,Used,M,12,6.0
0,7.95,Used,M,12,12.91
0,298.0,Used,M,12,8.7
0,119.0,Used,M,12,6.0
0,12.31,Used,M,12,6.0
0,18.99,Used,M,12,6.0
0,614.0,Used,M,12,6.0
0,18.97,Unused,M,12,6.0
0,76.77,Unused,M,12,6.0
0,81.66,Unused,M,12,12.91
0,4.99,Unused,M,12,6.0
0,149.0,Unused,M,12,6.0
0,208.0,Unused,M,12,8.7
0,35.96,Unused,M,12,6.0
0,15.19,Unused,M,12,12.91
0,16.23,Unused,M,12,6.0
0,149.0,Unused,M,12,6.0
1,54.2,Used,F,25,6.0
0,3.6,Unused,F,25,6.0
0,248.0,Unused,F,25,6.0
0,9.54,Unused,F,25,6.0
0,119.0,Unused,F,25,6.0
0,5.98,Unused,F,25,6.0
1,35.63,Used,M,25,6.5
0,35.25,Unused,M,25,6.5
0,15.99,Unused,M,25,6.5
1,14.69,Unused,M,25,6.0
1,10.63,Unused,F,36,6.0
1,2.5,Used,F,8,6.0
0,52.49,Unused,F,8,6.0
0,79.0,Unused,F,8,6.0
0,22.58,Used,F,8,6.0
0,1.99,Used,F,8,6.0
0,71.85,Used,F,8,30.35
0,17.1,Used,F,8,6.0
0,79.0,Used,F,8,6.0
0,19.94,Unused,F,8,6.0
0,18.17,Unused,F,8,6.0
0,318.0,Unused,F,8,6.0
0,125.0,Unused,F,8,0.0
0,42.24,Unused,F,8,6.0
0,4.8,Unused,F,8,6.0
0,30.38,Unused,F,8,20.33
0,13.59,Unused,F,8,6.0
0,138.0,Unused,F,8,20.33
0,398.0,Unused,F,8,6.0
0,21.08,Unused,F,8,6.0
0,8.99,Unused,F,8,6.0
1,14.0,Unused,F,8,51.99
1,11.18,Used,F,23,6.0
0,33.99,Used,F,23,6.0
0,119.0,Used,F,23,6.0
0,119.0,Used,F,23,6.0
0,134.38,Used,F,23,12.99
0,67.19,Used,F,23,6.0
0,149.0,Used,F,23,6.0
0,15.19,Unused,F,23,12.99
0,53.18,Unused,F,23,6.0
0,238.0,Unused,F,23,6.0
0,238.0,Unused,F,23,6.0
1,149.0,Used,F,23,6.0
0,27.98,Unused,F,23,19.99
1,9.51,Used,M,9,6.5
0,177.48,Unused,M,9,98.74
0,33.57,Unused,M,9,6.5
0,239.88,Unused,M,9,98.74
0,16.99,Used,M,9,6.5
0,32.45,Unused,M,9,6.5
0,20.7,Unused,M,9,6.5
0,16.99,Unused,M,9,6.5
0,13.99,Unused,M,9,15.75
0,31.35,Unused,M,9,6.5
1,47.85,Used,M,35,85.01
1,2.47,Unused,F,14,6.5
1,79.99,Used,F,14,6.0
0,15.38,Unused,F,14,12.99
0,4.17,Unused,F,14,12.99
0,13.2,Unused,F,14,6.0
1,24.28,Unused,M,46,6.0
0,44.77,Unused,M,46,6.0
0,31.35,Unused,M,46,6.0
0,76.99,Unused,M,46,6.0
0,149.0,Unused,M,46,6.0
0,307.51,Unused,M,46,6.0
0,29.38,Used,M,46,6.0
0,58.79,Used,M,46,6.0
0,119.0,Used,M,46,6.0
0,16.99,Used,M,46,6.0
0,36.98,Used,M,46,6.0
0,121.56,Unused,M,46,6.5
0,66.36,Unused,M,46,6.0
0,35.68,Unused,M,46,19.99
0,11.19,Unused,M,46,6.0
0,357.0,Unused,M,46,6.0
0,119.0,Unused,M,46,6.0
0,476.0,Unused,M,46,6.0
0,38.98,Unused,M,46,6.0
0,79.0,Unused,M,46,6.0
0,12.31,Unused,M,46,6.0
0,19.99,Unused,M,46,6.0
0,14.69,Unused,M,46,6.0
0,49.02,Unused,M,46,6.0
0,595.0,Unused,M,46,6.0
0,12.31,Unused,M,46,6.0
0,15.99,Unused,M,46,6.0
1,15.19,Unused,M,46,19.99
1,175.56,Used,F,43,6.0
0,15.19,Used,F,43,6.0
0,27.19,Used,F,43,6.0
0,41.97,Used,F,43,6.0
0,119.0,Used,F,43,6.0
0,9.51,Used,F,43,6.0
0,18.99,Used,F,43,6.0
0,19.99,Used,F,43,6.0
0,11.19,Used,F,43,6.0
0,149.0,Used,F,43,6.0
0,10.99,Unused,F,43,6.0
0,147.29,Unused,F,43,6.0
0,7.19,Unused,F,43,6.0
0,13.59,Unused,F,43,6.0
0,149.0,Unused,F,43,8.7
0,268.0,Unused,F,43,6.0
0,251.99,Unused,F,43,6.0
0,119.0,Unused,F,43,6.0
0,132.59,Unused,F,43,6.0
0,15.99,Unused,F,43,6.0
0,30.38,Unused,F,43,6.0
0,149.0,Unused,F,43,6.0
0,149.0,Unused,F,43,6.0
0,16.99,Unused,F,43,6.0
0,30.78,Unused,F,43,6.0
0,149.0,Unused,F,43,6.0
0,149.0,Unused,F,43,6.0
0,38.49,Unused,F,43,6.0
0,10.99,Unused,F,43,6.0
0,17.59,Unused,F,43,6.0
0,24.75,Unused,F,43,6.0
0,27.19,Unused,F,43,6.0
0,19.97,Unused,F,43,6.0
0,119.0,Unused,F,43,6.0
0,199.0,Unused,F,43,8.7
0,35.98,Unused,F,43,6.0
1,84.39,Used,M,22,6.5
0,3.28,Used,M,22,6.5
0,28.04,Used,M,22,6.5
0,122.77,Used,M,22,6.5
0,122.77,Used,M,22,6.5
0,122.77,Used,M,22,6.5
0,163.0,Used,M,22,6.5
0,17.53,Used,M,22,6.5
0,153.71,Used,M,22,6.5
0,153.71,Used,M,22,6.5
0,30.08,Unused,M,22,6.5
0,16.46,Unused,M,22,6.5
0,5.15,Unused,M,22,6.5
0,14.02,Unused,M,22,6.5
0,122.77,Unused,M,22,6.5
0,368.31,Unused,M,22,6.5
0,245.54,Unused,M,22,6.5
0,37.12,Unused,M,22,6.5
0,81.5,Unused,M,22,6.5
0,153.71,Unused,M,22,6.5
1,69.65,Used,M,11,6.5
0,79.5,Used,M,11,34.16
0,424.15,Unused,M,11,6.5
0,30.0,Unused,M,11,34.16
0,119.0,Unused,M,11,6.5
0,39.75,Unused,M,11,34.16
1,13.29,Unused,M,11,6.0
0,28.48,Used,M,11,12.99
0,33.59,Used,M,11,6.0
0,13.42,Used,M,11,6.0
0,357.0,Used,M,11,12.99
0,97.23,Used,M,11,6.0
0,13.59,Used,M,11,6.0
0,33.59,Unused,M,11,6.0
0,33.59,Unused,M,11,6.0
0,33.59,Unused,M,11,6.0
0,33.59,Unused,M,11,6.0
0,43.17,Unused,M,11,6.0
0,27.98,Unused,M,11,6.0
0,64.93,Unused,M,11,6.0
0,53.16,Unused,M,11,6.0
0,48.99,Unused,M,11,12.99
0,2.79,Unused,M,11,6.0
0,1.99,Unused,M,11,12.99
1,145.5,Used,M,11,6.0
0,5.6,Unused,M,11,6.0
0,180.45,Unused,M,11,6.0
0,4.56,Unused,M,11,6.0
0,238.0,Unused,M,11,6.0
0,44.0,Unused,M,11,6.0
0,79.0,Unused,M,11,6.0
0,58.45,Unused,M,11,6.0
0,19.99,Used,M,11,6.0
0,362.41,Unused,M,11,6.0
0,17.1,Unused,M,11,6.0
1,202.84,Used,M,11,6.5
0,80.52,Used,M,11,6.5
0,121.3,Unused,M,11,6.5
0,355.74,Unused,M,11,6.5
0,355.74,Unused,M,11,6.5
0,151.88,Unused,M,11,6.5
0,151.88,Unused,M,11,6.5
0,232.4,Unused,M,11,6.5
0,242.6,Unused,M,11,12.48
0,80.52,Unused,M,11,6.5
0,8.65,Unused,M,11,6.0
0,151.88,Unused,M,11,6.5
0,100.91,Unused,M,11,6.5
0,402.6,Unused,M,11,6.5
1,121.3,Used,F,8,6.5
0,698.24,Used,F,8,6.5
0,3.47,Used,F,8,6.5
0,202.84,Unused,F,8,6.5
0,2.04,Unused,F,8,6.5
0,151.88,Unused,F,8,6.5
0,303.76,Unused,F,8,6.5
0,99.9,Unused,F,8,6.5
0,48.92,Unused,F,8,12.99
1,15.93,Used,F,38,6.5
0,48.0,Used,F,38,6.5
0,19.19,Used,F,38,6.5
0,16.98,Used,F,38,6.5
0,12.79,Used,F,38,24.47
0,51.16,Used,F,38,18.47
0,28.78,Used,F,38,6.5
0,56.97,Used,F,38,35.3
0,119.0,Used,F,38,6.5
0,536.26,Used,F,38,6.5
0,476.0,Used,F,38,6.5
0,149.0,Used,F,38,6.5
0,149.0,Used,F,38,6.5
0,149.0,Used,F,38,6.5
0,149.0,Used,F,38,6.5
0,319.04,Unused,F,38,6.5
0,10.99,Unused,F,38,6.5
0,19.19,Unused,F,38,6.5
0,72.86,Unused,F,38,35.3
0,339.5,Unused,F,38,41.3
0,42.45,Unused,F,38,6.5
0,149.5,Unused,F,38,28.78
0,15.95,Unused,F,38,28.78
0,60.78,Unused,F,38,24.47
0,19.99,Unused,F,38,6.5
0,27.18,Unused,F,38,6.5
0,119.0,Unused,F,38,6.5
0,119.0,Unused,F,38,6.5
0,44.76,Unused,F,38,18.47
0,67.19,Unused,F,38,6.5
0,149.0,Unused,F,38,6.5
0,149.0,Unused,F,38,6.5
0,10.99,Unused,F,38,6.5
0,10.99,Unused,F,38,6.5
0,2.99,Unused,F,38,6.5
0,31.14,Unused,F,38,17.96
0,18.99,Unused,F,38,6.5
0,11.19,Unused,F,38,18.47
0,312.0,Unused,F,38,8.7
0,298.0,Unused,F,38,6.5
1,15.99,Used,F,17,6.0
1,24.7,Used,F,13,35.96
0,4.12,Used,F,13,110.74
0,24.32,Unused,F,13,6.5
0,255.6,Unused,F,13,35.96
0,31.35,Unused,F,13,6.5
0,153.71,Unused,F,13,6.5
0,122.77,Unused,F,13,6.5
1,25.0,Used,F,37,0.0
0,16.79,Used,F,37,6.5
0,119.0,Used,F,37,6.5
0,238.0,Used,F,37,6.5
0,119.0,Used,F,37,6.5
0,238.0,Used,F,37,6.5
0,16.99,Used,F,37,6.5
0,228.0,Used,F,37,6.5
0,104.0,Used,F,37,8.7
0,25.0,Unused,F,37,0.0
0,1.99,Unused,F,37,20.0
0,198.0,Unused,F,37,6.5
0,119.0,Unused,F,37,6.5
0,119.0,Unused,F,37,6.5
0,238.0,Unused,F,37,6.5
0,595.0,Unused,F,37,6.5
0,238.0,Unused,F,37,6.5
0,79.0,Unused,F,37,6.5
0,16.99,Unused,F,37,6.5
0,149.0,Unused,F,37,6.5
0,3.5,Unused,F,37,20.0
0,119.0,Unused,F,37,6.5
0,119.0,Unused,F,37,6.5
0,79.0,Unused,F,37,6.5
0,298.0,Unused,F,37,6.5
1,71.9,Used,F,37,12.48
0,54.7,Unused,F,37,12.48
0,357.0,Unused,F,37,6.5
0,5.6,Unused,F,37,12.48
0,119.0,Unused,F,37,6.5
0,202.17,Used,F,37,17.84
0,43.15,Used,F,37,6.5
0,15.99,Used,F,37,6.5
0,199.9,Used,F,37,12.91
0,119.0,Used,F,37,6.5
0,67.14,Used,F,37,14.25
0,18.99,Used,F,37,6.5
0,168.66,Unused,F,37,14.25
0,76.97,Unused,F,37,6.5
0,19.19,Unused,F,37,6.5
0,128.34,Unused,F,37,17.84
0,31.18,Unused,F,37,6.5
0,119.0,Unused,F,37,6.5
0,15.99,Unused,F,37,6.5
0,149.0,Unused,F,37,6.5
0,38.37,Unused,F,37,14.25
0,15.99,Unused,F,37,6.5
0,67.19,Unused,F,37,6.5
0,27.18,Unused,F,37,6.5
1,17.93,Used,F,37,6.5
0,26.88,Used,F,37,6.5
0,8.15,Used,F,37,6.5
0,121.3,Used,F,37,6.5
0,242.6,Used,F,37,6.5
0,485.2,Used,F,37,6.5
0,303.76,Used,F,37,6.5
0,73.37,Unused,F,37,6.5
0,40.74,Unused,F,37,19.99
0,22.41,Unused,F,37,6.0
0,17.93,Unused,F,37,6.5
0,202.84,Unused,F,37,6.5
0,63.6,Unused,F,37,6.5
0,242.6,Unused,F,37,19.99
0,355.74,Unused,F,37,6.5
0,151.88,Unused,F,37,6.5
0,80.52,Unused,F,37,6.5
0,303.76,Unused,F,37,6.5
0,4.07,Unused,F,37,6.0
0,17.93,Unused,F,37,6.5
0,8.96,Unused,F,37,6.5
0,2.44,Unused,F,37,19.99
0,17.35,Unused,F,37,6.5
0,402.6,Unused,F,37,12.99
1,563.35,Used,M,30,323.47
0,2.05,Used,M,30,6.5
0,23.72,Used,M,30,6.5
0,22.69,Used,M,30,6.5
0,21.14,Used,M,30,6.5
0,4.12,Used,M,30,6.5
0,6.18,Used,M,30,6.5
0,3.28,Used,M,30,6.5
0,122.77,Used,M,30,6.5
0,122.77,Used,M,30,6.5
0,122.77,Used,M,30,6.5
0,122.77,Used,M,30,6.5
0,245.54,Used,M,30,6.5
0,122.77,Used,M,30,6.5
0,245.54,Used,M,30,6.5
0,368.31,Used,M,30,6.5
0,122.77,Used,M,30,6.5
0,20.62,Used,M,30,6.5
0,47.01,Used,M,30,28.78
0,15.67,Used,M,30,6.5
0,244.5,Used,M,30,6.5
0,244.5,Used,M,30,6.5
0,153.71,Used,M,30,6.5
0,307.42,Used,M,30,6.5
0,14.44,Unused,M,30,6.5
0,80.82,Unused,M,30,28.78
0,11.34,Unused,M,30,6.5
0,149.16,Unused,M,30,6.5
0,15.46,Unused,M,30,6.5
0,28.35,Unused,M,30,323.47
0,58.58,Unused,M,30,13.78
0,20.62,Unused,M,30,6.5
0,583.9,Unused,M,30,6.5
0,613.85,Unused,M,30,6.5
0,245.54,Unused,M,30,6.5
0,613.85,Unused,M,30,6.5
0,122.77,Unused,M,30,6.5
0,122.77,Unused,M,30,6.5
0,122.77,Unused,M,30,6.5
0,20.62,Unused,M,30,6.5
0,11.54,Unused,M,30,6.5
0,19.59,Unused,M,30,6.5
0,81.5,Unused,M,30,6.5
0,102.13,Unused,M,30,6.5
0,235.21,Unused,M,30,6.5
0,81.5,Unused,M,30,6.5
0,15.67,Unused,M,30,6.5
0,153.71,Unused,M,30,6.5
0,153.71,Unused,M,30,6.5
0,153.71,Unused,M,30,6.5
0,153.71,Unused,M,30,6.5
0,307.42,Unused,M,30,6.5
0,18.97,Unused,M,30,6.5
0,1.64,Unused,M,30,28.78
0,57.76,Unused,M,30,6.5
0,123.6,Unused,M,30,28.78
0,20.62,Unused,M,30,6.5
0,2.05,Unused,M,30,6.5
0,276.48,Unused,M,30,6.5
0,122.77,Unused,M,30,6.5
0,15.67,Unused,M,30,13.78
0,102.13,Unused,M,30,6.5
0,163.0,Unused,M,30,6.5
0,163.0,Unused,M,30,6.5
0,17.53,Unused,M,30,6.5
0,153.71,Unused,M,30,6.5
1,22.02,Used,M,30,6.0
0,18.99,Used,M,30,6.0
0,119.0,Used,M,30,6.0
0,39.19,Used,M,30,12.99
0,149.0,Used,M,30,6.0
0,11.97,Unused,M,30,6.0
0,76.33,Unused,M,30,6.0
0,119.0,Unused,M,30,6.0
0,417.0,Unused,M,30,6.0
0,238.0,Unused,M,30,6.0
0,119.0,Unused,M,30,6.0
0,119.0,Unused,M,30,6.0
0,119.0,Unused,M,30,6.0
0,228.0,Unused,M,30,6.0
0,115.39,Unused,M,30,6.0
0,16.99,Unused,M,30,6.0
0,79.19,Unused,M,30,12.99
0,447.0,Unused,M,30,6.0
0,30.39,Unused,M,30,6.0
0,238.0,Unused,M,30,6.0
0,17.59,Unused,M,30,6.0
1,32.15,Used,M,30,6.0
0,5.7,Used,M,30,6.0
0,30.0,Used,M,30,6.0
0,149.0,Used,M,30,6.0
0,149.0,Used,M,30,6.0
0,21.9,Unused,M,30,6.0
0,41.99,Unused,M,30,6.0
0,135.26,Used,M,30,6.0
0,28.0,Used,M,30,6.0
0,10.63,Used,M,30,6.0
0,23.48,Unused,M,30,6.0
0,69.5,Unused,M,30,6.0
0,83.98,Unused,M,30,6.0
0,13.59,Unused,M,30,6.0
0,119.0,Unused,M,30,6.0
0,15.99,Unused,M,30,6.0
0,24.99,Unused,M,30,6.0
1,8.79,Used,M,30,14.41
0,2.99,Used,M,30,12.99
0,298.0,Used,M,30,6.0
0,15.99,Unused,M,30,6.5
0,2.99,Unused,M,30,12.99
0,119.0,Unused,M,30,6.0
0,201.48,Unused,M,30,12.91
0,192.56,Unused,M,30,6.0
0,22.37,Unused,M,30,14.41
0,5.98,Unused,M,30,12.99
1,89.65,Used,M,30,13.38
0,151.88,Used,M,30,6.5
0,241.56,Used,M,30,6.5
0,151.88,Used,M,30,6.5
0,29.75,Unused,M,30,6.5
0,57.0,Unused,M,30,13.38
0,80.52,Unused,M,30,6.5
0,17.93,Unused,M,30,6.5
1,28.0,Used,F,25,6.0
0,10.63,Used,F,25,12.99
0,3.6,Unused,F,25,6.0
0,19.19,Unused,F,25,12.99
0,19.19,Unused,F,25,12.91
1,245.54,Used,M,30,6.5
0,82.52,Unused,M,30,18.47
0,31.35,Unused,M,30,6.5
0,245.54,Unused,M,30,6.5
0,153.71,Unused,M,30,6.5
0,46.21,Unused,M,30,18.47
0,153.71,Unused,M,30,6.5
1,9.99,Unused,F,35,6.0
1,119.0,Used,M,45,6.0
0,238.0,Used,M,45,6.0
0,149.0,Used,M,45,6.0
0,357.0,Unused,M,45,6.0
0,15.99,Unused,M,45,6.0
0,149.0,Unused,M,45,6.0
1,839.85,Used,F,47,18.69
0,399.95,Used,F,47,12.91
0,12.0,Used,F,47,6.0
0,119.0,Used,F,47,6.0
0,237.0,Used,F,47,6.0
0,158.0,Used,F,47,6.0
0,10.39,Unused,F,47,6.5
0,399.95,Unused,F,47,12.91
0,39.8,Unused,F,47,12.99
0,2.99,Unused,F,47,6.0
0,149.0,Unused,F,47,8.7
0,158.0,Unused,F,47,12.99
0,199.0,Unused,F,47,31.45
0,25.56,Unused,F,47,6.5
0,5.7,Unused,F,47,6.0
0,119.0,Unused,F,47,12.99
0,79.0,Unused,F,47,12.99
0,298.0,Unused,F,47,6.0
1,13.99,Used,F,43,6.0
0,380.94,Used,F,43,6.0
0,11.99,Used,F,43,6.0
0,357.0,Used,F,43,12.91
0,158.0,Used,F,43,6.0
0,347.14,Unused,F,43,15.72
0,10.63,Unused,F,43,6.0
0,36.95,Unused,F,43,6.0
0,21.36,Unused,F,43,6.0
0,150.24,Unused,F,43,27.62
0,395.84,Unused,F,43,6.0
0,25.82,Unused,F,43,6.0
0,119.0,Unused,F,43,6.0
0,268.0,Unused,F,43,6.0
0,26.0,Unused,F,43,6.0
0,10.39,Unused,F,43,6.0
0,6.36,Unused,F,43,12.99
0,16.8,Unused,F,43,6.0
0,22.0,Unused,F,43,6.0
1,627.0,Used,F,43,6.0
0,79.0,Used,F,43,6.0
0,298.0,Used,F,43,6.0
0,0.79,Unused,F,43,6.0
0,79.99,Unused,F,43,6.0
0,5.0,Unused,F,43,6.0
0,279.0,Unused,F,43,6.0
0,149.0,Unused,F,43,6.0
0,149.0,Unused,F,43,6.0
0,149.0,Unused,F,43,6.0
0,2.8,Unused,F,43,6.0
0,298.0,Unused,F,43,6.0
0,19.99,Used,F,43,6.0
0,99.0,Used,F,43,6.0
0,119.0,Used,F,43,12.99
0,596.0,Used,F,43,12.99
0,79.0,Used,F,43,6.0
0,16.99,Used,F,43,6.0
0,43.59,Unused,F,43,6.0
0,20.78,Unused,F,43,6.0
0,18.0,Unused,F,43,6.0
0,416.0,Unused,F,43,6.0
0,119.0,Unused,F,43,12.99
0,238.0,Unused,F,43,6.0
0,357.0,Unused,F,43,6.0
0,18.75,Unused,F,43,6.0
0,29.58,Unused,F,43,6.0
0,298.0,Unused,F,43,6.0
0,596.0,Unused,F,43,12.99
0,298.0,Unused,F,43,12.99
0,228.0,Unused,F,43,6.0
0,0.5,Unused,F,43,6.0
0,2.39,Unused,F,43,6.0
0,149.0,Unused,F,43,6.0
1,19.98,Used,F,22,6.5
0,79.0,Used,F,22,6.5
0,41.99,Used,F,22,6.5
0,95.95,Unused,F,22,6.5
0,15.9,Unused,F,22,35.96
0,119.0,Unused,F,22,6.5
0,119.0,Unused,F,22,6.5
0,298.0,Unused,F,22,6.5
0,119.0,Unused,F,22,6.5
1,20.5,Unused,M,37,6.5
1,24.74,Used,M,37,15.75
0,52.77,Used,M,37,26.4
0,8.99,Used,M,37,6.0
0,11.95,Used,M,37,6.0
0,8.97,Used,M,37,6.0
0,12.99,Used,M,37,6.0
0,64.92,Used,M,37,12.91
0,12.79,Used,M,37,6.0
0,45.57,Used,M,37,6.0
0,238.0,Used,M,37,6.0
0,15.99,Used,M,37,6.0
0,79.0,Used,M,37,6.0
0,149.0,Used,M,37,6.0
0,33.59,Unused,M,37,6.0
0,33.59,Unused,M,37,6.0
0,30.93,Unused,M,37,6.0
0,104.58,Unused,M,37,6.0
0,209.93,Unused,M,37,26.4
0,50.37,Unused,M,37,6.0
0,11.19,Unused,M,37,6.0
0,64.53,Unused,M,37,6.0
0,1.99,Unused,M,37,6.0
0,114.81,Unused,M,37,12.91
0,10.63,Unused,M,37,6.0
0,119.0,Unused,M,37,6.0
0,238.0,Unused,M,37,6.0
0,149.0,Unused,M,37,6.0
0,316.0,Unused,M,37,6.0
0,149.0,Unused,M,37,6.0
0,149.0,Unused,M,37,6.0
0,298.0,Unused,M,37,6.0
0,33.59,Unused,M,37,6.0
0,8.99,Unused,M,37,6.0
0,24.9,Unused,M,37,12.99
0,3.59,Unused,M,37,15.75
0,476.0,Unused,M,37,6.0
0,357.0,Unused,M,37,6.0
0,119.0,Unused,M,37,6.0
0,16.99,Used,M,37,6.0
0,3.98,Unused,M,37,6.0
0,307.0,Unused,M,37,6.0
1,6.0,Used,M,37,6.0
0,69.6,Used,M,37,12.48
0,298.0,Used,M,37,6.0
0,398.0,Used,M,37,8.7
0,30.75,Unused,M,37,12.48
0,14.37,Unused,M,37,6.0
0,55.85,Unused,M,37,6.0
0,4.8,Unused,M,37,6.0
0,149.0,Unused,M,37,8.7
0,79.0,Unused,M,37,6.0
0,16.99,Unused,M,37,19.99
0,33.98,Unused,M,37,19.99
0,279.86,Used,M,37,85.01
0,149.0,Used,M,37,6.0
0,166.83,Unused,M,37,6.0
0,13.59,Unused,M,37,6.0
1,199.0,Used,M,37,6.0
0,100.0,Used,M,37,12.91
0,17.27,Used,M,37,12.99
0,5.7,Used,M,37,6.0
0,279.0,Used,M,37,6.0
0,349.0,Used,M,37,6.0
0,48.0,Used,M,37,6.0
0,214.99,Unused,M,37,6.0
0,220.76,Unused,M,37,6.0
0,37.27,Unused,M,37,6.0
0,149.99,Unused,M,37,8.7
0,52.49,Unused,M,37,12.99
0,37.2,Unused,M,37,6.0
0,238.0,Unused,M,37,6.0
0,298.0,Unused,M,37,8.7
0,16.0,Unused,M,37,12.91
0,8.49,Unused,M,37,6.0
0,41.2,Unused,M,37,6.0
0,149.0,Unused,M,37,6.0
0,112.48,Unused,M,37,19.99
0,23.76,Unused,M,37,6.0
0,149.0,Unused,M,37,6.0
0,149.0,Unused,M,37,6.0
0,99.0,Unused,M,37,6.0
0,595.0,Unused,M,37,6.0
0,199.0,Unused,M,37,12.99
1,192.4,Used,F,4,6.0
0,9.56,Used,F,4,12.48
0,11.19,Used,F,4,6.0
0,16.06,Unused,F,4,6.0
0,63.7,Unused,F,4,12.48
0,109.9,Unused,F,4,6.0
0,19.99,Unused,F,4,6.0
0,119.0,Unused,F,4,6.0
0,298.0,Unused,F,4,6.0
0,79.9,Unused,F,4,6.0
1,18.99,Unused,M,39,6.5
1,702.12,Used,M,39,60.67
0,24.7,Used,M,39,6.0
0,79.0,Used,M,39,6.0
0,3519.73,Unused,M,39,60.67
0,1379.55,Unused,M,39,60.67
0,119.0,Unused,M,39,6.0
1,6.16,Used,M,34,6.5
0,122.77,Used,M,34,6.5
0,245.54,Used,M,34,6.5
0,25.78,Used,M,34,6.5
0,81.5,Used,M,34,6.5
0,14.84,Unused,M,34,6.5
0,2.05,Unused,M,34,6.5
0,407.5,Unused,M,34,6.5
0,81.5,Unused,M,34,6.5
0,153.71,Unused,M,34,6.5
0,21.44,Unused,M,34,6.5
0,77.36,Unused,M,34,6.5
0,25.92,Used,M,34,6.5
0,5.67,Unused,M,34,6.5
1,55.99,Used,M,34,6.5
0,1.99,Used,M,34,6.5
0,128.93,Used,M,34,6.5
0,119.0,Used,M,34,6.5
0,237.0,Used,M,34,6.5
0,149.0,Used,M,34,6.5
0,12.48,Unused,M,34,6.5
0,119.0,Unused,M,34,6.5
0,113.48,Unused,M,34,6.5
0,298.0,Unused,M,34,6.5
0,44.79,Unused,M,34,6.5
0,10.48,Unused,M,34,6.5
0,37.98,Unused,M,34,6.5
1,89.58,Unused,M,34,12.99
0,41.99,Used,M,34,6.0
0,27.19,Used,M,34,6.5
0,149.0,Used,M,34,6.0
0,640.41,Unused,M,34,18.96
0,3.99,Unused,M,34,6.0
0,238.0,Unused,M,34,6.0
0,95.8,Unused,M,34,12.91
0,41.59,Unused,M,34,6.0
1,8.98,Used,F,48,75.0
0,79.0,Used,F,48,6.5
0,3.0,Unused,F,48,75.0
0,7.99,Unused,F,48,6.5
0,79.0,Unused,F,48,6.5
0,4.99,Unused,F,48,75.0
0,119.0,Unused,F,48,6.5
0,119.0,Unused,F,48,6.5
0,476.0,Unused,F,48,6.5
1,79.0,Used,M,25,6.0
0,119.0,Unused,M,25,6.0
0,237.0,Unused,M,25,6.0
0,238.0,Unused,M,25,6.0
1,10.98,Used,M,25,6.0
0,17.59,Used,M,25,6.5
0,357.0,Used,M,25,12.99
0,238.0,Used,M,25,6.5
0,119.0,Unused,M,25,6.5
0,238.0,Unused,M,25,12.99
0,357.0,Unused,M,25,6.5
0,4.99,Unused,M,25,6.0
0,199.0,Unused,M,25,12.99
0,198.0,Unused,M,25,6.5
1,155.35,Used,F,6,6.5
0,122.77,Used,F,6,6.5
0,14.02,Used,F,6,6.5
0,153.71,Used,F,6,28.78
0,11.34,Unused,F,6,6.5
0,8.24,Unused,F,6,6.5
0,122.77,Unused,F,6,6.5
0,122.77,Unused,F,6,6.5
0,245.54,Unused,F,6,6.5
0,122.77,Unused,F,6,6.5
0,16.46,Unused,F,6,6.5
1,50.37,Used,F,6,6.5
0,1158.51,Unused,F,6,6.5
0,50.53,Used,F,6,19.99
0,19.99,Used,F,6,6.0
0,19.99,Unused,F,6,6.0
0,10.63,Unused,F,6,19.99
0,34.99,Unused,F,6,6.0
0,13.59,Unused,F,6,6.0
1,383.7,Used,F,6,19.99
0,112.0,Used,F,6,12.91
0,398.0,Used,F,6,12.99
0,199.0,Used,F,6,6.0
0,6.37,Used,F,6,12.99
0,3.33,Used,F,6,6.0
0,39.99,Used,F,6,12.99
0,15.99,Used,F,6,6.0
0,90.35,Used,F,6,6.0
0,28.08,Used,F,6,6.0
0,119.0,Used,F,6,6.0
0,238.0,Used,F,6,6.0
0,119.0,Used,F,6,6.0
0,149.0,Used,F,6,6.0
0,33.59,Unused,F,6,6.0
0,33.59,Unused,F,6,6.0
0,307.23,Unused,F,6,6.0
0,8.54,Unused,F,6,12.99
0,74.75,Unused,F,6,19.99
0,172.0,Unused,F,6,12.91
0,287.19,Unused,F,6,12.99
0,15.99,Unused,F,6,6.0
0,13.68,Unused,F,6,6.0
0,119.0,Unused,F,6,6.0
0,238.0,Unused,F,6,6.0
0,119.0,Unused,F,6,6.0
0,43.08,Unused,F,6,12.99
0,204.89,Unused,F,6,12.99
0,149.0,Unused,F,6,6.0
0,79.0,Unused,F,6,6.0
0,119.0,Unused,F,6,6.0
0,395.0,Unused,F,6,6.0
1,744.0,Used,F,4,6.0
0,9.17,Unused,F,4,6.0
0,20.78,Unused,F,4,6.0
0,856.0,Unused,F,4,6.0
0,79.0,Unused,F,4,6.0
1,74.85,Used,M,32,6.5
0,158.0,Used,M,32,6.5
0,44.79,Unused,M,32,6.5
0,39.19,Unused,M,32,6.5
0,158.0,Unused,M,32,6.5
0,83.16,Unused,M,32,6.5
1,33.8,Used,M,3,6.0
0,35.98,Used,M,3,6.0
0,2.39,Unused,M,3,6.0
0,149.0,Unused,M,3,6.0
1,39.95,Used,M,20,6.5
0,19.2,Used,M,20,6.0
0,119.0,Used,M,20,6.0
0,79.0,Used,M,20,6.0
0,179.85,Unused,M,20,12.91
0,30.38,Unused,M,20,6.0
0,79.0,Unused,M,20,6.0
0,15.96,Unused,M,20,6.5
1,11.34,Used,F,39,6.5
0,3.28,Used,F,39,6.5
0,122.77,Used,F,39,6.5
0,307.42,Used,F,39,6.5
0,4.94,Unused,F,39,6.5
0,7.21,Unused,F,39,6.5
0,122.77,Unused,F,39,6.5
0,614.84,Unused,F,39,6.5
0,1.64,Unused,F,39,6.5
0,81.5,Unused,F,39,6.5
1,74.22,Used,M,23,24.47
0,28.85,Used,M,23,28.78
0,14.02,Used,M,23,6.5
0,244.5,Used,M,23,6.5
0,153.71,Used,M,23,6.5
0,46.21,Unused,M,23,12.76
0,122.77,Unused,M,23,6.5
0,122.77,Unused,M,23,6.5
0,14.02,Unused,M,23,6.5
0,153.71,Unused,M,23,6.5
0,153.71,Unused,M,23,6.5
0,153.71,Unused,M,23,6.5
0,122.77,Unused,M,23,6.5
0,153.71,Unused,M,23,6.5
0,153.71,Unused,M,23,6.5
1,503.85,Used,M,23,19.94
0,70.0,Used,M,23,12.99
0,17.59,Used,M,23,6.0
0,11.75,Used,M,23,6.0
0,89.82,Used,M,23,6.0
0,59.99,Used,M,23,6.0
0,298.0,Used,M,23,6.0
0,52.99,Unused,M,23,6.0
0,268.72,Unused,M,23,19.94
0,90.78,Unused,M,23,12.99
0,17.56,Unused,M,23,6.0
0,519.74,Unused,M,23,43.31
0,39.19,Unused,M,23,6.0
0,30.38,Unused,M,23,6.0
0,298.0,Unused,M,23,6.0
0,149.0,Unused,M,23,6.0
0,79.99,Unused,M,23,12.99
0,55.8,Unused,M,23,6.5
0,10.63,Unused,M,23,6.0
0,10.63,Unused,M,23,6.0
0,4.5,Unused,M,23,6.0
1,11.5,Used,M,23,6.0
0,48.78,Used,M,23,6.0
0,50.56,Used,M,23,6.0
0,32.65,Used,M,23,6.5
0,18.79,Used,M,23,6.0
0,14.79,Used,M,23,6.0
0,12.22,Used,M,23,12.48
0,239.88,Used,M,23,13.38
0,19.99,Used,M,23,6.0
0,119.0,Used,M,23,6.0
0,119.0,Used,M,23,12.99
0,357.0,Used,M,23,6.0
0,15.19,Used,M,23,6.0
0,13.59,Used,M,23,6.0
0,149.0,Used,M,23,6.0
0,13.98,Unused,M,23,6.0
0,22.37,Unused,M,23,6.5
0,37.78,Unused,M,23,6.0
0,12.99,Unused,M,23,6.0
0,45.99,Unused,M,23,6.0
0,40.42,Unused,M,23,12.48
0,19.99,Unused,M,23,6.0
0,9.12,Unused,M,23,6.0
0,476.0,Unused,M,23,6.0
0,119.0,Unused,M,23,6.0
0,27.99,Unused,M,23,6.0
0,16.98,Unused,M,23,6.0
0,316.0,Unused,M,23,6.0
0,38.34,Unused,M,23,12.48
0,2.99,Unused,M,23,6.0
0,3.49,Unused,M,23,6.0
0,10.63,Unused,M,23,6.0
0,41.99,Unused,M,23,19.99
0,29.7,Unused,M,23,6.0
0,6.0,Used,M,23,6.0
1,19.99,Used,M,45,6.0
0,298.0,Used,M,45,6.0
0,9.6,Unused,M,45,6.0
0,119.0,Unused,M,45,6.0
0,448.0,Unused,M,45,6.0
0,149.0,Unused,M,45,6.0
0,149.0,Unused,M,45,6.0
0,41.99,Unused,M,45,6.0
0,199.0,Unused,M,45,6.0
0,119.0,Unused,M,45,6.0
0,316.0,Unused,M,45,6.0
0,88.34,Used,M,45,6.0
0,13.29,Used,M,45,19.99
0,49.23,Unused,M,45,6.0
0,119.85,Unused,M,45,25.73
0,59.85,Unused,M,45,6.5
0,18.99,Unused,M,45,6.0
0,1.99,Unused,M,45,6.0
0,149.0,Unused,M,45,6.0
1,199.0,Used,F,4,6.0
0,250.0,Used,F,4,0.0
0,79.99,Used,F,4,16.85
0,199.0,Used,F,4,12.99
0,250.0,Unused,F,4,0.0
0,199.0,Unused,F,4,12.99
0,79.0,Unused,F,4,6.0
0,298.0,Unused,F,4,6.0
1,119.0,Unused,F,33,6.0
1,14.95,Used,M,2,50.0
0,415.6,Used,M,2,70.92
0,71.7,Used,M,2,6.5
0,99.99,Used,M,2,19.99
0,20.55,Used,M,2,6.0
0,39.98,Used,M,2,6.5
0,12.0,Used,M,2,6.0
0,119.0,Used,M,2,6.0
0,268.0,Used,M,2,6.0
0,587.65,Used,M,2,43.31
0,149.0,Used,M,2,6.0
0,79.0,Used,M,2,6.0
0,79.0,Used,M,2,6.0
0,30.78,Used,M,2,6.0
0,97.28,Used,M,2,6.0
0,298.0,Used,M,2,6.5
0,149.0,Used,M,2,6.0
0,149.0,Used,M,2,6.0
0,398.0,Used,M,2,8.7
0,26.0,Used,M,2,6.0
0,53.87,Unused,M,2,50.0
0,39.48,Unused,M,2,6.0
0,154.78,Unused,M,2,6.0
0,287.76,Unused,M,2,14.96
0,33.3,Unused,M,2,6.5
0,139.93,Unused,M,2,22.29
0,2.99,Unused,M,2,20.0
0,4.56,Unused,M,2,6.0
0,5.1,Unused,M,2,6.0
0,149.0,Unused,M,2,6.0
0,149.0,Unused,M,2,6.0
0,8.0,Unused,M,2,6.0
0,149.0,Unused,M,2,6.0
0,79.0,Unused,M,2,6.0
0,67.96,Unused,M,2,6.0
0,199.0,Unused,M,2,8.7
0,3.5,Unused,M,2,6.0
0,19.19,Unused,M,2,6.0
0,69.6,Unused,M,2,6.0
0,22.8,Unused,M,2,6.0
0,83.99,Unused,M,2,6.0
0,28.0,Unused,M,2,6.0
0,298.0,Unused,M,2,6.0
0,105.94,Unused,M,2,6.0
0,13.59,Unused,M,2,6.0
0,149.0,Unused,M,2,6.0
1,15.97,Used,F,26,6.0
0,22.94,Used,F,26,6.0
0,119.0,Used,F,26,6.0
0,238.0,Used,F,26,6.0
0,238.0,Used,F,26,6.0
0,16.99,Used,F,26,6.0
0,149.0,Used,F,26,6.0
0,149.0,Used,F,26,6.0
0,10.63,Unused,F,26,6.0
0,13.99,Unused,F,26,6.0
0,411.19,Unused,F,26,6.0
0,198.0,Unused,F,26,6.0
0,119.0,Unused,F,26,6.0
0,16.99,Unused,F,26,6.0
0,55.99,Unused,F,26,6.0
0,13.99,Unused,F,26,6.0
0,6.0,Unused,F,26,6.0
0,2.99,Unused,F,26,6.0
1,11.95,Used,F,26,6.0
0,15.0,Used,F,26,6.0
0,238.0,Used,F,26,6.0
0,119.0,Used,F,26,6.0
0,119.0,Used,F,26,6.0
0,119.0,Used,F,26,6.0
0,119.0,Used,F,26,6.0
0,149.0,Used,F,26,6.0
0,18.99,Used,F,26,6.0
0,41.99,Used,F,26,6.0
0,158.0,Used,F,26,6.0
0,79.0,Used,F,26,6.0
0,149.0,Used,F,26,6.0
0,52.8,Used,F,26,6.0
0,94.7,Unused,F,26,6.0
0,20.97,Unused,F,26,6.0
0,4.8,Unused,F,26,6.0
0,268.0,Unused,F,26,6.0
0,119.0,Unused,F,26,6.0
0,238.0,Unused,F,26,6.0
0,228.0,Unused,F,26,6.0
0,1.99,Unused,F,26,6.0
0,119.0,Unused,F,26,6.0
0,536.0,Unused,F,26,6.0
0,119.0,Unused,F,26,12.99
0,238.0,Unused,F,26,6.0
1,12.2,Used,F,19,6.5
0,3.99,Unused,F,19,6.5
0,7.99,Unused,F,19,6.5
0,3.98,Unused,F,19,6.5
0,37.98,Used,F,19,6.5
0,7.96,Used,F,19,6.5
0,59.98,Used,F,19,6.5
0,8.99,Used,F,19,6.5
0,116.98,Used,F,19,117.7
0,21.58,Used,F,19,13.78
0,119.0,Used,F,19,6.5
0,476.0,Used,F,19,6.5
0,18.99,Used,F,19,6.5
0,1.98,Unused,F,19,6.5
0,29.98,Unused,F,19,6.5
0,4.38,Unused,F,19,6.5
0,7.18,Unused,F,19,13.78
0,163.79,Unused,F,19,6.5
0,18.99,Unused,F,19,117.7
0,88.97,Unused,F,19,117.7
0,18.99,Unused,F,19,117.7
0,119.0,Unused,F,19,6.5
0,238.0,Unused,F,19,6.5
0,238.0,Unused,F,19,6.5
0,238.0,Unused,F,19,6.5
0,13.59,Unused,F,19,6.5
0,15.99,Unused,F,19,6.5
0,149.0,Unused,F,19,6.5
0,149.0,Unused,F,19,18.47
0,199.0,Unused,F,19,8.7
0,23.98,Unused,F,19,13.78
0,30.38,Unused,F,19,6.5
0,54.98,Unused,F,19,6.5
0,19.99,Unused,F,19,117.7
0,18.99,Unused,F,19,6.5
0,15.19,Unused,F,19,6.5
0,15.99,Unused,F,19,6.5
0,27.99,Unused,F,19,6.5
0,16.99,Unused,F,19,117.7
0,298.0,Unused,F,19,6.5
0,298.0,Unused,F,19,6.5
1,477.0,Used,F,19,28.7
0,64.78,Used,F,19,6.0
0,44.78,Used,F,19,6.0
0,11.13,Used,F,19,17.84
0,14.69,Used,F,19,19.99
0,13.81,Used,F,19,6.0
0,3.99,Used,F,19,6.0
0,18.99,Used,F,19,6.0
0,149.0,Used,F,19,6.0
0,15.19,Used,F,19,6.0
0,395.0,Used,F,19,6.0
0,19.59,Used,F,19,6.0
0,13.59,Used,F,19,6.0
0,188.45,Unused,F,19,17.84
0,31.4,Unused,F,19,6.0
0,50.0,Unused,F,19,0.0
0,26.28,Unused,F,19,19.99
0,3.99,Unused,F,19,6.0
0,27.99,Unused,F,19,6.0
0,93.73,Unused,F,19,6.0
0,64.77,Unused,F,19,6.0
0,17.98,Unused,F,19,6.0
0,1319.0,Unused,F,19,28.7
0,56.76,Unused,F,19,19.99
0,10.63,Unused,F,19,6.0
0,13.59,Unused,F,19,6.0
0,119.0,Unused,F,19,6.0
0,119.0,Unused,F,19,6.0
0,119.0,Unused,F,19,6.0
0,119.0,Unused,F,19,6.0
0,10.63,Unused,F,19,6.0
0,298.0,Unused,F,19,6.0
0,79.0,Unused,F,19,6.0
0,149.0,Unused,F,19,6.0
0,3.16,Unused,F,19,6.0
0,1.2,Unused,F,19,6.0
0,399.0,Unused,F,19,28.7
0,15.99,Unused,F,19,19.99
0,30.39,Unused,F,19,6.0
0,119.0,Unused,F,19,6.0
0,37.98,Unused,F,19,6.0
0,15.99,Unused,F,19,6.0
1,3.99,Used,F,19,12.99
0,60.4,Used,F,19,19.99
0,22.56,Used,F,19,6.0
0,279.58,Used,F,19,19.99
0,8.97,Used,F,19,6.0
0,311.84,Used,F,19,19.99
0,15.19,Used,F,19,6.0
0,11.4,Used,F,19,6.0
0,46.5,Used,F,19,12.99
0,119.0,Used,F,19,6.0
0,149.0,Used,F,19,6.0
0,149.0,Used,F,19,6.0
0,79.68,Unused,F,19,19.99
0,123.06,Unused,F,19,6.0
0,128.99,Unused,F,19,6.0
0,64.24,Unused,F,19,19.99
0,15.98,Unused,F,19,6.0
0,128.0,Unused,F,19,32.18
0,1567.72,Unused,F,19,19.99
0,11.99,Unused,F,19,6.0
0,63.6,Unused,F,19,20.85
0,15.19,Unused,F,19,6.0
0,19.75,Unused,F,19,6.0
0,238.0,Unused,F,19,19.99
0,119.0,Unused,F,19,6.0
0,18.99,Unused,F,19,12.99
0,6.0,Unused,F,19,12.99
0,149.0,Unused,F,19,6.0
0,16.8,Unused,F,19,19.99
0,559.9,Unused,F,19,19.99
0,387.0,Unused,F,19,6.0
0,149.0,Unused,F,19,6.0
0,140.16,Used,F,19,6.0
0,199.0,Used,F,19,6.0
0,1.68,Used,F,19,6.0
0,2.5,Used,F,19,6.0
0,8.0,Used,F,19,6.0
0,37.2,Used,F,19,6.0
0,18.99,Used,F,19,6.0
0,401.12,Unused,F,19,6.0
0,38.38,Unused,F,19,6.5
0,674.55,Unused,F,19,6.0
0,24.98,Unused,F,19,6.0
0,119.0,Unused,F,19,6.0
0,119.0,Unused,F,19,6.0
0,238.0,Unused,F,19,6.0
0,119.0,Unused,F,19,6.0
0,67.19,Unused,F,19,6.0
0,4.8,Unused,F,19,6.0
0,8.0,Unused,F,19,6.0
0,199.0,Unused,F,19,8.7
0,41.88,Unused,F,19,6.0
0,398.0,Unused,F,19,6.0
0,12.0,Unused,F,19,6.0
0,8.7,Unused,F,19,6.0
0,26.59,Unused,F,19,6.0
0,13.2,Unused,F,19,6.0
1,323.9,Used,F,19,26.86
0,88.5,Used,F,19,6.0
0,15.49,Used,F,19,6.0
0,76.68,Used,F,19,12.48
0,79.99,Used,F,19,6.0
0,3.18,Used,F,19,6.5
0,23.9,Used,F,19,12.99
0,199.9,Used,F,19,6.0
0,149.0,Used,F,19,6.0
0,99.99,Unused,F,19,6.0
0,6.38,Unused,F,19,6.0
0,30.48,Unused,F,19,6.0
0,5.98,Unused,F,19,6.0
0,39.8,Unused,F,19,6.0
0,12.79,Unused,F,19,6.0
0,55.58,Unused,F,19,20.85
0,19.99,Unused,F,19,6.0
0,199.9,Unused,F,19,12.99
0,15.19,Unused,F,19,6.0
0,119.5,Unused,F,19,26.86
0,149.0,Unused,F,19,6.0
0,158.0,Unused,F,19,6.0
0,237.0,Unused,F,19,6.0
0,119.6,Unused,F,19,6.0
0,1.2,Unused,F,19,6.0
0,13.29,Unused,F,19,6.0
0,23.9,Unused,F,19,6.0
0,19.99,Unused,F,19,6.0
0,68.97,Used,F,19,6.0
0,7.0,Used,F,19,6.0
0,476.0,Used,F,19,6.0
0,395.0,Used,F,19,6.0
0,79.0,Used,F,19,6.0
0,149.0,Used,F,19,6.0
0,8.96,Unused,F,19,6.0
0,119.02,Unused,F,19,6.0
0,99.0,Unused,F,19,6.0
0,595.0,Unused,F,19,6.0
0,237.0,Unused,F,19,6.0
0,395.0,Unused,F,19,6.0
0,13.98,Unused,F,19,6.0
0,238.0,Unused,F,19,6.0
0,10.63,Unused,F,19,6.0
0,39.99,Unused,F,19,6.0
0,447.0,Unused,F,19,6.0
1,116.16,Used,F,19,6.0
0,81.4,Used,F,19,25.37
0,24.42,Used,F,19,6.5
0,472.82,Used,F,19,44.22
0,42.39,Used,F,19,6.5
0,42.39,Used,F,19,6.5
0,121.3,Used,F,19,19.99
0,355.74,Used,F,19,6.5
0,355.74,Used,F,19,19.99
0,9.67,Used,F,19,6.0
0,151.88,Used,F,19,6.5
0,161.04,Used,F,19,6.5
0,151.88,Used,F,19,6.5
0,151.88,Used,F,19,6.5
0,13.43,Unused,F,19,6.5
0,10.59,Unused,F,19,6.5
0,42.39,Unused,F,19,6.5
0,69.25,Unused,F,19,44.22
0,82.96,Unused,F,19,12.48
0,242.6,Unused,F,19,19.99
0,121.3,Unused,F,19,6.5
0,363.9,Unused,F,19,6.5
0,303.76,Unused,F,19,6.5
0,151.88,Unused,F,19,6.5
0,455.64,Unused,F,19,6.5
0,151.88,Unused,F,19,19.99
0,151.88,Unused,F,19,6.5
0,151.88,Unused,F,19,6.5
0,40.29,Unused,F,19,6.5
0,11.2,Unused,F,19,6.0
0,97.6,Unused,F,19,25.37
0,151.88,Unused,F,19,6.5
1,20.95,Used,F,6,35.3
0,1.99,Used,F,6,6.5
0,119.0,Used,F,6,6.5
0,119.0,Used,F,6,6.5
0,27.18,Used,F,6,6.5
0,132.59,Unused,F,6,6.5
0,149.0,Unused,F,6,6.5
0,149.0,Unused,F,6,6.5
0,4.99,Unused,F,6,35.3
0,119.0,Unused,F,6,6.5
0,89.58,Used,F,6,13.78
0,3.18,Used,F,6,6.5
0,233.13,Used,F,6,139.84
0,314.65,Unused,F,6,6.5
0,228.67,Unused,F,6,139.84
1,10.99,Unused,F,6,6.0
1,26.49,Used,F,6,6.0
0,3.5,Unused,F,6,6.0
0,38.49,Unused,F,6,6.0
0,3.5,Unused,F,6,6.0
0,4.78,Used,F,6,37.83
0,15.99,Used,F,6,6.0
0,237.0,Used,F,6,6.0
0,53.33,Unused,F,6,37.83
0,357.0,Unused,F,6,12.99
0,15.19,Unused,F,6,6.0
0,11.95,Unused,F,6,37.83
1,44.0,Used,F,6,6.0
0,238.0,Used,F,6,6.0
0,12.31,Used,F,6,6.0
0,15.39,Used,F,6,6.0
0,436.0,Unused,F,6,6.0
0,9.12,Unused,F,6,6.0
0,2.39,Unused,F,6,6.0
0,62.71,Unused,F,6,19.99
0,119.0,Unused,F,6,6.0
0,595.0,Unused,F,6,6.0
0,238.0,Unused,F,6,6.0
0,149.0,Unused,F,6,6.0
0,13.59,Unused,F,6,6.0
1,49.58,Used,M,24,6.5
0,19.99,Used,M,24,6.5
0,238.0,Used,M,24,6.5
0,123.0,Unused,M,24,6.5
0,103.08,Unused,M,24,6.5
1,122.77,Unused,F,16,6.5
0,153.71,Unused,F,16,6.5
1,119.0,Used,F,16,6.0
0,79.0,Used,F,16,6.0
1,57.0,Unused,F,16,12.99
1,46.21,Used,M,12,6.5
0,20.62,Used,M,12,6.5
0,46.21,Unused,M,12,6.5
0,122.77,Unused,M,12,6.5
0,768.55,Unused,M,12,6.5
0,327.04,Unused,M,12,6.5
0,74.27,Unused,M,12,6.5
1,245.54,Used,F,39,6.5
0,491.08,Used,F,39,6.5
0,14.02,Used,F,39,6.5
0,307.42,Used,F,39,6.5
0,245.54,Unused,F,39,6.5
0,35.06,Used,F,39,6.5
0,245.54,Used,F,39,6.5
0,84.56,Unused,F,39,6.5
0,122.77,Unused,F,39,6.5
0,122.77,Unused,F,39,6.5
0,153.71,Unused,F,39,6.5
1,267.34,Used,F,15,6.0
0,22.38,Unused,F,15,6.0
0,55.99,Unused,F,15,6.0
0,154.61,Unused,F,15,6.0
0,42.93,Unused,F,15,6.0
0,7.19,Unused,F,15,6.0
0,67.49,Unused,F,15,6.0
1,11.49,Used,M,19,12.99
0,359.7,Used,M,19,26.84
0,15.2,Used,M,19,6.0
0,119.0,Used,M,19,6.0
0,119.0,Used,M,19,6.0
0,228.0,Used,M,19,6.0
0,149.0,Used,M,19,6.0
0,158.0,Used,M,19,6.0
0,74.84,Unused,M,19,12.99
0,12.0,Unused,M,19,6.0
0,364.35,Unused,M,19,26.84
0,119.0,Unused,M,19,6.0
0,9.51,Unused,M,19,6.0
0,693.0,Unused,M,19,6.0
0,149.0,Unused,M,19,6.0
0,25.82,Unused,M,19,6.0
1,55.42,Used,F,44,6.5
0,4.07,Used,F,44,6.0
0,22.41,Used,F,44,6.0
0,22.41,Used,F,44,6.0
0,51.35,Used,F,44,6.5
0,99.9,Used,F,44,6.5
0,342.5,Used,F,44,6.5
0,35.16,Used,F,44,6.0
0,22.41,Used,F,44,6.0
0,100.91,Used,F,44,6.5
0,100.91,Used,F,44,6.5
0,66.39,Used,F,44,6.5
0,24.4,Used,F,44,6.5
0,1132.8,Used,F,44,40.29
0,242.6,Used,F,44,6.5
0,121.3,Used,F,44,12.99
0,121.3,Used,F,44,6.5
0,242.6,Used,F,44,6.5
0,23.64,Used,F,44,12.99
0,11.61,Used,F,44,6.5
0,303.76,Used,F,44,6.5
0,151.88,Used,F,44,6.5
0,151.88,Used,F,44,6.5
0,151.88,Used,F,44,6.5
0,35.86,Unused,F,44,6.5
0,17.93,Unused,F,44,6.5
0,22.41,Unused,F,44,6.0
0,65.61,Unused,F,44,6.5
0,41.23,Unused,F,44,6.0
0,22.41,Unused,F,44,6.0
0,202.84,Unused,F,44,6.5
0,202.84,Unused,F,44,6.5
0,405.68,Unused,F,44,6.5
0,202.84,Unused,F,44,12.99
0,1120.22,Unused,F,44,6.5
0,49.95,Unused,F,44,19.99
0,22.41,Unused,F,44,6.0
0,5.1,Unused,F,44,6.0
0,29.16,Unused,F,44,6.5
0,20.4,Unused,F,44,6.5
0,25.46,Unused,F,44,6.0
0,100.91,Unused,F,44,6.5
0,201.82,Unused,F,44,6.5
0,30.06,Unused,F,44,6.0
0,312.96,Unused,F,44,12.91
0,1128.0,Unused,F,44,39.86
0,121.3,Unused,F,44,6.5
0,121.3,Unused,F,44,12.99
0,121.3,Unused,F,44,6.5
0,121.3,Unused,F,44,6.5
0,121.3,Unused,F,44,6.5
0,23.64,Unused,F,44,12.99
0,151.88,Unused,F,44,6.5
0,241.56,Unused,F,44,6.5
0,39.73,Unused,F,44,6.5
0,44.82,Unused,F,44,6.0
0,22.41,Unused,F,44,6.0
0,69.72,Unused,F,44,12.91
0,22.41,Unused,F,44,6.0
0,201.82,Unused,F,44,6.5
0,100.91,Unused,F,44,6.5
0,18.57,Unused,F,44,6.0
0,121.3,Unused,F,44,6.5
0,23.64,Unused,F,44,6.5
0,355.74,Unused,F,44,19.99
0,151.88,Unused,F,44,6.5
0,303.76,Unused,F,44,6.5
0,161.04,Unused,F,44,6.5
0,40.78,Used,F,44,6.5
0,59.51,Used,F,44,6.5
0,57.07,Used,F,44,6.5
0,60.07,Used,F,44,6.0
0,53.78,Used,F,44,12.99
0,202.84,Used,F,44,6.5
0,22.41,Used,F,44,6.0
0,37.08,Used,F,44,12.48
0,102.0,Used,F,44,6.5
0,42.79,Used,F,44,6.0
0,302.73,Used,F,44,6.5
0,100.91,Used,F,44,6.5
0,261.95,Used,F,44,6.5
0,42.39,Used,F,44,6.5
0,48.92,Used,F,44,6.5
0,81.5,Used,F,44,6.5
0,332.52,Used,F,44,12.91
0,19.56,Used,F,44,6.5
0,24.45,Used,F,44,6.0
0,19.36,Used,F,44,6.0
0,81.53,Used,F,44,6.5
0,489.18,Used,F,44,13.38
0,570.71,Used,F,44,14.25
0,2673.11,Used,F,44,68.82
0,598.34,Used,F,44,6.5
0,121.3,Used,F,44,6.5
0,121.3,Used,F,44,12.99
0,363.9,Used,F,44,12.99
0,15.29,Used,F,44,6.5
0,11.82,Used,F,44,12.99
0,151.88,Used,F,44,6.5
0,151.88,Used,F,44,6.5
0,151.88,Used,F,44,6.5
0,151.88,Used,F,44,6.5
0,151.88,Used,F,44,6.5
0,303.76,Used,F,44,6.5
0,151.88,Used,F,44,6.5
0,151.88,Used,F,44,12.99
0,151.88,Used,F,44,6.5
0,127.75,Unused,F,44,12.99
0,17.93,Unused,F,44,6.5
0,82.56,Unused,F,44,6.0
0,56.02,Unused,F,44,6.0
0,11.2,Unused,F,44,6.0
0,12.43,Unused,F,44,6.5
0,51.74,Unused,F,44,6.5
0,25.46,Unused,F,44,6.0
0,405.68,Unused,F,44,6.5
0,202.84,Unused,F,44,6.5
0,405.68,Unused,F,44,12.99
0,202.84,Unused,F,44,6.5
0,202.84,Unused,F,44,6.5
0,405.69,Unused,F,44,12.99
0,99.9,Unused,F,44,6.5
0,99.9,Unused,F,44,12.99
0,707.42,Unused,F,44,6.5
0,4.48,Unused,F,44,6.5
0,1.02,Unused,F,44,6.0
0,38.18,Unused,F,44,6.0
0,17.93,Unused,F,44,6.5
0,17.93,Unused,F,44,12.99
0,17.93,Unused,F,44,6.5
0,22.41,Unused,F,44,6.0
0,97.8,Unused,F,44,6.0
0,440.1,Unused,F,44,6.0
0,1956.36,Unused,F,44,68.82
0,76.4,Unused,F,44,75.0
0,81.53,Unused,F,44,12.99
0,152.88,Unused,F,44,6.0
0,9.76,Unused,F,44,12.48
0,121.3,Unused,F,44,6.5
0,121.3,Unused,F,44,6.5
0,121.3,Unused,F,44,6.5
0,121.3,Unused,F,44,6.5
0,363.9,Unused,F,44,6.5
0,273.18,Unused,F,44,6.5
0,121.3,Unused,F,44,6.5
0,121.3,Unused,F,44,19.99
0,485.2,Unused,F,44,6.5
0,242.6,Unused,F,44,19.99
0,121.3,Unused,F,44,6.5
0,121.3,Unused,F,44,6.5
0,355.74,Unused,F,44,6.5
0,507.62,Unused,F,44,12.99
0,355.74,Unused,F,44,6.5
0,303.76,Unused,F,44,12.99
0,151.88,Unused,F,44,6.5
0,151.88,Unused,F,44,6.5
0,80.52,Unused,F,44,6.5
0,241.56,Unused,F,44,6.5
0,151.88,Unused,F,44,6.5
0,759.4,Unused,F,44,6.5
0,151.88,Unused,F,44,12.99
0,151.88,Unused,F,44,6.5
0,93.71,Unused,F,44,6.0
0,17.93,Unused,F,44,12.99
0,17.93,Unused,F,44,6.5
0,202.84,Unused,F,44,6.5
0,149.85,Unused,F,44,6.5
0,100.91,Unused,F,44,6.5
0,61.95,Unused,F,44,6.5
0,42.39,Unused,F,44,6.5
0,52.99,Unused,F,44,6.0
0,20.38,Unused,F,44,6.0
0,1956.36,Unused,F,44,68.82
0,73.35,Unused,F,44,75.0
0,48.9,Unused,F,44,6.0
0,73.2,Unused,F,44,12.48
0,146.7,Unused,F,44,6.0
0,2.44,Unused,F,44,6.5
0,121.3,Unused,F,44,6.5
0,121.3,Unused,F,44,6.5
0,121.3,Unused,F,44,6.5
0,121.3,Unused,F,44,6.5
0,242.6,Unused,F,44,6.5
0,355.74,Unused,F,44,6.5
0,355.74,Unused,F,44,6.5
0,151.88,Unused,F,44,6.5
0,80.52,Unused,F,44,6.5
0,80.52,Unused,F,44,6.5
1,2.8,Used,M,25,6.5
0,4.39,Unused,M,25,6.5
0,2.38,Unused,M,25,6.5
1,31.35,Used,M,25,15.72
0,58.8,Unused,M,25,15.72
0,16.72,Unused,M,25,6.0
1,0.51,Used,M,25,6.0
0,49.92,Unused,M,25,6.0
1,20.8,Used,M,49,12.99
0,65.18,Used,M,49,44.06
0,199.0,Used,M,49,6.0
0,12.78,Used,M,49,6.0
0,139.9,Used,M,49,13.38
0,166.36,Used,M,49,21.19
0,31.8,Used,M,49,6.5
0,15.69,Used,M,49,6.0
0,59.16,Used,M,49,6.5
0,24.0,Used,M,49,12.91
0,597.5,Used,M,49,70.38
0,238.0,Used,M,49,6.0
0,83.95,Used,M,49,22.29
0,5.1,Used,M,49,6.0
0,28.0,Used,M,49,6.5
0,56.31,Used,M,49,6.0
0,50.78,Used,M,49,6.0
0,149.0,Used,M,49,6.0
0,149.0,Used,M,49,6.0
0,465.0,Used,M,49,6.0
0,237.0,Used,M,49,6.0
0,149.0,Used,M,49,6.0
0,298.0,Used,M,49,6.0
0,55.98,Unused,M,49,6.0
0,14.44,Unused,M,49,12.99
0,171.8,Unused,M,49,12.91
0,397.5,Unused,M,49,70.38
0,7.19,Unused,M,49,6.0
0,199.0,Unused,M,49,6.0
0,13.29,Unused,M,49,6.0
0,8.99,Unused,M,49,6.0
0,79.99,Unused,M,49,6.0
0,87.8,Unused,M,49,22.29
0,35.6,Unused,M,49,6.0
0,44.79,Unused,M,49,6.0
0,28.54,Unused,M,49,6.5
0,71.85,Unused,M,49,13.38
0,137.97,Unused,M,49,21.19
0,24.39,Unused,M,49,44.06
0,374.85,Unused,M,49,6.0
0,374.85,Unused,M,49,6.0
0,42.15,Unused,M,49,6.0
0,24.0,Unused,M,49,12.91
0,4.78,Unused,M,49,6.0
0,6.0,Unused,M,49,6.0
0,119.0,Unused,M,49,6.0
0,119.0,Unused,M,49,6.0
0,357.0,Unused,M,49,12.99
0,238.0,Unused,M,49,6.0
0,119.0,Unused,M,49,12.99
0,119.0,Unused,M,49,6.0
0,119.0,Unused,M,49,6.0
0,119.0,Unused,M,49,6.0
0,41.99,Unused,M,49,6.0
0,79.0,Unused,M,49,6.0
0,237.0,Unused,M,49,6.0
0,395.0,Unused,M,49,6.0
0,395.0,Unused,M,49,6.0
0,237.0,Unused,M,49,6.0
0,149.0,Unused,M,49,6.0
0,199.0,Unused,M,49,6.0
0,31.17,Unused,M,49,12.48
0,99.99,Unused,M,49,6.0
0,19.99,Unused,M,49,6.0
0,5.7,Unused,M,49,6.0
0,5.7,Unused,M,49,6.0
0,6.0,Unused,M,49,6.0
0,18.37,Unused,M,49,6.0
0,119.0,Unused,M,49,6.0
0,119.0,Unused,M,49,6.0
0,238.0,Unused,M,49,6.0
0,119.0,Unused,M,49,6.0
0,4.08,Unused,M,49,12.99
0,298.0,Unused,M,49,6.0
0,149.0,Unused,M,49,6.0
1,7.0,Used,F,24,6.0
0,69.31,Used,F,24,6.5
0,79.99,Used,F,24,6.5
0,13.59,Used,F,24,6.5
0,55.99,Unused,F,24,6.5
0,10.99,Unused,F,24,6.0
0,3.5,Unused,F,24,6.0
0,27.19,Unused,F,24,6.5
0,19.03,Unused,F,24,6.5
0,79.99,Unused,F,24,6.5
0,268.0,Unused,F,24,6.0
0,119.0,Unused,F,24,6.0
0,119.0,Unused,F,24,6.0
0,238.0,Unused,F,24,6.0
0,119.0,Unused,F,24,6.0
0,119.0,Unused,F,24,6.0
0,61.59,Unused,F,24,6.0
0,3.5,Unused,F,24,6.0
1,64.29,Used,M,12,6.0
0,22.8,Used,M,12,6.0
0,357.0,Used,M,12,6.0
0,27.79,Unused,M,12,6.0
0,28.58,Unused,M,12,6.0
0,119.0,Unused,M,12,6.0
0,11.4,Unused,M,12,6.0
0,22.8,Unused,M,12,6.0
1,5.77,Unused,M,41,6.5
0,122.77,Unused,M,41,6.5
0,122.77,Unused,M,41,6.5
0,122.77,Unused,M,41,6.5
0,21.49,Used,M,41,18.47
0,105.0,Used,M,41,6.5
0,67.97,Used,M,41,6.5
0,30.38,Used,M,41,20.78
0,6.39,Used,M,41,28.78
0,435.0,Used,M,41,6.5
0,119.0,Used,M,41,6.5
0,357.0,Used,M,41,6.5
0,238.0,Used,M,41,6.5
0,18.99,Used,M,41,6.5
0,149.0,Used,M,41,6.5
0,32.76,Unused,M,41,6.5
0,57.55,Unused,M,41,28.78
0,30.0,Unused,M,41,12.76
0,18.99,Unused,M,41,6.5
0,121.48,Unused,M,41,18.47
0,119.0,Unused,M,41,6.5
0,208.0,Unused,M,41,8.7
0,1.99,Unused,M,41,6.5
0,19.19,Unused,M,41,18.47
0,14.99,Unused,M,41,6.5
0,37.55,Unused,M,41,28.78
0,298.0,Unused,M,41,6.5
1,119.0,Used,M,41,6.5
0,13.99,Used,M,41,6.5
0,39.98,Unused,M,41,6.5
0,19.99,Unused,M,41,6.5
1,608.52,Used,M,49,6.5
0,151.88,Used,M,49,6.5
0,100.91,Unused,M,49,6.5
0,121.3,Unused,M,49,6.5
0,161.04,Unused,M,49,6.5
0,11.2,Used,M,49,6.0
0,11.2,Used,M,49,6.0
0,20.38,Used,M,49,6.0
0,16.3,Used,M,49,6.5
0,39.12,Used,M,49,6.5
0,19.36,Used,M,49,6.0
0,122.31,Used,M,49,12.99
0,152.88,Used,M,49,6.0
0,242.6,Used,M,49,12.99
0,18.32,Unused,M,49,6.5
0,39.33,Unused,M,49,19.99
0,11.2,Unused,M,49,6.0
0,25.48,Unused,M,49,0.0
0,25.48,Unused,M,49,0.0
0,101.93,Unused,M,49,0.0
0,100.91,Unused,M,49,6.5
0,97.83,Unused,M,49,6.5
0,121.3,Unused,M,49,12.99
0,242.6,Unused,M,49,12.99
0,242.6,Unused,M,49,6.5
0,121.3,Unused,M,49,6.5
0,121.3,Unused,M,49,12.99
0,121.3,Unused,M,49,12.99
0,121.3,Unused,M,49,6.5
0,151.88,Unused,M,49,12.99
0,151.88,Unused,M,49,6.5
0,232.4,Unused,M,49,6.5
0,241.56,Unused,M,49,6.5
0,151.88,Unused,M,49,6.5
0,303.76,Unused,M,49,6.5
0,151.88,Unused,M,49,12.99
0,151.88,Unused,M,49,6.5
0,303.76,Unused,M,49,12.99
0,151.88,Unused,M,49,6.5
0,151.88,Unused,M,49,6.5
0,151.88,Unused,M,49,6.5
0,405.68,Unused,M,49,6.5
0,20.38,Unused,M,49,6.0
0,201.82,Unused,M,49,6.5
0,24.45,Unused,M,49,6.0
0,121.3,Unused,M,49,6.5
0,121.3,Unused,M,49,6.5
0,151.88,Unused,M,49,6.5
0,759.4,Unused,M,49,6.5
1,37.45,Used,F,10,12.99
0,249.5,Unused,F,10,6.0
0,7.47,Unused,F,10,12.99
0,15.99,Unused,F,10,6.0
0,4.98,Unused,F,10,12.99
0,399.0,Unused,F,10,6.0
1,287.1,Used,F,10,13.35
0,99.0,Used,F,10,6.0
0,79.99,Used,F,10,6.0
0,119.0,Used,F,10,6.0
0,349.0,Used,F,10,6.0
0,149.0,Used,F,10,6.0
0,474.0,Used,F,10,6.0
0,1235.0,Unused,F,10,6.0
0,3.49,Unused,F,10,6.0
0,628.0,Unused,F,10,6.0
0,349.0,Unused,F,10,6.0
0,395.0,Unused,F,10,6.0
0,7.5,Unused,F,10,6.0
0,349.0,Unused,F,10,6.0
1,12.97,Used,F,42,6.0
0,31.98,Used,F,42,6.0
0,149.0,Used,F,42,6.5
0,149.0,Used,F,42,6.5
0,149.0,Used,F,42,6.5
0,8.49,Used,F,42,6.0
0,447.0,Used,F,42,6.5
0,3.5,Unused,F,42,6.0
0,199.0,Unused,F,42,6.5
0,41.59,Unused,F,42,14.41
0,119.0,Unused,F,42,6.5
0,238.0,Unused,F,42,6.5
0,357.0,Unused,F,42,6.5
0,149.0,Unused,F,42,6.5
0,79.0,Unused,F,42,6.5
0,149.0,Unused,F,42,6.5
0,41.59,Unused,F,42,6.5
0,149.0,Unused,F,42,6.5
0,316.0,Unused,F,42,6.5
0,149.0,Unused,F,42,6.5
1,57.76,Used,M,40,6.5
0,245.54,Unused,M,40,6.5
0,122.77,Unused,M,40,6.5
1,13.04,Used,M,40,6.5
0,606.5,Used,M,40,13.38
0,18.97,Used,M,40,6.5
0,151.88,Used,M,40,19.99
0,17.93,Unused,M,40,6.5
0,35.45,Unused,M,40,6.5
0,4.48,Unused,M,40,6.5
0,121.3,Unused,M,40,6.5
0,355.74,Unused,M,40,6.5
0,201.82,Unused,M,40,6.5
0,242.6,Unused,M,40,13.38
1,19.19,Unused,F,15,16.47
1,1001.33,Used,M,24,158.74
0,153.71,Used,M,24,6.5
0,156.7,Unused,M,24,158.74
0,326.0,Unused,M,24,6.5
0,153.71,Unused,M,24,6.5
0,235.05,Unused,M,24,158.74
0,368.31,Unused,M,24,6.5
0,122.77,Unused,M,24,6.5
1,9.36,Used,M,24,6.0
0,4.8,Unused,M,24,6.0
0,4.56,Unused,M,24,6.0
1,5.7,Used,M,24,12.99
0,242.6,Used,M,24,12.99
0,355.74,Used,M,24,12.99
0,100.91,Unused,M,24,6.5
0,100.91,Unused,M,24,6.5
0,151.88,Unused,M,24,6.5
0,363.9,Unused,M,24,6.5
0,81.53,Unused,M,24,12.99
0,242.6,Unused,M,24,12.99
0,355.74,Unused,M,24,6.5
1,950.4,Used,M,22,344.78
0,237.0,Used,M,22,6.0
0,22.4,Unused,M,22,6.0
0,965.48,Unused,M,22,344.78
0,200.0,Unused,M,22,16.85
0,238.0,Unused,M,22,12.99
0,119.0,Unused,M,22,6.0
0,44.0,Unused,M,22,6.0
0,26.0,Unused,M,22,6.0
0,1017.73,Unused,M,22,344.78
1,199.0,Used,F,19,6.0
0,99.0,Used,F,19,6.0
0,6.8,Used,F,19,6.5
0,29.2,Used,F,19,6.0
0,149.0,Used,F,19,6.0
0,298.0,Used,F,19,6.0
0,149.0,Used,F,19,6.0
0,25.76,Unused,F,19,6.0
0,3.19,Unused,F,19,6.5
0,19.99,Unused,F,19,6.0
0,2.8,Unused,F,19,6.5
0,49.0,Unused,F,19,6.0
1,33.59,Used,M,24,6.5
0,33.59,Used,M,24,6.5
0,33.59,Used,M,24,6.5
0,33.59,Used,M,24,6.5
0,33.59,Used,M,24,6.5
0,33.59,Used,M,24,6.5
0,83.98,Used,M,24,6.5
0,19.19,Used,M,24,6.5
0,14.38,Used,M,24,13.78
0,55.19,Used,M,24,6.5
0,15.99,Used,M,24,6.5
0,119.0,Used,M,24,6.5
0,238.0,Used,M,24,6.5
0,237.0,Used,M,24,6.5
0,158.0,Used,M,24,6.5
0,149.0,Used,M,24,6.5
0,298.0,Used,M,24,6.5
0,65.57,Unused,M,24,6.5
0,33.59,Unused,M,24,6.5
0,33.59,Unused,M,24,6.5
0,33.59,Unused,M,24,6.5
0,41.99,Unused,M,24,6.5
0,33.59,Unused,M,24,6.5
0,33.59,Unused,M,24,6.5
0,33.59,Unused,M,24,6.5
0,33.59,Unused,M,24,6.5
0,33.59,Unused,M,24,6.5
0,79.99,Unused,M,24,6.5
0,21.57,Unused,M,24,13.78
0,48.77,Unused,M,24,6.5
0,119.0,Unused,M,24,6.5
0,238.0,Unused,M,24,6.5
0,238.0,Unused,M,24,6.5
0,238.0,Unused,M,24,6.5
0,119.0,Unused,M,24,6.5
0,16.99,Unused,M,24,6.5
0,298.0,Unused,M,24,6.5
0,149.0,Unused,M,24,6.5
0,149.0,Unused,M,24,6.5
0,33.59,Unused,M,24,6.5
0,15.19,Unused,M,24,6.5
0,20.78,Unused,M,24,13.78
0,119.0,Unused,M,24,6.5
0,59.99,Unused,M,24,6.5
0,33.98,Unused,M,24,6.5
0,15.99,Unused,M,24,6.5
0,16.99,Unused,M,24,6.5
0,23.14,Used,M,24,6.5
0,3.5,Used,M,24,6.5
0,1.5,Used,M,24,6.5
0,30.37,Used,M,24,6.5
0,7.99,Used,M,24,6.5
0,119.0,Used,M,24,6.5
0,119.0,Used,M,24,6.5
0,476.0,Used,M,24,6.5
0,18.99,Used,M,24,6.5
0,79.0,Used,M,24,6.5
0,298.0,Used,M,24,6.5
0,149.0,Used,M,24,6.5
0,149.0,Used,M,24,6.5
0,149.0,Used,M,24,6.5
0,149.0,Used,M,24,6.5
0,74.96,Unused,M,24,6.5
0,28.78,Unused,M,24,6.5
0,8.79,Unused,M,24,6.5
0,21.58,Unused,M,24,6.5
0,3.98,Unused,M,24,6.5
0,1.99,Unused,M,24,6.5
0,12.99,Unused,M,24,6.5
0,44.96,Unused,M,24,6.5
0,79.19,Unused,M,24,6.5
0,238.0,Unused,M,24,6.5
0,238.0,Unused,M,24,6.5
0,238.0,Unused,M,24,6.5
0,119.0,Unused,M,24,6.5
0,238.0,Unused,M,24,6.5
0,238.0,Unused,M,24,6.5
0,119.0,Unused,M,24,6.5
0,18.99,Unused,M,24,6.5
0,395.0,Unused,M,24,6.5
0,237.0,Unused,M,24,6.5
0,21.99,Unused,M,24,6.5
0,10.99,Unused,M,24,6.5
0,2.39,Unused,M,24,6.5
0,14.38,Unused,M,24,6.5
0,44.79,Unused,M,24,6.5
0,6.39,Unused,M,24,6.5
0,2.99,Unused,M,24,6.5
0,119.0,Unused,M,24,6.5
0,316.0,Unused,M,24,6.5
1,119.0,Used,F,25,6.5
0,119.0,Used,F,25,6.5
0,119.0,Used,F,25,6.5
0,238.0,Unused,F,25,6.5
0,79.0,Unused,F,25,6.5
0,119.0,Unused,F,25,6.5
0,52.7,Used,F,25,24.37
0,58.96,Used,F,25,16.85
0,2.8,Used,F,25,6.5
0,99.99,Used,F,25,6.5
0,20.37,Used,F,25,6.5
0,5.5,Used,F,25,6.5
0,75.17,Used,F,25,6.5
0,238.0,Used,F,25,6.5
0,119.0,Used,F,25,6.5
0,238.0,Used,F,25,22.29
0,19.99,Used,F,25,6.5
0,595.0,Used,F,25,6.5
0,16.99,Used,F,25,6.5
0,83.99,Used,F,25,15.75
0,19.99,Used,F,25,6.5
0,13.59,Used,F,25,6.5
0,35.18,Used,F,25,6.5
0,17.97,Unused,F,25,6.5
0,10.99,Unused,F,25,6.5
0,9.99,Unused,F,25,6.5
0,10.99,Unused,F,25,6.5
0,63.06,Unused,F,25,24.37
0,31.47,Unused,F,25,16.85
0,47.18,Unused,F,25,6.5
0,119.0,Unused,F,25,6.5
0,119.0,Unused,F,25,6.5
0,119.0,Unused,F,25,6.5
0,238.0,Unused,F,25,6.5
0,268.0,Unused,F,25,22.29
0,18.99,Unused,F,25,6.5
0,13.59,Unused,F,25,6.5
0,33.98,Unused,F,25,6.5
0,67.19,Unused,F,25,6.5
0,149.0,Unused,F,25,6.5
0,86.27,Unused,F,25,24.37
0,10.99,Unused,F,25,6.5
0,15.19,Unused,F,25,6.5
0,119.0,Unused,F,25,6.5
0,13.59,Unused,F,25,6.5
0,158.0,Unused,F,25,6.5
0,13.59,Unused,F,25,6.5
0,16.99,Unused,F,25,6.5
0,16.99,Unused,F,25,6.5
1,7.18,Used,F,25,6.0
0,10.49,Used,F,25,6.0
0,16.69,Unused,F,25,6.0
0,123.56,Unused,F,25,6.0
0,50.19,Unused,F,25,6.0
0,298.0,Unused,F,25,6.0
0,79.0,Unused,F,25,6.0
0,2.99,Unused,F,25,6.0
0,99.0,Unused,F,25,6.0
0,113.28,Unused,F,25,6.0
0,349.0,Unused,F,25,19.99
0,298.0,Unused,F,25,6.0
1,12.36,Used,M,33,6.5
0,36.08,Used,M,33,6.5
0,615.07,Used,M,33,6.5
0,110.55,Used,M,33,6.5
0,70.95,Used,M,33,6.5
0,401.51,Used,M,33,213.13
0,34.64,Used,M,33,6.5
0,2.05,Used,M,33,6.5
0,144.3,Used,M,33,35.96
0,245.54,Used,M,33,6.5
0,17.53,Used,M,33,6.5
0,100.64,Used,M,33,6.5
0,244.5,Used,M,33,6.5
0,429.16,Used,M,33,8.7
0,163.0,Used,M,33,6.5
0,18.15,Used,M,33,6.5
0,153.71,Used,M,33,6.5
0,110.21,Unused,M,33,6.5
0,221.5,Unused,M,33,6.5
0,164.82,Unused,M,33,213.13
0,2.89,Unused,M,33,6.5
0,34.99,Unused,M,33,6.5
0,165.04,Unused,M,33,64.01
0,9.06,Unused,M,33,6.5
0,135.14,Unused,M,33,6.5
0,19.59,Unused,M,33,6.5
0,17.53,Unused,M,33,6.5
0,164.84,Unused,M,33,35.96
0,122.77,Unused,M,33,6.5
0,122.77,Unused,M,33,6.5
0,122.77,Unused,M,33,6.5
0,122.77,Unused,M,33,6.5
0,89.08,Unused,M,33,6.5
0,235.21,Unused,M,33,6.5
0,61.89,Unused,M,33,6.5
0,16.5,Unused,M,33,6.5
0,153.71,Unused,M,33,6.5
0,307.42,Unused,M,33,6.5
0,153.71,Unused,M,33,6.5
0,153.71,Unused,M,33,6.5
0,153.71,Unused,M,33,6.5
0,307.42,Unused,M,33,6.5
0,255.42,Unused,M,33,213.13
0,11.29,Unused,M,33,6.5
0,6.16,Unused,M,33,6.5
0,409.94,Unused,M,33,6.5
0,245.54,Unused,M,33,6.5
0,15.67,Unused,M,33,6.5
0,614.84,Unused,M,33,6.5
1,24.45,Used,M,43,6.0
0,20.38,Unused,M,43,6.0
0,100.91,Unused,M,43,6.5
0,122.31,Unused,M,43,6.5
0,80.52,Unused,M,43,6.5
0,151.88,Unused,M,43,6.5
0,100.91,Unused,M,43,6.5
1,44.0,Used,M,48,6.0
0,16.79,Unused,M,48,6.0
1,122.77,Used,F,26,6.5
0,17.53,Unused,F,26,6.5
1,149.0,Unused,F,5,6.0
1,7.6,Unused,F,5,12.99
1,10.99,Used,F,37,6.5
0,79.96,Used,F,37,6.5
0,298.0,Used,F,37,6.5
0,29.58,Unused,F,37,6.5
0,71.98,Unused,F,37,6.5
0,83.65,Unused,F,37,28.51
0,16.99,Unused,F,37,6.5
0,312.0,Unused,F,37,8.7
1,1.2,Used,F,37,6.5
0,10.63,Used,F,37,6.0
0,119.0,Used,F,37,12.99
0,119.0,Used,F,37,6.0
0,238.0,Used,F,37,19.99
0,9.99,Used,F,37,6.0
0,10.77,Unused,F,37,6.5
0,168.19,Unused,F,37,6.0
0,13.59,Unused,F,37,6.0
0,238.0,Unused,F,37,6.0
0,149.0,Unused,F,37,6.0
0,199.0,Unused,F,37,8.7
0,10.63,Unused,F,37,6.0
0,3.36,Unused,F,37,6.5
0,13.59,Unused,F,37,6.0
0,16.99,Unused,F,37,6.0
1,65.98,Used,F,49,6.5
0,18.99,Unused,F,49,6.5
0,1.99,Unused,F,49,6.5
0,120.59,Unused,F,49,6.5
0,119.0,Unused,F,49,6.5
0,149.0,Unused,F,49,6.5
0,5.99,Unused,F,49,6.5
1,86.62,Used,F,7,6.5
0,153.71,Used,F,7,8.7
0,122.77,Used,F,7,6.5
0,15.67,Used,F,7,6.5
0,14.02,Used,F,7,6.5
0,153.71,Used,F,7,6.5
0,11.34,Unused,F,7,6.5
0,19.58,Unused,F,7,6.5
0,38.76,Unused,F,7,6.5
0,94.88,Unused,F,7,6.5
0,114.48,Unused,F,7,6.5
0,122.77,Unused,F,7,6.5
0,52.59,Unused,F,7,6.5
0,31.34,Unused,F,7,6.5
0,153.71,Unused,F,7,6.5
0,11.34,Unused,F,7,6.5
0,122.77,Unused,F,7,6.5
0,61.89,Unused,F,7,6.5
0,153.71,Unused,F,7,6.5
0,153.71,Unused,F,7,6.5
0,122.77,Used,F,7,6.5
0,20.62,Unused,F,7,6.5
1,476.0,Used,F,7,6.5
0,19.99,Unused,F,7,16.85
0,50.0,Used,F,7,0.0
1,9.49,Unused,F,7,6.0
0,132.59,Unused,F,7,6.0
1,318.0,Unused,F,7,6.0
0,119.0,Unused,F,7,6.0
0,24.99,Unused,F,7,6.0
1,18.75,Used,F,7,6.0
0,199.0,Unused,F,7,6.0
0,199.0,Unused,F,7,6.0
0,40.49,Unused,F,7,6.0
0,99.0,Unused,F,7,6.0
0,349.0,Unused,F,7,6.0
0,79.0,Unused,F,7,6.0
0,149.0,Unused,F,7,6.0
0,79.0,Unused,F,7,6.0
0,198.0,Unused,F,7,6.0
0,298.0,Unused,F,7,6.0
1,19.56,Used,F,7,6.5
0,80.52,Used,F,7,6.5
0,151.88,Used,F,7,19.99
0,303.76,Used,F,7,6.5
0,303.76,Used,F,7,6.5
0,151.88,Used,F,7,6.5
0,201.82,Unused,F,7,12.99
0,2.44,Unused,F,7,6.5
0,303.76,Unused,F,7,6.5
0,303.76,Unused,F,7,6.5
0,151.88,Unused,F,7,6.5
0,151.88,Unused,F,7,12.99
1,35.0,Used,M,36,6.0
1,254.58,Used,F,29,6.0
0,3.5,Used,F,29,6.0
0,15.99,Used,F,29,6.5
0,29.11,Used,F,29,6.0
0,4.56,Used,F,29,6.0
0,4.56,Used,F,29,6.0
0,119.0,Used,F,29,6.0
0,15.99,Used,F,29,6.0
0,11.18,Unused,F,29,6.5
0,17.98,Unused,F,29,6.0
0,43.92,Unused,F,29,6.0
0,4.08,Unused,F,29,6.0
0,15.99,Unused,F,29,6.0
0,395.0,Unused,F,29,6.0
0,13.99,Unused,F,29,6.0
0,3.99,Unused,F,29,6.5
0,4.8,Unused,F,29,6.0
0,238.0,Unused,F,29,6.0
1,59.83,Used,F,26,6.5
1,630.59,Used,M,9,74.74
0,245.54,Used,M,9,6.5
0,153.71,Used,M,9,6.5
0,285.19,Unused,M,9,35.96
0,17.29,Unused,M,9,12.76
0,29.64,Unused,M,9,12.76
0,122.77,Unused,M,9,6.5
0,153.71,Unused,M,9,8.7
0,245.54,Unused,M,9,6.5
0,122.77,Unused,M,9,6.5
0,407.5,Unused,M,9,6.5
0,14.82,Unused,M,9,12.76
0,9.88,Unused,M,9,12.76
0,153.71,Unused,M,9,8.7
1,2.5,Used,F,15,6.0
0,30.88,Used,F,15,6.0
0,237.0,Used,F,15,6.0
0,316.0,Used,F,15,6.0
0,19.99,Used,F,15,6.0
0,3.19,Unused,F,15,6.5
0,26.07,Unused,F,15,6.0
0,6.0,Unused,F,15,6.0
0,38.28,Unused,F,15,6.0
0,42.21,Unused,F,15,6.0
1,19.77,Used,M,19,6.5
0,402.6,Unused,M,19,6.5
0,161.04,Unused,M,19,6.5
0,151.88,Unused,M,19,6.5
1,515.99,Used,F,11,12.99
0,41.97,Used,F,11,6.0
0,7.96,Used,F,11,6.0
0,15.19,Used,F,11,6.0
0,6.99,Used,F,11,6.0
0,536.0,Used,F,11,6.0
0,119.0,Used,F,11,6.0
0,238.0,Used,F,11,6.0
0,10.63,Used,F,11,6.0
0,158.0,Used,F,11,12.99
0,69.3,Unused,F,11,19.99
0,67.18,Unused,F,11,6.0
0,33.92,Unused,F,11,6.0
0,112.04,Unused,F,11,6.0
0,22.99,Unused,F,11,6.0
0,49.26,Unused,F,11,6.0
0,233.76,Unused,F,11,12.99
0,119.0,Unused,F,11,6.0
0,13.29,Unused,F,11,6.0
0,149.0,Unused,F,11,6.0
0,13.59,Unused,F,11,6.0
0,16.99,Unused,F,11,6.0
0,7.99,Unused,F,11,6.0
0,119.0,Unused,F,11,6.0
0,711.0,Unused,F,11,6.0
0,67.96,Unused,F,11,12.99
1,36.75,Used,M,35,6.0
0,16.8,Used,M,35,6.0
0,159.98,Unused,M,35,12.99
0,4.78,Unused,M,35,6.0
0,387.0,Unused,M,35,6.0
0,12.78,Unused,M,35,6.0
0,30.0,Unused,M,35,6.0
1,16.3,Used,M,25,6.5
0,42.39,Used,M,25,6.5
0,151.88,Used,M,25,8.7
0,121.3,Used,M,25,6.5
0,23.64,Used,M,25,6.5
0,151.88,Used,M,25,6.5
0,8.96,Unused,M,25,6.5
0,26.88,Unused,M,25,6.5
0,35.86,Unused,M,25,6.5
0,16.3,Unused,M,25,6.5
0,273.18,Unused,M,25,12.99
0,151.88,Unused,M,25,6.5
0,35.86,Unused,M,25,6.5
0,151.88,Unused,M,25,8.7
0,151.88,Unused,M,25,6.5
1,31.99,Used,F,33,12.99
0,11.75,Unused,F,33,12.99
1,55.3,Used,F,44,13.35
0,15.19,Used,F,44,18.36
0,33.54,Unused,F,44,13.35
1,149.0,Used,F,44,6.0
0,238.0,Unused,F,44,19.99
0,119.0,Unused,F,44,6.0
0,149.0,Unused,F,44,12.99
0,1.99,Used,F,44,6.0
0,14.28,Unused,F,44,6.0
0,3.0,Unused,F,44,6.0
0,1.59,Used,F,44,6.0
1,215.82,Used,F,44,19.99
0,24.99,Used,F,44,6.0
0,149.0,Used,F,44,19.99
0,12.99,Unused,F,44,6.0
0,36.0,Unused,F,44,19.99
0,2.99,Unused,F,44,6.0
0,238.0,Unused,F,44,6.0
0,149.0,Unused,F,44,6.0
1,99.0,Unused,F,44,6.0
0,1.99,Used,F,44,6.0
0,119.0,Used,F,44,6.0
0,3.5,Unused,F,44,6.0
0,248.0,Unused,F,44,6.0
0,99.0,Unused,F,44,6.0
0,119.0,Unused,F,44,6.0
0,149.0,Unused,F,44,6.0
1,151.88,Used,F,44,12.99
0,151.88,Used,F,44,6.5
0,2.44,Unused,F,44,6.5
0,151.88,Unused,F,44,6.5
1,17.93,Used,M,36,6.5
0,121.3,Used,M,36,6.5
0,355.74,Used,M,36,6.5
0,151.88,Used,M,36,6.5
0,202.84,Used,M,36,8.7
0,124.55,Unused,M,36,6.5
0,35.86,Unused,M,36,6.5
0,17.93,Unused,M,36,12.91
0,100.91,Unused,M,36,6.5
0,121.3,Unused,M,36,6.5
0,161.04,Unused,M,36,6.5
1,59.18,Used,F,10,6.5
0,31.18,Unused,F,10,6.5
0,67.19,Unused,F,10,6.5
0,59.99,Unused,F,10,6.5
0,79.19,Unused,F,10,6.5
0,13.29,Used,F,10,6.0
1,6.66,Used,F,10,12.99
0,13.18,Unused,F,10,12.99
0,4.78,Unused,F,10,12.99
0,59.99,Used,F,10,6.0
0,35.16,Unused,F,10,19.02
0,12.31,Unused,F,10,6.0
1,18.3,Used,F,10,6.0
0,12.21,Unused,F,10,6.0
0,8.96,Unused,F,10,6.5
0,5.1,Unused,F,10,6.0
0,355.74,Unused,F,10,6.5
1,133.81,Used,M,28,6.0
0,19.11,Used,M,28,6.0
0,2.99,Used,M,28,6.0
0,4.56,Used,M,28,6.0
0,12.79,Unused,M,28,6.0
0,10.5,Unused,M,28,6.0
0,16.8,Unused,M,28,6.0
0,44.0,Unused,M,28,6.0
0,6.38,Unused,M,28,6.0
0,119.0,Unused,M,28,6.0
0,7.6,Unused,M,28,6.0
1,119.0,Used,F,26,12.99
0,158.0,Used,F,26,6.0
0,199.0,Unused,F,26,6.0
0,298.0,Unused,F,26,6.0
0,149.0,Unused,F,26,6.0
1,3.18,Used,M,42,6.0
0,6.19,Used,M,42,6.0
0,349.0,Used,M,42,6.0
0,12.78,Unused,M,42,6.0
0,318.0,Unused,M,42,6.0
0,8.98,Unused,M,42,6.0
0,21.24,Unused,M,42,6.0
0,349.0,Unused,M,42,6.0
1,23.99,Used,F,14,6.0
0,119.0,Unused,F,14,6.0
0,119.0,Unused,F,14,6.0
0,595.0,Unused,F,14,6.0
0,19.19,Unused,F,14,6.0
0,32.28,Used,F,14,6.0
0,45.67,Unused,F,14,6.0
0,15.39,Unused,F,14,6.0
1,26.38,Used,F,14,6.0
0,199.0,Used,F,14,6.0
0,99.99,Used,F,14,6.0
0,56.66,Used,F,14,6.0
0,14.4,Unused,F,14,6.0
1,268.0,Used,M,3,6.0
0,119.0,Unused,M,3,6.0
0,16.99,Unused,M,3,6.0
0,149.0,Unused,M,3,6.0
0,119.0,Unused,M,3,6.0
0,79.0,Unused,M,3,6.0
1,344.97,Unused,M,3,26.84
0,190.38,Unused,M,3,26.84
1,276.48,Unused,M,17,6.5
0,245.54,Unused,M,17,6.5
0,122.77,Unused,M,17,6.5
0,153.71,Unused,M,17,6.5
0,153.71,Unused,M,17,6.5
1,19.99,Used,M,17,6.5
0,19.19,Used,M,17,6.5
0,39.98,Unused,M,17,6.5
0,19.99,Unused,M,17,6.5
1,298.0,Unused,M,17,12.99
1,606.5,Used,M,17,6.5
0,17.93,Unused,M,17,6.5
0,202.84,Unused,M,17,6.5
0,99.9,Unused,M,17,12.99
0,100.91,Unused,M,17,6.5
0,121.3,Unused,M,17,6.5
0,241.56,Unused,M,17,6.5
1,33.59,Used,M,35,6.0
0,6.15,Used,M,35,6.0
0,47.96,Used,M,35,19.02
0,44.79,Used,M,35,6.0
0,39.19,Used,M,35,6.0
0,10.99,Used,M,35,6.0
0,4.56,Used,M,35,6.0
0,119.0,Used,M,35,6.0
0,357.0,Used,M,35,20.22
0,238.0,Used,M,35,6.0
0,298.0,Used,M,35,6.0
0,8.79,Unused,M,35,6.0
0,199.0,Unused,M,35,6.0
0,153.0,Unused,M,35,6.0
0,161.31,Unused,M,35,6.0
0,16.99,Unused,M,35,6.0
0,43.18,Unused,M,35,19.02
0,15.0,Unused,M,35,6.0
0,280.0,Unused,M,35,12.48
0,9.49,Unused,M,35,6.0
0,9.12,Unused,M,35,6.0
0,119.0,Unused,M,35,6.0
0,277.0,Unused,M,35,6.0
0,119.0,Unused,M,35,6.0
0,18.88,Unused,M,35,6.0
0,157.8,Unused,M,35,6.0
0,79.0,Unused,M,35,6.0
0,158.0,Unused,M,35,6.0
0,13.59,Unused,M,35,6.0
0,5.6,Unused,M,35,19.02
0,1.99,Unused,M,35,6.0
0,44.39,Unused,M,35,6.0
0,4.56,Unused,M,35,6.0
0,15.19,Unused,M,35,6.0
0,16.99,Unused,M,35,6.0
0,149.0,Unused,M,35,6.0
1,8.77,Used,M,35,6.0
0,198.0,Used,M,35,6.0
0,119.0,Used,M,35,6.0
0,79.0,Used,M,35,6.0
0,1.2,Unused,M,35,6.0
0,198.0,Unused,M,35,12.99
0,476.0,Unused,M,35,6.0
0,356.0,Unused,M,35,6.0
0,349.0,Unused,M,35,6.0
0,307.0,Unused,M,35,6.0
0,395.0,Unused,M,35,6.0
0,99.0,Unused,M,35,6.0
0,10.99,Used,M,35,6.0
0,99.0,Used,M,35,6.0
0,79.0,Used,M,35,6.0
0,33.98,Used,M,35,6.0
0,149.0,Used,M,35,19.99
0,24.99,Unused,M,35,6.0
0,79.0,Unused,M,35,6.0
0,16.99,Unused,M,35,6.0
0,94.99,Unused,M,35,6.0
0,238.0,Unused,M,35,6.0
0,395.0,Unused,M,35,6.0
1,7.5,Used,M,35,6.0
0,3.4,Used,M,35,6.0
0,29.0,Used,M,35,6.0
0,32.75,Unused,M,35,6.0
0,2.99,Unused,M,35,6.0
0,4.75,Unused,M,35,6.0
0,10.99,Unused,M,35,6.0
0,199.0,Unused,M,35,6.0
1,202.84,Used,M,35,6.5
0,606.49,Used,M,35,12.99
0,22.41,Used,M,35,6.0
0,42.39,Used,M,35,6.5
0,121.3,Used,M,35,6.5
0,17.35,Used,M,35,6.5
0,355.74,Used,M,35,6.5
0,1057.87,Unused,M,35,53.78
0,100.91,Unused,M,35,6.5
0,100.91,Unused,M,35,6.5
0,400.57,Unused,M,35,6.5
0,16.3,Unused,M,35,6.5
0,5.7,Unused,M,35,6.5
0,242.6,Unused,M,35,6.5
0,242.6,Unused,M,35,6.5
0,355.74,Unused,M,35,6.5
0,151.88,Unused,M,35,6.5
0,80.52,Unused,M,35,6.5
0,151.88,Unused,M,35,6.5
0,151.88,Unused,M,35,6.5
0,179.3,Unused,M,35,53.78
0,202.84,Unused,M,35,6.5
0,100.91,Unused,M,35,6.5
0,42.39,Unused,M,35,6.5
0,151.88,Unused,M,35,6.5
0,151.88,Unused,M,35,6.5
0,607.52,Unused,M,35,19.99
1,3.19,Used,F,22,6.5
0,155.7,Used,F,22,18.47
0,3.98,Used,F,22,6.5
0,1.99,Used,F,22,6.5
0,19.99,Used,F,22,12.76
0,149.0,Used,F,22,6.5
0,9.19,Unused,F,22,12.76
0,2.99,Unused,F,22,6.5
0,395.0,Unused,F,22,6.5
0,298.0,Unused,F,22,6.5
0,745.0,Unused,F,22,86.74
0,119.0,Unused,F,22,6.5
0,79.0,Unused,F,22,6.5
1,22.36,Unused,F,22,12.91
0,127.8,Unused,F,22,58.93
1,3.99,Used,F,22,6.0
0,3.98,Used,F,22,6.0
0,348.0,Used,F,22,6.0
0,1.59,Used,F,22,6.0
0,12.99,Used,F,22,20.0
0,24.99,Used,F,22,6.0
0,172.6,Used,F,22,6.0
0,7.6,Used,F,22,6.0
0,119.0,Used,F,22,6.0
0,44.0,Used,F,22,6.0
0,238.0,Used,F,22,12.99
0,119.0,Used,F,22,6.0
0,595.0,Used,F,22,6.0
0,119.0,Used,F,22,6.0
0,44.0,Used,F,22,6.0
0,149.0,Used,F,22,6.0
0,13.59,Used,F,22,6.0
0,149.0,Used,F,22,6.0
0,149.0,Used,F,22,6.0
0,22.53,Unused,F,22,6.0
0,155.38,Unused,F,22,6.0
0,10.63,Unused,F,22,6.0
0,52.76,Unused,F,22,6.0
0,17.4,Unused,F,22,6.0
0,6.98,Unused,F,22,6.0
0,78.64,Unused,F,22,6.0
0,73.9,Unused,F,22,6.0
0,4.98,Unused,F,22,6.0
0,12.0,Unused,F,22,6.0
0,5.7,Unused,F,22,20.0
0,119.0,Unused,F,22,6.0
0,298.0,Unused,F,22,6.0
0,149.0,Unused,F,22,6.0
0,298.0,Unused,F,22,6.0
0,1.98,Unused,F,22,6.0
0,5.7,Unused,F,22,6.0
0,9.12,Unused,F,22,6.0
0,595.0,Unused,F,22,12.99
0,149.0,Unused,F,22,6.0
0,149.0,Unused,F,22,6.0
1,13.99,Used,F,20,6.0
0,34.28,Used,F,20,6.0
0,237.0,Used,F,20,6.0
0,5.99,Unused,F,20,6.0
0,111.8,Unused,F,20,13.38
0,13.29,Unused,F,20,6.0
1,11.19,Used,F,20,6.5
0,119.0,Used,F,20,6.0
0,158.0,Used,F,20,6.0
0,298.0,Used,F,20,6.0
0,19.99,Unused,F,20,6.5
1,199.0,Used,F,3,6.0
0,15.5,Used,F,3,6.0
0,6.0,Unused,F,3,6.0
0,49.0,Unused,F,3,6.0
0,24.0,Unused,F,3,6.0
0,31.0,Unused,F,3,6.0
0,10.6,Unused,F,3,6.0
0,4.25,Unused,F,3,6.0
1,199.0,Used,M,4,6.0
0,19.75,Used,M,4,6.0
0,357.0,Used,M,4,6.0
0,119.0,Used,M,4,6.0
0,53.76,Used,M,4,6.0
0,199.0,Unused,M,4,6.0
0,199.0,Unused,M,4,6.0
0,12.73,Unused,M,4,6.0
0,27.98,Unused,M,4,6.0
0,119.0,Unused,M,4,6.0
0,149.0,Unused,M,4,6.0
0,149.0,Unused,M,4,6.0
0,26.0,Unused,M,4,6.0
0,11.12,Unused,M,4,6.0
0,9.49,Unused,M,4,6.0
0,119.0,Unused,M,4,6.0
1,198.0,Used,M,18,6.0
0,149.0,Used,M,18,6.0
0,79.0,Used,M,18,6.0
0,149.0,Used,M,18,6.0
0,23.94,Unused,M,18,6.0
0,149.0,Unused,M,18,8.7
0,248.0,Unused,M,18,6.0
0,2.39,Unused,M,18,6.0
0,13.59,Unused,M,18,6.0
0,507.0,Unused,M,18,6.0
0,79.0,Unused,M,18,6.0
0,745.0,Unused,M,18,6.0
0,5.19,Unused,M,18,6.0
0,5.6,Unused,M,18,6.0
1,17.53,Used,F,41,117.7
0,35.06,Unused,F,41,117.7
0,30.93,Unused,F,41,117.7
1,271.62,Used,F,41,6.5
0,14.99,Used,F,41,6.5
0,222.63,Unused,F,41,6.5
0,43.14,Unused,F,41,6.5
0,4.99,Unused,F,41,6.5
0,119.0,Unused,F,41,6.5
0,3.99,Unused,F,41,6.5
0,39.98,Unused,F,41,6.5
1,17.93,Used,F,41,6.5
0,17.93,Used,F,41,6.5
0,16.3,Used,F,41,6.5
0,12.2,Used,F,41,6.5
0,28.05,Used,F,41,30.0
0,121.3,Used,F,41,19.99
0,151.88,Used,F,41,6.5
0,4.05,Unused,F,41,6.5
0,72.14,Unused,F,41,6.5
0,16.3,Unused,F,41,6.5
0,12.75,Unused,F,41,30.0
0,100.91,Unused,F,41,6.5
0,100.91,Unused,F,41,6.5
0,16.3,Unused,F,41,18.36
0,151.88,Unused,F,41,6.5
0,202.84,Unused,F,41,12.99
0,19.56,Unused,F,41,6.5
1,119.0,Used,F,48,6.0
0,119.0,Used,F,48,12.99
0,39.19,Used,F,48,6.0
0,149.0,Used,F,48,6.0
0,119.0,Unused,F,48,6.0
0,158.19,Unused,F,48,6.0
0,268.0,Unused,F,48,6.0
0,119.0,Unused,F,48,6.0
0,149.0,Unused,F,48,6.0
0,158.0,Unused,F,48,6.0
0,79.0,Unused,F,48,6.0
0,79.0,Unused,F,48,6.0
0,81.54,Unused,F,48,6.0
0,12.31,Unused,F,48,6.0
0,12.31,Unused,F,48,6.0
0,27.19,Unused,F,48,6.0
1,238.0,Used,F,48,6.0
0,13.99,Used,F,48,6.0
0,19.99,Used,F,48,6.0
0,69.56,Unused,F,48,6.0
1,298.0,Unused,F,48,6.0
0,15.99,Unused,F,48,6.0
1,4.56,Used,M,12,6.0
0,7.6,Used,M,12,6.0
0,67.19,Used,M,12,6.0
0,28.0,Used,M,12,6.0
0,8.8,Used,M,12,6.0
0,149.0,Used,M,12,6.0
0,199.0,Unused,M,12,6.0
0,5.58,Unused,M,12,6.0
0,2.39,Unused,M,12,6.0
0,157.88,Unused,M,12,6.0
0,17.04,Unused,M,12,6.0
0,119.0,Unused,M,12,6.0
0,15.99,Unused,M,12,6.0
0,149.0,Unused,M,12,6.0
0,3.99,Unused,M,12,6.0
0,5.7,Unused,M,12,20.0
0,238.0,Unused,M,12,6.0
0,10.63,Used,M,12,6.0
0,132.68,Unused,M,12,6.0
0,14.95,Unused,M,12,6.0
0,119.0,Unused,M,12,6.0
0,357.0,Unused,M,12,6.0
0,8.79,Unused,M,12,6.0
1,238.0,Used,M,12,6.0
0,298.0,Unused,M,12,6.0
0,119.0,Unused,M,12,6.0
0,199.0,Used,M,12,6.0
0,99.0,Used,M,12,6.0
0,11.98,Used,M,12,6.0
0,119.0,Used,M,12,12.99
0,18.75,Used,M,12,6.0
0,149.0,Used,M,12,6.0
0,7.0,Unused,M,12,6.0
0,198.0,Unused,M,12,6.0
0,21.49,Unused,M,12,6.0
0,149.0,Unused,M,12,6.0
0,41.59,Used,M,12,6.0
1,259.75,Used,F,2,22.13
0,149.0,Used,F,2,8.7
0,22.2,Unused,F,2,13.38
0,103.9,Unused,F,2,13.38
0,79.0,Unused,F,2,6.0
1,27.98,Used,F,35,6.0
0,395.0,Used,F,35,19.99
0,19.9,Unused,F,35,6.0
0,24.99,Unused,F,35,19.99
1,53.79,Unused,F,35,12.99
0,151.88,Unused,F,35,6.5
1,3.5,Unused,F,11,6.0
0,63.8,Unused,F,11,18.36
0,10.96,Used,F,11,6.0
0,19.99,Used,F,11,6.0
0,12.31,Used,F,11,6.0
0,11.97,Unused,F,11,6.0
0,3.99,Unused,F,11,6.0
0,159.63,Unused,F,11,6.0
0,119.0,Unused,F,11,6.0
0,238.0,Unused,F,11,12.99
0,238.0,Unused,F,11,6.0
0,158.0,Unused,F,11,6.0
0,79.0,Unused,F,11,6.0
0,15.19,Unused,F,11,6.0
0,39.99,Unused,F,11,6.0
0,268.0,Unused,F,11,12.99
0,119.0,Unused,F,11,6.0
0,119.0,Used,F,11,6.0
0,19.99,Used,F,11,6.0
0,119.0,Unused,F,11,6.0
0,19.99,Unused,F,11,6.0
0,149.0,Unused,F,11,6.0
1,199.0,Used,F,11,6.0
0,12.79,Used,F,11,6.0
0,119.0,Used,F,11,6.0
0,119.0,Used,F,11,6.0
0,24.75,Used,F,11,6.0
0,3.99,Unused,F,11,6.0
0,238.0,Unused,F,11,6.0
0,7.2,Unused,F,11,6.0
0,149.0,Unused,F,11,6.0
0,79.0,Unused,F,11,6.0
0,70.68,Unused,F,11,6.5
0,99.0,Unused,F,11,6.0
0,349.0,Unused,F,11,6.0
0,99.99,Used,F,11,6.0
0,149.0,Used,F,11,6.0
0,149.0,Unused,F,11,6.0
0,237.0,Unused,F,11,6.0
0,149.0,Unused,F,11,6.0
0,158.0,Unused,F,11,6.0
1,44.79,Used,F,45,6.0
0,595.0,Used,F,45,6.0
0,4.99,Unused,F,45,6.0
0,199.0,Unused,F,45,6.0
0,228.0,Unused,F,45,6.0
0,13.59,Unused,F,45,6.0
0,149.0,Unused,F,45,6.0
0,107.64,Used,F,45,6.0
0,149.0,Used,F,45,6.0
0,79.99,Unused,F,45,50.0
0,298.0,Unused,F,45,6.0
0,19.99,Unused,F,45,6.0
1,131.7,Used,F,25,6.5
0,19.5,Used,F,25,12.48
0,119.0,Used,F,25,6.0
0,498.0,Used,F,25,6.0
0,23.7,Unused,F,25,6.5
0,116.75,Unused,F,25,12.48
0,99.0,Unused,F,25,6.0
0,476.0,Unused,F,25,6.0
0,119.0,Unused,F,25,6.0
0,476.0,Unused,F,25,6.0
0,149.0,Unused,F,25,6.0
0,158.0,Unused,F,25,6.0
0,8.4,Unused,F,25,12.48
0,119.0,Unused,F,25,6.0
1,151.88,Used,F,25,6.5
0,121.3,Unused,F,25,6.5
1,19.19,Used,F,25,6.5
0,119.0,Used,F,25,6.5
0,10.99,Unused,F,25,6.5
0,3.5,Unused,F,25,6.5
0,119.0,Unused,F,25,6.5
0,119.0,Unused,F,25,6.5
0,43.17,Unused,F,25,6.5
0,6.99,Unused,F,25,6.5
0,119.0,Unused,F,25,6.5
0,41.99,Unused,F,25,6.5
0,119.0,Unused,F,25,6.5
0,158.0,Unused,F,25,6.5
1,79.0,Used,F,25,22.71
0,16.4,Used,F,25,6.0
0,32.4,Used,F,25,6.0
0,119.0,Used,F,25,6.0
0,119.0,Used,F,25,12.99
0,44.0,Unused,F,25,6.0
0,51.6,Unused,F,25,6.0
0,357.0,Unused,F,25,6.0
0,119.0,Unused,F,25,6.0
0,238.0,Unused,F,25,6.0
0,4.56,Unused,F,25,6.0
0,13.29,Unused,F,25,12.99
0,79.0,Unused,F,25,6.0
0,298.0,Unused,F,25,6.0
0,119.9,Unused,F,25,6.0
0,238.0,Unused,F,25,6.0
1,1274.25,Used,M,29,6.0
1,30.39,Used,M,29,12.99
0,149.0,Used,M,29,8.7
0,10.63,Unused,M,29,12.99
0,238.0,Unused,M,29,6.0
0,61.59,Unused,M,29,6.0
0,10.63,Unused,M,29,12.99
1,15.99,Unused,F,40,6.0
0,237.0,Unused,F,40,12.99
1,85.5,Used,F,40,6.5
0,22.41,Used,F,40,6.0
0,17.93,Used,F,40,6.5
0,7.12,Used,F,40,6.0
0,355.74,Used,F,40,6.5
0,202.84,Unused,F,40,6.5
0,89.65,Unused,F,40,6.5
0,44.82,Unused,F,40,6.0
0,22.41,Unused,F,40,6.0
0,15.9,Unused,F,40,6.5
0,3.05,Unused,F,40,20.0
0,2.02,Unused,F,40,20.0
0,71.72,Unused,F,40,6.5
0,8.66,Unused,F,40,6.0
1,10.99,Used,M,39,6.0
0,3.5,Used,M,39,6.0
0,218.4,Used,M,39,6.0
0,11.59,Used,M,39,19.99
0,105.54,Used,M,39,13.38
0,99.0,Used,M,39,6.0
0,99.0,Used,M,39,6.0
0,718.5,Used,M,39,199.9
0,5.5,Used,M,39,6.0
0,4.8,Used,M,39,6.0
0,119.0,Used,M,39,6.0
0,33.98,Used,M,39,6.0
0,238.0,Used,M,39,6.0
0,119.0,Used,M,39,6.0
0,119.0,Used,M,39,6.0
0,349.0,Used,M,39,6.0
0,349.0,Used,M,39,6.5
0,349.0,Used,M,39,6.0
0,149.0,Used,M,39,19.99
0,149.0,Used,M,39,6.0
0,158.0,Used,M,39,6.0
0,79.0,Used,M,39,6.0
0,228.0,Used,M,39,6.0
0,16.99,Used,M,39,6.0
0,149.0,Used,M,39,12.99
0,3.5,Unused,M,39,6.0
0,48.62,Unused,M,39,6.0
0,79.99,Unused,M,39,6.5
0,73.18,Unused,M,39,19.99
0,99.0,Unused,M,39,6.0
0,99.0,Unused,M,39,6.0
0,99.0,Unused,M,39,6.0
0,99.0,Unused,M,39,6.0
0,11.95,Unused,M,39,6.5
0,217.45,Unused,M,39,13.38
0,39.98,Unused,M,39,6.0
0,24.99,Unused,M,39,6.0
0,4.8,Unused,M,39,6.0
0,337.2,Unused,M,39,6.0
0,279.0,Unused,M,39,6.0
0,115.19,Unused,M,39,6.0
0,357.0,Unused,M,39,6.0
0,357.0,Unused,M,39,6.0
0,357.0,Unused,M,39,6.0
0,119.0,Unused,M,39,6.0
0,10.63,Unused,M,39,6.0
0,149.0,Unused,M,39,6.0
0,298.0,Unused,M,39,6.0
0,60.0,Unused,M,39,6.0
0,158.0,Unused,M,39,6.0
0,149.0,Unused,M,39,6.0
0,199.0,Unused,M,39,8.7
0,12.22,Unused,M,39,19.99
0,4.78,Unused,M,39,13.38
0,198.0,Unused,M,39,6.0
0,11.95,Unused,M,39,6.5
0,23.95,Unused,M,39,12.48
0,4.56,Unused,M,39,6.0
0,119.0,Unused,M,39,6.0
0,119.0,Unused,M,39,6.0
0,119.0,Unused,M,39,6.0
0,13.99,Unused,M,39,6.0
0,349.0,Unused,M,39,6.0
0,149.0,Unused,M,39,6.0
0,298.0,Unused,M,39,6.0
0,149.0,Unused,M,39,6.0
1,119.0,Used,M,23,6.0
0,149.0,Used,M,23,6.0
0,86.22,Used,M,23,37.83
0,39.19,Used,M,23,6.0
1,39.8,Used,M,23,12.99
1,121.3,Used,M,23,6.5
0,42.39,Unused,M,23,6.5
1,33.98,Used,F,40,12.99
0,1.59,Unused,F,40,6.0
0,33.98,Unused,F,40,12.99
0,149.0,Unused,F,40,19.99
1,6.0,Used,F,40,6.0
1,7.99,Used,F,30,6.0
0,238.0,Used,F,30,6.0
0,12.31,Unused,F,30,6.0
0,149.0,Unused,F,30,6.0
1,62.73,Used,F,39,12.99
0,7.59,Used,F,39,6.0
0,29.99,Used,F,39,6.0
0,39.19,Used,F,39,6.0
0,13.59,Used,F,39,6.0
0,16.99,Used,F,39,6.0
0,10.99,Unused,F,39,6.0
0,46.3,Unused,F,39,6.0
0,119.0,Unused,F,39,6.0
0,16.99,Unused,F,39,6.0
0,99.99,Unused,F,39,6.0
0,31.18,Unused,F,39,12.99
0,238.0,Unused,F,39,6.0
0,65.09,Unused,F,39,6.0
1,199.0,Used,F,39,6.0
0,1.59,Used,F,39,6.0
0,79.6,Used,F,39,34.75
0,79.0,Used,F,39,6.0
0,27.18,Used,F,39,6.0
0,298.0,Used,F,39,6.0
0,246.12,Unused,F,39,12.48
0,79.99,Unused,F,39,6.0
0,1.68,Unused,F,39,6.0
0,30.38,Unused,F,39,6.0
0,887.3,Unused,F,39,34.75
0,119.0,Unused,F,39,6.0
0,39.5,Unused,F,39,34.75
0,29.98,Unused,F,39,6.0
0,156.6,Unused,F,39,6.0
1,79.0,Unused,F,39,6.0
1,23.98,Used,M,48,6.0
0,44.19,Used,M,48,12.48
0,35.15,Used,M,48,12.48
0,19.19,Used,M,48,6.0
0,16.79,Used,M,48,6.0
0,79.0,Used,M,48,6.0
0,149.0,Used,M,48,6.0
0,19.57,Unused,M,48,12.48
0,3.99,Unused,M,48,12.48
0,25.97,Unused,M,48,6.0
0,238.0,Unused,M,48,6.0
0,149.0,Unused,M,48,6.0
0,150.0,Unused,M,48,0.0
0,41.56,Unused,M,48,12.48
0,31.5,Unused,M,48,6.0
0,20.0,Unused,M,48,6.0
0,119.0,Unused,M,48,6.0
1,83.26,Used,M,47,35.96
0,28.87,Used,M,47,6.5
0,122.77,Used,M,47,6.5
0,244.5,Used,M,47,6.5
0,172.56,Unused,M,47,35.96
0,17.53,Unused,M,47,6.5
0,90.77,Unused,M,47,6.5
0,18.15,Unused,M,47,6.5
0,307.42,Unused,M,47,6.5
0,153.71,Unused,M,47,6.5
0,153.71,Unused,M,47,6.5
1,202.84,Used,M,47,6.5
0,768.56,Used,M,47,6.5
0,100.91,Used,M,47,6.5
0,403.64,Used,M,47,6.5
0,17.93,Used,M,47,6.5
0,17.93,Used,M,47,6.5
0,201.82,Used,M,47,6.5
0,121.3,Used,M,47,6.5
0,355.74,Used,M,47,6.5
0,151.88,Used,M,47,6.5
0,232.4,Used,M,47,6.5
0,151.88,Used,M,47,6.5
0,151.88,Used,M,47,6.5
0,3.25,Unused,M,47,6.5
0,22.41,Unused,M,47,6.0
0,61.15,Unused,M,47,6.0
0,151.88,Unused,M,47,8.7
0,504.55,Unused,M,47,6.5
0,343.51,Unused,M,47,6.5
0,302.73,Unused,M,47,6.5
0,177.34,Unused,M,47,6.5
0,6.48,Unused,M,47,6.5
0,121.3,Unused,M,47,6.5
0,121.3,Unused,M,47,6.5
0,363.9,Unused,M,47,19.99
0,121.3,Unused,M,47,6.5
0,242.6,Unused,M,47,6.5
0,355.74,Unused,M,47,6.5
0,151.88,Unused,M,47,6.5
0,151.88,Unused,M,47,6.5
0,40.78,Unused,M,47,6.5
0,22.41,Unused,M,47,6.0
0,49.95,Unused,M,47,6.5
0,252.79,Unused,M,47,6.5
0,100.91,Unused,M,47,6.5
0,100.91,Unused,M,47,6.5
0,242.6,Unused,M,47,6.5
0,151.88,Unused,M,47,6.5
1,9.6,Used,M,6,6.0
1,112.05,Used,F,29,6.0
0,202.84,Used,F,29,6.5
0,202.84,Used,F,29,6.5
0,35.86,Used,F,29,12.91
0,21.18,Used,F,29,6.5
0,36.07,Used,F,29,12.48
0,151.88,Used,F,29,6.5
0,151.88,Used,F,29,6.5
0,151.88,Used,F,29,12.91
0,308.09,Unused,F,29,12.91
0,101.06,Unused,F,29,12.48
0,28.51,Unused,F,29,6.0
0,42.39,Unused,F,29,6.5
0,242.6,Unused,F,29,6.5
0,485.2,Unused,F,29,12.91
0,151.88,Unused,F,29,6.5
0,161.04,Unused,F,29,6.5
0,80.52,Unused,F,29,6.5
0,80.52,Unused,F,29,6.5
0,151.88,Unused,F,29,6.5
0,151.88,Unused,F,29,6.5
0,80.68,Unused,F,29,12.48
0,121.3,Unused,F,29,6.5
0,151.88,Unused,F,29,6.5
0,121.3,Used,F,29,6.5
0,121.3,Used,F,29,6.5
0,4.33,Unused,F,29,6.0
0,80.52,Unused,F,29,6.5
0,402.6,Unused,F,29,6.5
0,402.6,Unused,F,29,6.5
0,48.92,Unused,F,29,6.5
0,17.93,Unused,F,29,6.5
0,363.9,Unused,F,29,6.5
0,151.88,Unused,F,29,6.5
0,202.84,Unused,F,29,8.7
1,3.99,Used,M,49,6.5
0,2.8,Used,M,49,6.5
0,99.0,Used,M,49,6.5
0,51.99,Used,M,49,6.0
0,119.0,Used,M,49,6.5
0,647.0,Used,M,49,6.5
0,298.0,Used,M,49,6.5
0,117.56,Unused,M,49,6.5
0,199.0,Unused,M,49,6.5
0,99.0,Unused,M,49,6.5
0,119.99,Unused,M,49,12.99
0,41.59,Unused,M,49,6.5
0,119.0,Unused,M,49,6.5
0,119.0,Unused,M,49,6.5
0,238.0,Unused,M,49,6.5
0,119.0,Unused,M,49,6.5
0,228.0,Unused,M,49,6.5
0,237.0,Unused,M,49,6.5
0,149.0,Unused,M,49,6.5
0,27.5,Unused,M,49,6.0
0,238.0,Unused,M,49,6.5
0,349.0,Unused,M,49,6.5
0,79.0,Unused,M,49,6.5
1,13.39,Unused,F,19,6.5
0,20.62,Unused,F,19,6.5
0,153.71,Unused,F,19,6.5
0,307.42,Unused,F,19,6.5
0,31.35,Unused,F,19,6.5
0,17.53,Unused,F,19,6.5
1,22.41,Used,F,25,6.0
0,3.05,Used,F,25,6.0
0,121.3,Used,F,25,6.5
0,598.34,Used,F,25,12.99
0,17.93,Unused,F,25,12.99
0,201.82,Unused,F,25,6.5
0,122.31,Unused,F,25,6.5
0,121.3,Unused,F,25,19.99
0,121.3,Unused,F,25,20.85
0,121.3,Unused,F,25,6.5
0,303.76,Unused,F,25,6.5
0,151.88,Unused,F,25,6.5
0,151.88,Unused,F,25,6.5
0,151.88,Unused,F,25,6.5
0,66.24,Unused,F,25,6.0
0,2.44,Unused,F,25,6.5
0,121.3,Unused,F,25,12.99
0,151.88,Unused,F,25,6.5
0,151.88,Unused,F,25,6.5
0,35.86,Used,F,25,6.5
0,202.84,Used,F,25,12.99
0,100.91,Used,F,25,19.99
0,100.91,Used,F,25,6.5
0,58.68,Used,F,25,6.5
0,121.3,Used,F,25,6.5
0,121.3,Used,F,25,6.5
0,402.6,Used,F,25,19.99
0,80.52,Used,F,25,6.5
0,426.08,Unused,F,25,12.99
0,35.86,Unused,F,25,6.5
0,17.93,Unused,F,25,6.5
0,202.84,Unused,F,25,12.99
0,19.56,Unused,F,25,6.5
0,121.3,Unused,F,25,12.99
0,3.87,Unused,F,25,12.99
0,151.88,Unused,F,25,6.5
0,303.76,Unused,F,25,6.5
0,505.59,Unused,F,25,19.99
1,2.39,Used,M,32,6.5
0,3.18,Used,M,32,12.99
0,5.5,Used,M,32,6.0
0,15.99,Used,M,32,6.0
0,298.0,Used,M,32,8.7
0,476.0,Used,M,32,19.99
0,79.0,Used,M,32,6.0
0,158.0,Used,M,32,6.0
0,19.99,Used,M,32,6.0
0,10.63,Used,M,32,6.0
0,31.99,Used,M,32,6.0
0,298.0,Used,M,32,12.99
0,149.0,Used,M,32,6.0
0,159.5,Unused,M,32,6.5
0,478.5,Unused,M,32,12.48
0,55.99,Unused,M,32,6.5
0,0.99,Unused,M,32,6.0
0,30.38,Unused,M,32,6.5
0,99.0,Unused,M,32,6.0
0,124.54,Unused,M,32,73.71
0,163.0,Unused,M,32,6.0
0,119.0,Unused,M,32,6.5
0,119.0,Unused,M,32,6.0
0,238.0,Unused,M,32,6.0
0,119.0,Unused,M,32,6.0
0,24.31,Unused,M,32,12.99
0,9.99,Unused,M,32,6.0
0,149.0,Unused,M,32,6.0
0,7.6,Unused,M,32,6.0
0,21.26,Unused,M,32,12.99
0,447.0,Unused,M,32,6.0
1,10.31,Used,M,33,6.5
0,2.47,Used,M,33,102.79
0,14.02,Used,M,33,6.5
0,22.26,Unused,M,33,6.5
0,230.0,Unused,M,33,102.79
0,120.44,Unused,M,33,6.5
0,77.56,Unused,M,33,6.5
0,206.18,Unused,M,33,102.79
0,122.77,Unused,M,33,6.5
0,15.67,Unused,M,33,6.5
1,33.59,Used,M,33,6.0
0,44.79,Used,M,33,6.0
0,119.5,Used,M,33,12.91
0,92.48,Used,M,33,6.0
0,12.0,Used,M,33,6.0
0,4.56,Used,M,33,6.0
0,149.0,Used,M,33,6.0
0,217.2,Unused,M,33,6.0
0,63.95,Unused,M,33,12.91
0,48.56,Unused,M,33,6.0
0,13.59,Unused,M,33,6.0
0,238.0,Unused,M,33,6.0
0,72.0,Unused,M,33,6.0
0,27.18,Unused,M,33,6.0
0,8.4,Unused,M,33,6.0
0,395.0,Unused,M,33,6.0
1,202.84,Used,F,11,6.5
0,202.84,Used,F,11,12.99
0,17.93,Used,F,11,6.5
0,58.68,Used,F,11,12.48
0,81.53,Used,F,11,19.99
0,19.11,Used,F,11,6.0
0,355.74,Used,F,11,6.5
0,232.4,Used,F,11,6.5
0,138.5,Unused,F,11,12.48
0,48.92,Unused,F,11,19.99
0,100.91,Unused,F,11,6.5
0,100.91,Unused,F,11,6.5
0,17.93,Unused,F,11,6.5
0,48.92,Unused,F,11,12.99
0,32.34,Unused,F,11,6.0
0,3.05,Unused,F,11,6.0
0,242.6,Unused,F,11,6.5
0,121.3,Unused,F,11,12.99
0,242.6,Unused,F,11,6.5
0,151.88,Unused,F,11,19.99
0,402.6,Unused,F,11,19.99
0,80.52,Unused,F,11,6.5
0,161.04,Unused,F,11,6.5
0,48.92,Unused,F,11,12.99
0,61.15,Unused,F,11,6.0
0,39.12,Unused,F,11,12.48
0,507.62,Unused,F,11,6.5
1,28.0,Used,F,10,12.48
0,119.0,Used,F,10,6.5
0,15.19,Used,F,10,6.5
0,237.0,Used,F,10,6.5
0,596.0,Used,F,10,6.5
0,149.0,Used,F,10,6.5
0,298.0,Used,F,10,6.5
0,43.85,Unused,F,10,12.48
0,4.99,Unused,F,10,14.41
0,227.43,Unused,F,10,6.5
0,167.65,Unused,F,10,29.95
0,37.99,Unused,F,10,6.5
0,79.19,Unused,F,10,6.5
0,55.99,Unused,F,10,6.5
0,298.0,Unused,F,10,6.5
0,13.49,Unused,F,10,14.41
1,10.63,Used,F,10,6.0
0,119.0,Used,F,10,6.0
0,655.0,Used,F,10,12.99
0,80.28,Unused,F,10,6.0
0,4.98,Unused,F,10,6.0
0,368.19,Unused,F,10,6.0
0,119.0,Unused,F,10,6.0
0,119.0,Unused,F,10,12.99
0,28.53,Unused,F,10,6.0
0,158.0,Unused,F,10,6.0
0,149.0,Unused,F,10,6.0
0,119.0,Unused,F,10,6.0
0,8.99,Used,F,10,6.0
0,238.0,Used,F,10,6.0
0,28.78,Used,F,10,6.0
0,433.39,Unused,F,10,6.0
0,31.99,Unused,F,10,15.75
0,16.22,Unused,F,10,12.99
0,1.99,Unused,F,10,6.0
0,27.18,Unused,F,10,6.0
0,514.0,Unused,F,10,6.0
0,44.79,Unused,F,10,15.75
0,119.0,Unused,F,10,12.99
0,17.58,Used,F,10,6.0
0,56.85,Used,F,10,6.0
0,16.79,Used,F,10,6.0
0,5.19,Unused,F,10,6.0
0,50.92,Unused,F,10,6.0
0,357.0,Unused,F,10,6.0
0,119.0,Unused,F,10,6.0
0,13.99,Unused,F,10,6.0
0,15.19,Unused,F,10,6.0
0,149.0,Unused,F,10,6.0
0,2.8,Unused,F,10,6.0
0,149.0,Used,F,10,6.0
0,5.5,Unused,F,10,6.0
1,102.99,Used,F,10,6.0
0,262.4,Used,F,10,6.0
0,149.0,Used,F,10,6.0
0,149.0,Used,F,10,6.0
0,478.0,Unused,F,10,6.0
0,198.0,Unused,F,10,6.0
0,238.0,Unused,F,10,12.99
0,417.0,Unused,F,10,6.0
0,145.4,Unused,F,10,6.0
0,249.0,Unused,F,10,19.99
0,149.0,Unused,F,10,19.99
1,17.93,Used,F,10,6.5
0,17.93,Used,F,10,6.5
0,100.91,Used,F,10,6.5
0,151.88,Used,F,10,6.5
0,17.93,Unused,F,10,6.5
0,61.15,Unused,F,10,6.0
0,201.82,Unused,F,10,6.5
0,100.91,Unused,F,10,6.5
0,17.93,Unused,F,10,6.5
0,3.47,Unused,F,10,6.5
0,151.88,Unused,F,10,6.5
0,151.88,Unused,F,10,6.5
0,151.88,Unused,F,10,6.5
1,199.0,Used,F,5,12.99
0,238.0,Used,F,5,6.0
0,398.0,Used,F,5,8.7
0,8.4,Unused,F,5,6.0
0,349.0,Unused,F,5,6.0
0,149.0,Unused,F,5,6.0
0,4.8,Unused,F,5,6.0
0,99.0,Unused,F,5,6.0
0,349.0,Unused,F,5,12.99
0,149.0,Unused,F,5,6.0
0,19.25,Used,F,5,6.0
0,357.0,Used,F,5,6.0
0,4.75,Used,F,5,6.0
0,11.0,Used,F,5,6.0
0,2.39,Unused,F,5,6.0
0,21.8,Unused,F,5,6.0
0,4.8,Unused,F,5,6.0
1,33.99,Used,F,49,12.99
0,79.95,Used,F,49,6.0
0,119.0,Used,F,49,6.0
0,64.8,Unused,F,49,6.0
0,22.38,Unused,F,49,6.0
0,17.56,Unused,F,49,6.5
0,14.69,Unused,F,49,6.0
0,29.9,Unused,F,49,6.0
0,119.0,Unused,F,49,6.0
0,238.0,Unused,F,49,6.0
0,158.0,Unused,F,49,6.0
0,298.0,Unused,F,49,6.0
0,298.0,Unused,F,49,6.0
0,22.94,Unused,F,49,6.0
0,357.0,Unused,F,49,6.0
1,199.0,Used,F,8,12.99
0,99.0,Used,F,8,6.0
0,4.44,Used,F,8,6.0
0,19.99,Used,F,8,6.5
0,119.0,Used,F,8,6.0
0,37.2,Used,F,8,6.5
0,149.0,Used,F,8,6.0
0,12.0,Used,F,8,6.0
0,27.33,Unused,F,8,6.5
0,7.34,Unused,F,8,6.5
0,23.98,Unused,F,8,6.5
0,10.39,Unused,F,8,6.0
0,31.35,Unused,F,8,6.5
0,8.64,Unused,F,8,6.0
0,71.4,Unused,F,8,6.0
0,22.32,Unused,F,8,6.0
0,238.0,Unused,F,8,6.0
0,119.0,Unused,F,8,6.0
0,119.0,Unused,F,8,6.0
0,238.0,Unused,F,8,6.0
0,119.0,Unused,F,8,12.99
0,119.0,Unused,F,8,6.0
0,8.49,Unused,F,8,6.0
0,6.8,Unused,F,8,6.0
0,349.0,Unused,F,8,6.0
0,349.0,Unused,F,8,6.0
0,149.0,Unused,F,8,6.0
0,158.0,Unused,F,8,6.0
0,13.59,Unused,F,8,6.0
0,149.0,Unused,F,8,6.0
0,69.99,Unused,F,8,6.0
0,202.56,Unused,F,8,6.0
0,5.59,Unused,F,8,6.5
0,149.0,Unused,F,8,6.0
0,175.56,Used,F,8,6.0
0,79.0,Used,F,8,6.0
0,211.34,Unused,F,8,6.0
0,99.0,Unused,F,8,6.0
0,111.98,Unused,F,8,6.0
0,105.68,Unused,F,8,6.0
1,17.48,Used,F,39,6.0
0,32.0,Used,F,39,156.3
0,208.0,Used,F,39,8.7
0,9.57,Unused,F,39,6.0
0,345.63,Unused,F,39,156.3
0,23.78,Unused,F,39,6.0
0,282.0,Unused,F,39,12.99
0,335.0,Unused,F,39,25.27
0,33.67,Unused,F,39,6.0
0,119.0,Unused,F,39,6.0
0,149.0,Unused,F,39,6.0
0,158.0,Unused,F,39,6.0
0,31.48,Unused,F,39,6.0
1,37.19,Used,F,50,6.0
0,63.78,Used,F,50,6.0
0,2.1,Used,F,50,6.0
0,44.79,Used,F,50,6.0
0,5.7,Used,F,50,6.0
0,357.0,Used,F,50,6.0
0,238.0,Used,F,50,6.0
0,119.0,Used,F,50,6.0
0,119.0,Used,F,50,6.0
0,149.0,Used,F,50,6.0
0,149.0,Used,F,50,6.0
0,199.0,Unused,F,50,6.0
0,12.99,Unused,F,50,6.0
0,23.49,Unused,F,50,6.0
0,7.98,Unused,F,50,6.0
0,33.58,Unused,F,50,6.0
0,119.0,Unused,F,50,6.0
0,238.0,Unused,F,50,6.0
0,456.0,Unused,F,50,6.0
0,26.0,Unused,F,50,6.0
0,149.0,Unused,F,50,6.0
0,149.0,Unused,F,50,12.99
0,5.49,Unused,F,50,6.0
1,524.54,Used,F,17,6.5
0,10.97,Used,F,17,6.5
0,1.99,Used,F,17,20.0
0,19.19,Used,F,17,6.5
0,36.46,Used,F,17,6.5
0,44.79,Used,F,17,6.5
0,1.99,Used,F,17,6.5
0,15.19,Used,F,17,6.5
0,134.19,Used,F,17,6.5
0,119.0,Used,F,17,6.5
0,348.0,Used,F,17,8.7
0,55.95,Used,F,17,117.7
0,15.99,Used,F,17,6.5
0,38.98,Used,F,17,6.5
0,79.0,Used,F,17,6.5
0,149.0,Used,F,17,6.5
0,655.01,Unused,F,17,6.5
0,55.99,Unused,F,17,6.5
0,8.79,Unused,F,17,6.5
0,6.49,Unused,F,17,6.5
0,63.9,Unused,F,17,117.7
0,18.99,Unused,F,17,6.5
0,5.98,Unused,F,17,20.0
0,44.79,Unused,F,17,6.5
0,215.7,Unused,F,17,35.96
0,357.0,Unused,F,17,6.5
0,119.0,Unused,F,17,6.5
0,33.98,Unused,F,17,6.5
0,395.0,Unused,F,17,6.5
0,74.99,Unused,F,17,6.5
0,149.0,Unused,F,17,6.5
0,149.0,Unused,F,17,6.5
0,149.0,Unused,F,17,6.5
0,36.78,Unused,F,17,6.5
0,19.95,Unused,F,17,117.7
0,39.8,Unused,F,17,6.5
0,357.0,Unused,F,17,6.5
0,119.0,Unused,F,17,6.5
0,238.0,Unused,F,17,6.5
0,98.99,Unused,F,17,6.5
0,119.99,Unused,F,17,6.5
0,298.0,Unused,F,17,6.5
0,229.44,Used,F,17,6.5
0,2.8,Used,F,17,6.5
0,50.37,Used,F,17,6.5
0,5.6,Unused,F,17,6.5
0,210.56,Unused,F,17,6.5
0,19.19,Unused,F,17,6.5
0,27.19,Unused,F,17,6.5
0,82.87,Unused,F,17,6.5
0,149.0,Unused,F,17,6.5
1,63.96,Used,F,24,6.5
0,4.5,Unused,F,24,6.5
0,149.0,Unused,F,24,6.5
0,149.0,Unused,F,24,6.5
1,43.98,Used,F,45,6.0
0,23.98,Unused,F,45,6.0
0,3.98,Unused,F,45,6.0
1,38.36,Used,M,31,6.0
0,109.8,Unused,M,31,6.0
0,357.0,Unused,M,31,6.0
0,149.0,Unused,M,31,6.0
0,87.5,Used,M,31,6.0
0,6.0,Used,M,31,6.0
0,745.0,Used,M,31,12.99
0,52.5,Unused,M,31,6.0
0,16.99,Unused,M,31,20.0
0,35.0,Unused,M,31,6.0
0,119.0,Unused,M,31,6.0
1,11.18,Used,F,36,6.0
0,115.16,Used,F,36,6.5
0,119.0,Used,F,36,6.0
0,79.0,Used,F,36,6.0
0,79.0,Used,F,36,6.0
0,3.95,Unused,F,36,6.5
0,7.17,Unused,F,36,6.0
0,119.0,Unused,F,36,6.0
0,119.0,Unused,F,36,6.0
0,119.0,Unused,F,36,6.0
0,13.59,Unused,F,36,6.0
1,119.0,Used,F,5,6.0
0,149.0,Unused,F,5,19.99
0,11.98,Used,F,5,20.0
0,45.87,Used,F,5,6.0
0,17.59,Used,F,5,6.0
0,139.5,Used,F,5,67.28
0,58.79,Used,F,5,6.0
0,21.82,Used,F,5,6.0
0,119.0,Used,F,5,6.0
0,28.68,Used,F,5,6.0
0,16.99,Used,F,5,6.0
0,298.0,Used,F,5,6.0
0,538.52,Unused,F,5,6.0
0,32.21,Unused,F,5,6.0
0,139.5,Unused,F,5,67.28
0,2.39,Unused,F,5,6.0
0,34.13,Unused,F,5,6.0
0,4.99,Unused,F,5,6.0
0,31.89,Unused,F,5,6.0
0,119.0,Unused,F,5,6.0
0,119.98,Unused,F,5,6.0
0,16.99,Unused,F,5,6.0
0,35.98,Unused,F,5,12.99
0,79.0,Unused,F,5,6.0
0,149.0,Unused,F,5,6.0
0,27.19,Unused,F,5,6.5
0,41.97,Unused,F,5,6.0
0,1.59,Unused,F,5,6.0
0,10.63,Unused,F,5,6.0
0,19.99,Unused,F,5,6.0
1,548.0,Used,F,5,6.0
0,907.37,Used,F,5,6.0
0,349.0,Used,F,5,6.0
0,237.0,Used,F,5,6.0
0,23.76,Used,F,5,6.0
0,14.4,Unused,F,5,6.0
0,555.0,Unused,F,5,6.0
0,119.0,Unused,F,5,6.0
0,119.0,Unused,F,5,6.0
0,149.0,Unused,F,5,6.0
0,149.0,Unused,F,5,12.99
0,395.0,Unused,F,5,6.0
0,149.0,Unused,F,5,6.0
0,35.94,Used,F,5,75.0
0,2.99,Used,F,5,6.0
0,11.98,Unused,F,5,6.0
0,35.04,Unused,F,5,75.0
0,89.91,Unused,F,5,75.0
0,5.99,Unused,F,5,6.0
0,119.0,Unused,F,5,6.0
1,21.98,Used,F,38,6.0
0,7.0,Used,F,38,6.0
0,116.97,Used,F,38,6.0
0,24.49,Used,F,38,6.0
0,170.26,Used,F,38,6.0
0,31.89,Used,F,38,6.0
0,5.1,Used,F,38,6.0
0,18.99,Unused,F,38,6.0
0,10.39,Unused,F,38,6.0
0,37.89,Unused,F,38,6.0
0,35.99,Unused,F,38,6.0
0,12.8,Unused,F,38,6.0
0,8.97,Unused,F,38,6.0
0,22.09,Unused,F,38,6.0
0,27.98,Unused,F,38,6.5
0,47.97,Unused,F,38,6.0
0,13.59,Unused,F,38,6.0
0,103.96,Unused,F,38,6.5
0,10.39,Unused,F,38,6.0
0,2.79,Unused,F,38,6.0
0,32.28,Unused,F,38,6.0
0,84.46,Unused,F,38,6.0
0,19.2,Unused,F,38,6.0
0,238.0,Unused,F,38,12.99
0,20.99,Unused,F,38,6.0
0,43.13,Used,F,38,6.0
0,288.78,Used,F,38,6.0
0,13.29,Used,F,38,6.0
0,23.83,Used,F,38,6.0
0,82.8,Used,F,38,6.0
0,12.0,Used,F,38,6.0
0,30.79,Used,F,38,6.0
0,21.59,Used,F,38,6.0
0,15.19,Used,F,38,6.0
0,31.35,Used,F,38,6.5
0,9.49,Used,F,38,6.0
0,4.8,Used,F,38,6.0
0,5.7,Used,F,38,6.0
0,119.0,Used,F,38,12.99
0,44.0,Used,F,38,6.0
0,13.59,Used,F,38,6.0
0,158.0,Used,F,38,6.0
0,237.0,Used,F,38,6.0
0,158.0,Used,F,38,6.0
0,74.98,Unused,F,38,6.0
0,286.73,Unused,F,38,6.0
0,249.09,Unused,F,38,6.0
0,31.99,Unused,F,38,6.0
0,13.98,Unused,F,38,6.0
0,30.39,Unused,F,38,6.0
0,12.0,Unused,F,38,19.99
0,53.2,Unused,F,38,6.0
0,9.49,Unused,F,38,6.0
0,357.0,Unused,F,38,6.0
0,119.0,Unused,F,38,6.0
0,238.0,Unused,F,38,6.0
0,119.0,Unused,F,38,6.0
0,238.0,Unused,F,38,6.0
0,277.0,Unused,F,38,6.0
0,30.38,Unused,F,38,6.0
0,15.19,Unused,F,38,6.0
0,149.0,Unused,F,38,6.0
0,149.0,Unused,F,38,6.0
0,395.0,Unused,F,38,6.0
0,49.76,Unused,F,38,6.0
0,149.0,Unused,F,38,6.0
0,149.0,Unused,F,38,6.0
0,254.73,Unused,F,38,6.0
0,6.0,Unused,F,38,6.0
0,1.59,Unused,F,38,6.0
0,37.66,Unused,F,38,6.0
0,19.99,Unused,F,38,6.0
0,6.0,Unused,F,38,6.0
0,4.8,Unused,F,38,6.0
0,4.8,Unused,F,38,6.0
0,149.0,Unused,F,38,6.0
0,15.99,Unused,F,38,6.0
0,15.39,Unused,F,38,6.0
0,11.0,Unused,F,38,6.0
1,100.0,Used,F,9,0.0
0,82.18,Used,F,9,6.0
0,99.0,Used,F,9,6.0
0,23.98,Used,F,9,6.0
0,14.34,Used,F,9,6.0
0,5.99,Used,F,9,6.0
0,12.0,Used,F,9,6.0
0,119.0,Used,F,9,6.0
0,9.49,Used,F,9,6.0
0,5.97,Unused,F,9,6.0
0,31.18,Unused,F,9,6.0
0,942.0,Unused,F,9,6.0
0,178.0,Unused,F,9,6.0
0,9.99,Unused,F,9,6.0
0,13.59,Unused,F,9,6.0
0,237.0,Unused,F,9,6.0
0,149.0,Unused,F,9,6.0
0,11.28,Unused,F,9,6.0
0,119.0,Unused,F,9,6.0
1,67.19,Used,M,34,6.5
0,15.79,Unused,M,34,6.5
0,238.0,Unused,M,34,6.5
0,238.0,Unused,M,34,6.5
0,119.0,Unused,M,34,6.5
0,55.4,Unused,M,34,6.5
1,119.0,Used,M,34,6.0
0,16.23,Unused,M,34,6.0
0,119.0,Unused,M,34,6.0
0,238.0,Unused,M,34,6.0
0,149.0,Unused,M,34,6.0
0,89.52,Unused,M,34,32.18
0,21.26,Used,M,34,6.0
0,8.79,Unused,M,34,6.0
1,33.98,Used,M,34,6.0
0,9.49,Unused,M,34,6.0
1,2.8,Used,M,8,6.0
0,51.19,Used,M,8,6.0
0,2.8,Unused,M,8,6.0
0,15.41,Unused,M,8,6.0
0,13.59,Unused,M,8,12.99
0,318.0,Unused,M,8,6.0
0,9.95,Unused,M,8,12.99
1,46.21,Used,F,14,6.5
0,122.77,Used,F,14,6.5
0,244.5,Used,F,14,6.5
0,307.42,Used,F,14,6.5
0,245.54,Unused,F,14,6.5
0,81.5,Unused,F,14,6.5
0,153.71,Unused,F,14,6.5
0,122.77,Unused,F,14,6.5
0,235.21,Unused,F,14,6.5
0,306.39,Unused,F,14,6.5
0,90.77,Unused,F,14,6.5
0,614.84,Unused,F,14,6.5
1,25.18,Used,F,14,6.0
0,21.26,Unused,F,14,6.0
0,119.0,Unused,F,14,6.0
0,119.0,Unused,F,14,12.99
0,26.94,Unused,F,14,6.0
0,13.43,Unused,F,14,12.99
0,149.0,Unused,F,14,6.0
1,79.99,Used,F,14,6.0
0,119.0,Used,F,14,6.0
0,119.0,Used,F,14,6.0
0,468.0,Used,F,14,6.0
0,149.0,Used,F,14,15.75
0,99.0,Unused,F,14,19.99
0,2.99,Unused,F,14,6.0
0,238.0,Unused,F,14,6.0
0,149.0,Unused,F,14,6.0
0,158.0,Unused,F,14,6.0
0,79.0,Unused,F,14,6.0
0,51.99,Unused,F,14,6.0
0,298.0,Unused,F,14,6.0
0,298.0,Unused,F,14,6.0
0,21.99,Used,F,14,6.0
0,41.59,Used,F,14,6.5
0,83.18,Unused,F,14,6.0
0,99.0,Unused,F,14,6.0
1,100.91,Used,F,10,6.5
0,151.88,Unused,F,10,6.5
1,7.0,Used,M,38,6.0
0,24.99,Unused,M,38,6.0
1,15.18,Used,F,50,6.0
0,31.35,Used,F,50,6.0
0,13.59,Used,F,50,6.0
0,48.0,Used,F,50,13.38
0,8.64,Used,F,50,6.0
0,6.8,Used,F,50,12.99
0,39.98,Used,F,50,12.48
0,102.34,Unused,F,50,12.48
0,20.99,Unused,F,50,6.0
0,66.13,Unused,F,50,13.38
0,25.12,Unused,F,50,12.99
0,95.33,Unused,F,50,6.0
0,25.76,Unused,F,50,6.0
0,10.63,Unused,F,50,6.0
0,13.59,Unused,F,50,6.0
0,149.0,Unused,F,50,6.0
0,149.0,Unused,F,50,6.0
0,10.63,Unused,F,50,6.0
0,32.0,Unused,F,50,13.38
0,127.96,Unused,F,50,12.48
0,61.49,Unused,F,50,6.0
0,10.63,Unused,F,50,12.99
1,7.2,Unused,F,16,6.0
1,103.16,Used,F,10,0.0
0,4.94,Used,F,10,6.5
0,122.77,Used,F,10,6.5
0,333.96,Unused,F,10,158.74
0,4.94,Unused,F,10,6.5
0,20.62,Unused,F,10,6.5
0,153.71,Unused,F,10,6.5
0,153.71,Unused,F,10,6.5
0,63.49,Unused,F,10,6.5
1,6.99,Used,M,6,6.5
0,19.48,Used,M,6,6.5
0,39.99,Unused,M,6,6.5
0,6.99,Unused,M,6,6.5
0,15.39,Unused,M,6,6.5
0,298.0,Unused,M,6,8.7
0,119.0,Unused,M,6,6.5
0,18.99,Unused,M,6,6.5
0,19.59,Unused,M,6,6.5
0,41.99,Unused,M,6,14.41
0,149.0,Unused,M,6,6.5
0,12.98,Unused,M,6,6.5
1,10.99,Used,M,6,6.0
0,100.0,Unused,M,6,0.0
0,6.99,Unused,M,6,6.0
0,119.0,Unused,M,6,6.0
0,13.59,Unused,M,6,6.0
0,15.19,Unused,M,6,6.0
1,11.95,Used,M,6,6.5
0,369.4,Used,M,6,18.16
0,44.79,Used,M,6,6.0
0,249.93,Unused,M,6,6.0
0,17.59,Unused,M,6,6.0
0,4.78,Unused,M,6,6.5
0,298.0,Unused,M,6,19.99
0,112.95,Unused,M,6,6.0
0,119.0,Unused,M,6,6.0
0,15.99,Unused,M,6,6.0
1,41.59,Used,M,6,6.5
0,119.0,Used,M,6,6.5
0,99.0,Unused,M,6,6.5
0,736.0,Unused,M,6,6.5
0,119.0,Unused,M,6,6.5
0,357.0,Unused,M,6,6.5
1,303.76,Used,F,38,12.99
0,121.3,Unused,F,38,6.5
1,8.4,Used,M,17,6.0
0,42.0,Used,M,17,6.0
0,27.18,Used,M,17,6.0
0,149.0,Used,M,17,6.0
0,31.8,Unused,M,17,22.71
0,22.38,Unused,M,17,6.0
0,57.58,Unused,M,17,6.5
0,21.19,Unused,M,17,30.0
0,13.59,Unused,M,17,6.0
0,149.0,Unused,M,17,6.0
0,13.59,Unused,M,17,30.0
0,149.0,Unused,M,17,6.0
0,149.0,Unused,M,17,6.0
1,13.29,Used,M,29,6.0
0,18.99,Used,M,29,6.0
0,75.0,Unused,M,29,0.0
0,30.39,Unused,M,29,6.5
0,13.29,Unused,M,29,6.0
0,13.59,Unused,M,29,6.0
0,119.0,Unused,M,29,6.0
0,19.19,Unused,M,29,6.5
0,27.19,Unused,M,29,6.5
1,8.79,Used,F,10,6.0
0,8.0,Used,F,10,6.0
0,1.99,Used,F,10,6.0
0,19.19,Used,F,10,6.0
0,7.98,Used,F,10,6.5
0,239.88,Used,F,10,6.0
0,167.7,Used,F,10,102.74
0,18.99,Used,F,10,6.0
0,52.07,Used,F,10,6.0
0,119.0,Used,F,10,6.0
0,595.0,Used,F,10,6.0
0,238.0,Used,F,10,6.0
0,238.0,Used,F,10,6.0
0,119.0,Used,F,10,6.0
0,119.0,Used,F,10,6.0
0,15.99,Used,F,10,6.0
0,15.99,Used,F,10,6.0
0,36.98,Used,F,10,6.0
0,4.77,Unused,F,10,6.0
0,3.5,Unused,F,10,6.0
0,287.88,Unused,F,10,6.0
0,79.25,Unused,F,10,6.0
0,27.19,Unused,F,10,6.0
0,25.98,Unused,F,10,6.0
0,12.79,Unused,F,10,6.5
0,21.82,Unused,F,10,6.0
0,119.0,Unused,F,10,6.0
0,119.0,Unused,F,10,6.0
0,357.0,Unused,F,10,6.0
0,268.0,Unused,F,10,6.0
0,387.0,Unused,F,10,6.0
0,357.0,Unused,F,10,6.0
0,119.0,Unused,F,10,6.0
0,237.0,Unused,F,10,6.0
0,19.99,Unused,F,10,6.0
0,59.99,Unused,F,10,6.0
0,12.31,Unused,F,10,6.0
0,12.99,Unused,F,10,6.0
0,16.23,Unused,F,10,6.0
0,214.18,Unused,F,10,42.45
0,98.99,Unused,F,10,6.0
0,599.7,Unused,F,10,102.74
0,67.08,Unused,F,10,6.0
0,149.0,Unused,F,10,6.0
0,119.0,Used,F,10,6.0
0,168.19,Unused,F,10,6.0
1,119.0,Unused,F,10,12.99
0,149.0,Unused,F,10,12.99
0,99.99,Used,F,10,6.0
0,71.7,Used,F,10,32.08
0,32.36,Used,F,10,6.0
0,13.68,Used,F,10,6.0
0,357.0,Used,F,10,6.0
0,29.79,Used,F,10,19.99
0,33.28,Unused,F,10,19.99
0,191.2,Unused,F,10,32.08
0,65.59,Unused,F,10,6.0
0,51.66,Unused,F,10,6.0
0,119.0,Unused,F,10,6.0
0,119.0,Unused,F,10,6.0
0,49.76,Unused,F,10,6.0
0,8.79,Unused,F,10,6.0
0,149.0,Unused,F,10,6.0
0,79.0,Unused,F,10,6.0
0,149.0,Unused,F,10,6.0
0,7.98,Used,F,10,6.0
0,55.43,Used,F,10,6.0
0,22.97,Unused,F,10,6.0
0,238.0,Unused,F,10,6.0
0,39.98,Unused,F,10,6.0
1,3.6,Used,F,10,6.0
0,99.0,Used,F,10,6.0
0,99.0,Used,F,10,6.0
0,11.75,Used,F,10,6.0
0,28.74,Used,F,10,12.99
0,76.77,Used,F,10,97.35
0,12.0,Used,F,10,12.91
0,253.47,Unused,F,10,12.91
0,99.0,Unused,F,10,6.0
0,273.14,Unused,F,10,97.35
0,119.0,Unused,F,10,6.0
0,119.0,Unused,F,10,6.0
0,65.19,Unused,F,10,6.0
0,29.58,Unused,F,10,6.0
0,349.0,Unused,F,10,6.0
0,99.0,Unused,F,10,6.0
0,79.0,Unused,F,10,6.0
0,30.0,Unused,F,10,12.91
1,21.54,Used,F,42,6.5
0,19.19,Unused,F,42,6.5
0,31.96,Unused,F,42,12.99
0,59.99,Unused,F,42,6.0
1,9.57,Used,F,7,12.99
0,39.98,Used,F,7,6.0
0,46.74,Used,F,7,12.99
0,8.4,Used,F,7,6.0
0,595.0,Used,F,7,12.99
0,238.0,Used,F,7,6.0
0,29.99,Unused,F,7,6.0
0,11.19,Unused,F,7,6.0
0,96.57,Unused,F,7,12.99
0,8.4,Unused,F,7,6.0
0,122.59,Unused,F,7,6.0
0,28.5,Unused,F,7,12.99
0,238.0,Unused,F,7,12.99
0,238.0,Unused,F,7,6.0
0,33.98,Unused,F,7,6.0
0,11.85,Unused,F,7,12.99
0,48.76,Unused,F,7,12.99
0,316.0,Unused,F,7,6.0
0,35.2,Unused,F,7,6.0
1,18.99,Used,F,7,12.99
0,119.0,Used,F,7,6.0
0,199.0,Used,F,7,19.99
0,4.99,Unused,F,7,6.0
0,27.9,Unused,F,7,6.0
0,40.0,Unused,F,7,51.99
0,99.0,Unused,F,7,6.0
0,199.0,Unused,F,7,19.99
0,119.0,Unused,F,7,6.0
0,199.0,Unused,F,7,19.99
0,42.45,Unused,F,7,12.99
0,25.95,Unused,F,7,6.0
0,8.79,Unused,F,7,6.5
0,12.79,Unused,F,7,6.5
0,38.37,Unused,F,7,14.41
0,199.0,Unused,F,7,19.99
0,149.0,Unused,F,7,6.0
0,249.0,Unused,F,7,19.99
1,14.97,Used,M,10,6.5
0,238.0,Used,M,10,6.5
0,596.0,Used,M,10,6.5
0,16.99,Used,M,10,6.5
0,16.99,Used,M,10,6.5
0,280.76,Unused,M,10,6.5
0,5.99,Unused,M,10,6.5
0,42.37,Unused,M,10,6.5
0,357.0,Unused,M,10,6.5
0,59.99,Unused,M,10,6.5
0,298.0,Unused,M,10,24.49
0,65.09,Unused,M,10,6.5
0,745.0,Unused,M,10,6.5
0,16.99,Unused,M,10,6.5
0,33.59,Used,M,10,6.0
0,44.79,Used,M,10,6.0
0,16.99,Used,M,10,6.0
0,119.0,Used,M,10,6.0
0,395.0,Used,M,10,6.0
0,79.0,Used,M,10,6.0
0,79.0,Used,M,10,6.0
0,298.0,Used,M,10,6.0
0,10.99,Unused,M,10,6.0
0,119.0,Unused,M,10,6.0
0,18.99,Unused,M,10,6.0
0,158.0,Unused,M,10,6.0
0,395.0,Unused,M,10,6.0
0,149.0,Unused,M,10,6.0
0,18.99,Unused,M,10,6.0
0,417.0,Unused,M,10,6.0
0,13.99,Unused,M,10,6.0
1,9.76,Used,M,10,6.5
0,121.3,Used,M,10,6.5
0,11.2,Unused,M,10,6.0
0,100.91,Unused,M,10,6.5
0,22.41,Unused,M,10,6.0
0,5.09,Unused,M,10,6.0
0,4.88,Unused,M,10,6.5
0,303.76,Unused,M,10,6.5
0,151.88,Unused,M,10,12.99
0,201.82,Unused,M,10,12.99
1,43.0,Used,M,21,6.0
0,119.0,Used,M,21,6.0
0,119.0,Used,M,21,6.0
0,23.76,Unused,M,21,6.0
0,18.45,Unused,M,21,6.0
0,34.99,Unused,M,21,6.0
0,119.0,Unused,M,21,6.0
0,19.99,Unused,M,21,6.0
0,1.98,Unused,M,21,6.0
0,2.39,Unused,M,21,6.0
1,72.98,Used,F,31,12.99
0,23.95,Unused,F,31,6.5
1,33.59,Used,F,31,6.0
0,199.0,Used,F,31,6.0
0,18.28,Used,F,31,6.0
0,37.2,Used,F,31,6.0
0,18.99,Used,F,31,12.99
0,149.0,Used,F,31,6.0
0,38.97,Unused,F,31,12.99
0,12.56,Unused,F,31,6.0
0,72.0,Unused,F,31,6.0
0,119.0,Unused,F,31,6.0
0,15.99,Unused,F,31,6.0
0,79.0,Unused,F,31,6.0
0,53.97,Unused,F,31,6.0
1,32.99,Used,F,40,6.46
0,3.18,Used,F,40,6.51
0,14.99,Used,F,40,6.5
0,149.0,Used,F,40,8.7
0,15.19,Used,F,40,6.5
0,98.97,Unused,F,40,6.46
0,29.7,Unused,F,40,6.48
0,14.99,Unused,F,40,6.5
0,47.8,Unused,F,40,12.76
0,1.59,Unused,F,40,6.51
0,33.98,Unused,F,40,6.5
0,79.0,Unused,F,40,6.5
0,298.0,Unused,F,40,6.5
0,9.9,Unused,F,40,6.48
0,32.99,Unused,F,40,6.46
1,47.7,Used,F,31,30.35
0,242.96,Used,F,31,6.0
0,119.0,Unused,F,31,6.0
0,71.7,Unused,F,31,30.35
0,119.0,Unused,F,31,6.0
0,357.0,Unused,F,31,6.0
1,55.99,Used,F,37,6.5
0,59.99,Used,F,37,13.78
0,19.99,Used,F,37,6.5
0,149.0,Used,F,37,6.5
0,149.0,Used,F,37,6.5
0,439.95,Unused,F,37,6.5
0,119.0,Unused,F,37,6.5
0,198.0,Unused,F,37,6.5
0,198.0,Unused,F,37,6.5
0,249.0,Unused,F,37,6.5
0,357.0,Unused,F,37,6.5
0,119.0,Unused,F,37,6.5
0,149.98,Unused,F,37,6.5
1,17.53,Unused,F,50,6.5
1,46.25,Used,F,37,6.0
0,113.55,Unused,F,37,6.0
0,99.0,Unused,F,37,6.0
0,64.95,Unused,F,37,6.0
1,13.59,Used,F,5,6.0
1,94.96,Used,M,19,6.0
0,16.79,Used,M,19,6.0
0,238.0,Used,M,19,6.0
0,241.79,Unused,M,19,6.0
0,10.99,Unused,M,19,12.99
0,16.31,Unused,M,19,6.0
0,538.25,Unused,M,19,25.87
0,143.57,Unused,M,19,12.99
0,119.0,Unused,M,19,6.0
0,13.59,Unused,M,19,6.0
0,59.96,Unused,M,19,6.0
0,119.0,Unused,M,19,6.0
0,238.0,Unused,M,19,6.0
0,745.0,Unused,M,19,12.91
0,4.56,Used,M,19,6.0
0,4.56,Unused,M,19,6.0
0,5.1,Unused,M,19,6.0
1,41.99,Unused,M,27,6.0
0,11.99,Unused,M,27,6.0
0,149.0,Unused,M,27,6.0
1,44.79,Used,F,5,6.0
0,4.8,Used,F,5,6.0
0,119.0,Used,F,5,6.0
0,119.0,Used,F,5,6.0
0,105.25,Unused,F,5,12.99
0,29.12,Unused,F,5,6.0
0,119.0,Unused,F,5,6.0
0,4.56,Unused,F,5,12.99
1,138.61,Used,M,43,6.5
0,6.14,Used,M,43,6.5
0,122.77,Used,M,43,6.5
0,81.5,Used,M,43,6.5
0,14.02,Used,M,43,6.5
0,153.71,Used,M,43,6.5
0,123.38,Unused,M,43,6.5
0,20.1,Unused,M,43,6.5
0,245.54,Unused,M,43,6.5
0,14.02,Unused,M,43,6.5
0,10.72,Unused,M,43,6.5
0,2.58,Unused,M,43,6.5
1,4.56,Unused,M,43,6.5
1,22.41,Used,M,43,6.0
0,17.93,Used,M,43,6.5
0,35.86,Used,M,43,6.5
0,24.45,Used,M,43,6.0
0,121.3,Used,M,43,6.5
0,121.3,Used,M,43,6.5
0,12.99,Used,M,43,6.0
0,303.76,Used,M,43,12.99
0,151.88,Used,M,43,19.99
0,17.93,Unused,M,43,6.5
0,37.49,Unused,M,43,6.5
0,202.84,Unused,M,43,6.5
0,100.91,Unused,M,43,6.5
0,65.2,Unused,M,43,6.5
0,32.6,Unused,M,43,6.5
0,24.45,Unused,M,43,6.0
0,5.7,Unused,M,43,6.5
0,121.3,Unused,M,43,12.99
0,121.3,Unused,M,43,6.5
0,23.18,Unused,M,43,6.0
0,151.88,Unused,M,43,6.5
0,151.88,Unused,M,43,6.5
0,242.6,Unused,M,43,12.99
1,14.97,Used,M,6,20.0
0,141.74,Used,M,6,6.0
0,79.0,Used,M,6,6.0
0,18.23,Unused,M,6,6.0
0,8.97,Unused,M,6,20.0
1,57.58,Used,M,25,6.5
0,238.0,Used,M,25,6.5
0,119.0,Used,M,25,6.5
0,298.0,Used,M,25,6.5
0,31.98,Unused,M,25,6.5
0,238.0,Unused,M,25,6.5
0,15.99,Unused,M,25,6.5
0,86.34,Unused,M,25,12.48
0,398.0,Unused,M,25,8.7
0,4.4,Unused,M,25,6.5
0,102.35,Unused,M,25,12.48
0,4.77,Unused,M,25,6.5
0,18.99,Unused,M,25,6.5
0,2.39,Unused,M,25,6.5
1,82.76,Used,M,25,12.99
0,34.69,Used,M,25,6.0
0,149.0,Used,M,25,6.0
0,12.31,Unused,M,25,6.0
1,3.47,Used,F,2,6.5
0,11.2,Unused,F,2,6.0
0,100.91,Unused,F,2,6.5
0,17.92,Unused,F,2,6.5
0,121.3,Unused,F,2,6.5
0,485.2,Unused,F,2,6.5
0,201.82,Unused,F,2,6.5
0,21.58,Unused,F,2,6.5
1,474.0,Used,M,7,6.0
0,18.74,Unused,M,7,6.0
0,21.98,Unused,M,7,6.0
0,150.0,Unused,M,7,16.85
0,298.0,Unused,M,7,6.0
1,9.46,Used,M,32,6.5
0,3.5,Used,M,32,6.5
0,119.0,Used,M,32,6.5
0,119.0,Used,M,32,6.5
0,15.99,Used,M,32,6.5
0,30.38,Unused,M,32,6.5
0,98.99,Unused,M,32,24.47
0,37.98,Unused,M,32,6.5
0,42.98,Unused,M,32,6.5
0,33.99,Unused,M,32,6.5
0,238.0,Unused,M,32,6.5
0,119.0,Unused,M,32,6.5
0,238.0,Unused,M,32,6.5
0,119.0,Unused,M,32,6.5
0,238.0,Unused,M,32,6.5
0,119.0,Unused,M,32,6.5
0,79.0,Unused,M,32,6.5
0,298.0,Unused,M,32,6.5
0,8.99,Unused,M,32,6.5
0,119.0,Unused,M,32,6.5
0,119.0,Unused,M,32,6.5
0,149.0,Unused,M,32,6.5
1,9.99,Used,M,32,6.0
0,37.98,Used,M,32,6.0
0,27.18,Used,M,32,6.0
0,149.0,Used,M,32,6.0
0,63.87,Unused,M,32,6.0
0,199.0,Unused,M,32,6.0
0,199.0,Unused,M,32,6.0
0,26.98,Unused,M,32,6.0
0,7.98,Unused,M,32,6.0
0,15.69,Unused,M,32,6.0
0,119.0,Unused,M,32,6.0
0,149.0,Unused,M,32,6.0
1,46.21,Used,M,39,6.5
0,4.1,Used,M,39,6.5
0,153.71,Used,M,39,6.5
0,153.71,Used,M,39,6.5
0,723.2,Unused,M,39,245.74
0,153.71,Unused,M,39,6.5
0,153.71,Unused,M,39,6.5
0,82.4,Used,M,39,28.78
0,11.84,Used,M,39,6.5
0,9.27,Used,M,39,6.5
0,306.62,Used,M,39,50.74
0,82.32,Used,M,39,13.78
0,57.76,Used,M,39,6.5
0,368.31,Used,M,39,6.5
0,245.54,Used,M,39,6.5
0,296.96,Used,M,39,6.5
0,17.53,Used,M,39,6.5
0,99.0,Unused,M,39,50.74
0,123.7,Unused,M,39,28.78
0,46.21,Unused,M,39,12.76
0,610.57,Unused,M,39,6.5
0,491.08,Unused,M,39,6.5
0,122.77,Unused,M,39,6.5
0,205.3,Unused,M,39,6.5
0,81.5,Unused,M,39,6.5
0,388.92,Unused,M,39,6.5
0,306.39,Unused,M,39,6.5
0,17.53,Unused,M,39,6.5
0,153.71,Unused,M,39,6.5
0,3.61,Unused,M,39,6.5
0,8.2,Unused,M,39,50.74
0,57.76,Unused,M,39,6.5
0,14.42,Unused,M,39,6.5
0,122.77,Unused,M,39,6.5
0,175.3,Unused,M,39,6.5
0,153.71,Unused,M,39,6.5
1,379.6,Used,F,8,12.91
0,6.0,Used,F,8,6.0
0,17.97,Used,F,8,6.0
0,43.5,Used,F,8,6.0
0,204.64,Used,F,8,20.22
0,837.0,Used,F,8,6.0
0,119.0,Used,F,8,6.0
0,119.0,Used,F,8,6.0
0,119.0,Used,F,8,6.0
0,119.0,Used,F,8,6.0
0,349.0,Used,F,8,6.0
0,149.0,Used,F,8,6.0
0,316.0,Used,F,8,6.0
0,79.0,Used,F,8,6.0
0,3.99,Unused,F,8,6.0
0,396.74,Unused,F,8,35.89
0,5.98,Unused,F,8,20.22
0,91.08,Unused,F,8,12.91
0,198.0,Unused,F,8,6.0
0,79.99,Unused,F,8,6.0
0,119.0,Unused,F,8,6.0
0,119.0,Unused,F,8,6.0
0,349.0,Unused,F,8,6.0
0,349.0,Unused,F,8,6.0
0,158.0,Unused,F,8,6.0
0,79.0,Unused,F,8,6.0
0,149.0,Unused,F,8,6.0
0,298.0,Unused,F,8,6.0
0,149.0,Unused,F,8,6.0
0,27.5,Unused,F,8,6.0
0,4.99,Unused,F,8,6.0
0,15.99,Unused,F,8,20.22
0,23.75,Unused,F,8,6.0
0,238.0,Unused,F,8,6.0
0,149.0,Unused,F,8,6.0
0,13.59,Unused,F,8,6.0
1,4.08,Used,F,50,6.5
0,100.91,Used,F,50,6.5
0,302.73,Used,F,50,6.5
0,22.41,Used,F,50,6.0
0,8.94,Used,F,50,6.5
0,35.86,Unused,F,50,6.5
0,35.86,Unused,F,50,6.5
0,8.96,Unused,F,50,6.5
0,202.84,Unused,F,50,6.5
0,17.93,Unused,F,50,6.5
0,7.31,Unused,F,50,6.5
0,3.05,Unused,F,50,6.0
0,121.3,Unused,F,50,12.99
0,242.6,Unused,F,50,12.91
0,242.6,Unused,F,50,6.5
0,355.74,Unused,F,50,6.5
0,303.76,Unused,F,50,12.99
0,706.36,Unused,F,50,6.5
0,151.88,Unused,F,50,6.5
0,151.88,Unused,F,50,6.5
0,151.88,Unused,F,50,12.99
0,100.91,Unused,F,50,6.5
0,7.32,Unused,F,50,6.5
0,303.76,Unused,F,50,12.91
1,26.38,Used,M,40,6.5
0,368.31,Used,M,40,6.5
0,122.77,Used,M,40,6.5
0,245.54,Used,M,40,6.5
0,235.21,Used,M,40,6.5
0,244.5,Used,M,40,6.5
0,244.5,Used,M,40,6.5
0,153.71,Used,M,40,6.5
0,51.58,Unused,M,40,0.0
0,28.05,Unused,M,40,6.5
0,122.77,Unused,M,40,6.5
0,276.48,Unused,M,40,6.5
0,122.77,Unused,M,40,6.5
0,16.5,Unused,M,40,6.5
0,244.5,Unused,M,40,6.5
0,153.71,Unused,M,40,6.5
0,307.42,Unused,M,40,6.5
0,122.77,Unused,M,40,6.5
0,122.77,Unused,M,40,6.5
0,307.42,Unused,M,40,6.5
0,122.77,Used,M,40,6.5
0,36.08,Unused,M,40,6.5
0,122.77,Unused,M,40,6.5
1,9.98,Used,F,22,6.0
0,99.99,Used,F,22,6.0
0,2.1,Unused,F,22,6.0
0,99.0,Unused,F,22,6.0
0,99.0,Unused,F,22,6.0
0,447.0,Unused,F,22,6.0
0,119.0,Unused,F,22,12.99
1,198.0,Used,M,34,6.0
0,238.0,Used,M,34,6.0
0,14.4,Used,M,34,6.0
0,22.0,Used,M,34,6.0
0,14.74,Unused,M,34,6.0
0,398.0,Unused,M,34,6.0
0,50.4,Unused,M,34,6.0
0,16.99,Unused,M,34,15.75
0,119.0,Unused,M,34,6.0
0,119.0,Unused,M,34,6.0
0,5.0,Unused,M,34,6.0
0,3.8,Unused,M,34,6.0
0,198.0,Unused,M,34,6.0
0,15.19,Unused,M,34,15.75
1,20.78,Used,F,28,6.0
1,558.0,Used,F,28,6.5
0,119.0,Used,F,28,6.5
0,349.0,Used,F,28,6.5
0,149.0,Used,F,28,6.5
0,1.99,Unused,F,28,6.5
0,31.98,Unused,F,28,6.5
0,99.0,Unused,F,28,6.5
0,198.0,Unused,F,28,6.5
0,198.0,Unused,F,28,6.5
0,238.0,Unused,F,28,6.5
0,395.0,Unused,F,28,6.5
0,149.0,Unused,F,28,6.5
0,27.5,Unused,F,28,6.0
0,149.0,Unused,F,28,6.5
1,20.82,Used,M,32,6.0
0,8.79,Used,M,32,6.0
0,3.99,Used,M,32,6.0
0,159.6,Used,M,32,13.38
0,25.58,Used,M,32,6.0
0,15.19,Used,M,32,6.0
0,13.59,Used,M,32,19.99
0,45.57,Used,M,32,6.0
0,79.0,Used,M,32,6.0
0,159.5,Unused,M,32,12.48
0,19.8,Unused,M,32,6.0
0,114.87,Unused,M,32,6.0
0,17.19,Unused,M,32,6.0
0,344.79,Unused,M,32,30.92
0,43.98,Unused,M,32,19.99
0,119.0,Unused,M,32,6.0
0,238.0,Unused,M,32,12.99
0,24.78,Unused,M,32,6.0
0,149.0,Unused,M,32,6.0
0,159.6,Unused,M,32,13.38
0,179.5,Unused,M,32,12.48
0,5.97,Unused,M,32,6.0
0,160.59,Unused,M,32,6.0
0,2.39,Unused,M,32,6.0
0,33.99,Unused,M,32,6.0
0,175.89,Unused,M,32,6.0
0,13.59,Unused,M,32,19.99
0,149.0,Unused,M,32,6.0
1,3.61,Used,M,19,6.5
0,2.05,Used,M,19,6.5
0,75.91,Used,M,19,6.5
0,122.77,Used,M,19,6.5
0,122.77,Used,M,19,6.5
0,122.77,Used,M,19,6.5
0,33.0,Used,M,19,6.5
0,153.71,Used,M,19,6.5
0,153.71,Used,M,19,6.5
0,71.09,Unused,M,19,6.5
0,15.95,Unused,M,19,6.5
0,285.77,Unused,M,19,6.5
0,245.54,Unused,M,19,6.5
0,122.77,Unused,M,19,6.5
0,122.77,Unused,M,19,6.5
0,368.31,Unused,M,19,6.5
0,16.5,Unused,M,19,6.5
0,81.5,Unused,M,19,6.5
0,81.5,Unused,M,19,6.5
0,81.5,Unused,M,19,6.5
0,153.71,Unused,M,19,6.5
0,4.08,Unused,M,19,6.5
0,122.77,Unused,M,19,6.5
0,20.62,Unused,M,19,6.5
0,163.0,Unused,M,19,6.5
0,307.42,Unused,M,19,6.5
0,122.77,Unused,M,19,6.5
1,177.86,Used,M,19,67.67
0,44.79,Used,M,19,6.5
0,59.58,Used,M,19,6.5
0,87.18,Used,M,19,12.48
0,19.08,Used,M,19,6.5
0,238.0,Used,M,19,6.5
0,149.0,Used,M,19,6.5
0,10.99,Unused,M,19,6.5
0,43.07,Unused,M,19,6.5
0,79.99,Unused,M,19,12.48
0,7.98,Unused,M,19,6.5
0,283.23,Unused,M,19,67.67
0,238.0,Unused,M,19,6.5
0,119.0,Unused,M,19,6.5
0,19.99,Unused,M,19,6.5
0,76.99,Unused,M,19,6.5
0,41.94,Unused,M,19,67.67
0,12.99,Unused,M,19,6.5
0,396.0,Unused,M,19,6.5
0,76.99,Unused,M,19,6.5
0,59.99,Unused,M,19,6.5
0,21.99,Unused,M,19,6.5
1,2.8,Used,F,6,6.0
0,137.15,Used,F,6,6.0
0,34.39,Used,F,6,6.0
0,8.87,Unused,F,6,6.0
0,85.04,Unused,F,6,6.0
0,166.57,Unused,F,6,6.0
0,22.79,Unused,F,6,6.0
0,53.15,Unused,F,6,6.0
1,66.22,Used,F,6,6.5
0,10.63,Used,F,6,6.0
0,19.19,Used,F,6,6.0
0,119.0,Used,F,6,6.0
0,149.0,Used,F,6,6.0
0,316.0,Used,F,6,6.0
0,149.0,Used,F,6,6.0
0,5.6,Unused,F,6,6.5
0,298.0,Unused,F,6,6.0
0,19.19,Unused,F,6,6.0
0,5.55,Unused,F,6,6.5
0,149.0,Unused,F,6,12.99
1,3.99,Used,F,5,6.5
0,23.1,Unused,F,5,6.5
1,111.6,Used,F,5,14.25
0,131.85,Used,F,5,16.1
0,119.0,Used,F,5,6.0
0,335.92,Used,F,5,12.48
0,298.0,Used,F,5,6.0
0,63.84,Unused,F,5,6.5
0,111.6,Unused,F,5,14.25
0,179.85,Unused,F,5,16.1
0,119.0,Unused,F,5,6.0
0,149.0,Unused,F,5,6.0
0,298.0,Unused,F,5,6.0
1,49.98,Used,F,37,6.5
1,11.75,Used,F,44,6.0
0,1.99,Used,F,44,12.99
0,3.33,Used,F,44,6.0
0,33.98,Used,F,44,26.43
0,40.77,Used,F,44,33.04
0,149.0,Used,F,44,6.0
0,6.36,Unused,F,44,26.43
0,19.97,Unused,F,44,6.0
0,16.8,Unused,F,44,6.0
0,16.07,Unused,F,44,6.0
0,8.8,Unused,F,44,6.0
0,139.75,Unused,F,44,33.04
0,27.6,Unused,F,44,6.0
0,119.0,Unused,F,44,6.0
0,149.0,Unused,F,44,6.0
0,9.49,Unused,F,44,6.0
0,16.8,Unused,F,44,6.0
0,19.99,Unused,F,44,33.04
0,65.23,Unused,F,44,26.43
0,18.55,Unused,F,44,6.0
0,6.0,Used,F,44,6.0
0,11.4,Unused,F,44,6.0
1,81.13,Used,M,42,6.0
0,51.3,Unused,M,42,6.0
0,11.5,Unused,M,42,6.0
0,238.0,Unused,M,42,6.0
0,27.97,Unused,M,42,6.0
1,16.5,Used,M,5,6.5
0,7.42,Used,M,5,6.5
0,153.71,Used,M,5,6.5
0,153.71,Used,M,5,6.5
0,118.82,Unused,M,5,6.5
0,24.7,Unused,M,5,18.65
0,163.0,Unused,M,5,6.5
0,153.71,Unused,M,5,6.5
0,153.71,Unused,M,5,6.5
0,122.77,Unused,M,5,6.5
0,614.84,Unused,M,5,6.5
0,11.56,Used,M,5,6.5
0,122.77,Used,M,5,6.5
0,122.77,Used,M,5,6.5
0,368.31,Used,M,5,6.5
0,18.15,Used,M,5,6.5
0,307.42,Used,M,5,6.5
0,461.13,Used,M,5,6.5
0,461.13,Used,M,5,6.5
0,164.96,Unused,M,5,18.47
0,122.77,Unused,M,5,6.5
0,122.77,Unused,M,5,6.5
0,122.77,Unused,M,5,6.5
0,204.27,Unused,M,5,6.5
0,18.15,Unused,M,5,6.5
0,153.71,Unused,M,5,6.5
0,122.77,Unused,M,5,6.5
0,81.5,Unused,M,5,6.5
1,5.7,Used,F,2,6.0
0,8.0,Used,F,2,6.0
0,41.99,Used,F,2,6.0
0,79.0,Used,F,2,6.0
0,55.99,Unused,F,2,6.0
0,10.63,Unused,F,2,6.0
0,10.56,Unused,F,2,6.0
0,22.69,Unused,F,2,6.0
0,199.0,Unused,F,2,6.0
0,44.79,Unused,F,2,6.0
1,26.49,Used,F,40,6.0
0,7.2,Used,F,40,6.0
0,99.99,Used,F,40,6.0
0,53.28,Used,F,40,50.0
0,119.0,Used,F,40,6.0
0,67.19,Used,F,40,6.0
0,11.5,Unused,F,40,6.0
0,23.53,Unused,F,40,6.0
0,61.94,Unused,F,40,6.0
0,24.99,Unused,F,40,50.0
0,476.0,Unused,F,40,6.0
0,566.0,Unused,F,40,6.0
0,13.49,Unused,F,40,6.0
0,21.26,Unused,F,40,6.0
0,119.0,Unused,F,40,6.0
0,149.0,Unused,F,40,6.0
0,7.98,Used,F,40,6.5
0,284.95,Used,F,40,6.0
0,3.5,Used,F,40,6.0
0,19.2,Used,F,40,6.0
0,48.14,Used,F,40,12.99
0,169.27,Used,F,40,6.0
0,99.99,Used,F,40,6.0
0,77.58,Used,F,40,16.47
0,101.99,Used,F,40,6.0
0,556.8,Used,F,40,30.59
0,572.0,Used,F,40,120.0
0,12.79,Used,F,40,6.0
0,4.56,Used,F,40,6.0
0,5.7,Used,F,40,6.0
0,119.0,Used,F,40,6.0
0,417.0,Used,F,40,6.0
0,119.0,Used,F,40,6.0
0,9.99,Used,F,40,6.0
0,41.99,Used,F,40,6.0
0,298.0,Used,F,40,6.0
0,149.0,Used,F,40,6.0
0,237.0,Used,F,40,6.0
0,395.0,Used,F,40,6.0
0,13.59,Used,F,40,6.5
0,27.18,Used,F,40,6.0
0,298.0,Used,F,40,6.0
0,149.0,Used,F,40,6.0
0,149.0,Used,F,40,6.0
0,149.0,Used,F,40,6.0
0,23.17,Unused,F,40,12.99
0,531.75,Unused,F,40,6.0
0,15.28,Unused,F,40,6.0
0,14.35,Unused,F,40,6.0
0,15.19,Unused,F,40,6.0
0,4.5,Unused,F,40,6.0
0,32.78,Unused,F,40,6.0
0,46.22,Unused,F,40,6.0
0,20.78,Unused,F,40,6.0
0,40.66,Unused,F,40,6.0
0,278.4,Unused,F,40,30.59
0,17.29,Unused,F,40,6.0
0,71.16,Unused,F,40,6.0
0,15.19,Unused,F,40,6.0
0,114.0,Unused,F,40,16.47
0,25.58,Unused,F,40,6.5
0,304.12,Unused,F,40,6.0
0,62.7,Unused,F,40,6.5
0,24.99,Unused,F,40,6.0
0,15.2,Unused,F,40,6.0
0,42.52,Unused,F,40,6.5
0,238.0,Unused,F,40,6.0
0,476.0,Unused,F,40,6.0
0,268.0,Unused,F,40,12.99
0,238.0,Unused,F,40,6.0
0,476.0,Unused,F,40,6.0
0,238.0,Unused,F,40,6.0
0,119.0,Unused,F,40,12.99
0,119.0,Unused,F,40,6.0
0,10.63,Unused,F,40,6.5
0,26.58,Unused,F,40,6.0
0,149.0,Unused,F,40,6.0
0,149.0,Unused,F,40,6.0
0,149.0,Unused,F,40,6.0
0,41.99,Unused,F,40,6.0
0,447.0,Unused,F,40,6.0
0,237.0,Unused,F,40,6.0
0,158.0,Unused,F,40,6.0
0,149.0,Unused,F,40,6.0
0,149.0,Unused,F,40,6.0
0,149.0,Unused,F,40,6.0
0,162.25,Unused,F,40,6.0
0,16.8,Unused,F,40,6.0
0,18.38,Unused,F,40,6.0
0,66.0,Unused,F,40,16.47
0,59.44,Unused,F,40,6.0
0,15.99,Unused,F,40,6.0
0,94.05,Unused,F,40,6.5
0,9.6,Unused,F,40,6.0
0,8.16,Unused,F,40,6.0
0,10.63,Unused,F,40,6.0
0,149.0,Unused,F,40,6.0
0,13.59,Unused,F,40,6.5
0,13.59,Unused,F,40,6.5
0,149.0,Unused,F,40,6.0
1,198.0,Used,F,34,6.0
0,349.0,Unused,F,34,6.0
0,348.0,Unused,F,34,19.99
0,447.0,Unused,F,34,6.0
1,95.18,Used,F,15,12.99
0,25.88,Used,F,15,6.0
0,377.85,Used,F,15,17.08
0,10.63,Used,F,15,12.99
0,1.5,Unused,F,15,6.0
0,12.99,Unused,F,15,6.0
0,255.2,Unused,F,15,20.33
0,41.02,Unused,F,15,12.99
0,79.0,Unused,F,15,6.0
0,29.98,Unused,F,15,6.0
0,3.98,Unused,F,15,6.0
1,55.19,Used,F,44,6.0
0,57.98,Used,F,44,6.0
0,22.94,Used,F,44,6.0
0,119.0,Used,F,44,6.0
0,149.0,Used,F,44,6.0
0,11.75,Unused,F,44,6.0
0,78.36,Unused,F,44,6.0
0,119.0,Unused,F,44,6.0
0,119.0,Unused,F,44,6.0
0,81.81,Unused,F,44,6.0
1,1.5,Used,F,26,6.5
0,2.5,Unused,F,26,6.5
0,149.0,Unused,F,26,6.5
1,121.3,Used,F,10,6.5
0,44.34,Used,F,10,6.0
0,151.88,Used,F,10,19.99
0,14.78,Unused,F,10,6.0
0,241.56,Unused,F,10,19.99
0,9.68,Unused,F,10,6.0
0,355.74,Unused,F,10,19.99
0,161.04,Unused,F,10,6.5
0,11.2,Used,F,10,6.0
0,36.66,Used,F,10,6.5
0,241.56,Used,F,10,12.99
0,121.3,Unused,F,10,12.99
0,7.74,Unused,F,10,6.5
0,121.3,Unused,F,10,12.99
1,50.37,Used,F,10,6.5
0,119.0,Used,F,10,6.5
0,119.0,Used,F,10,6.5
0,61.59,Used,F,10,6.5
0,149.0,Used,F,10,6.5
0,66.96,Unused,F,10,14.96
0,1078.65,Unused,F,10,87.89
0,862.65,Unused,F,10,57.33
0,595.0,Unused,F,10,6.5
0,238.0,Unused,F,10,6.5
0,119.0,Unused,F,10,6.5
0,119.0,Unused,F,10,6.5
0,595.0,Unused,F,10,6.5
0,238.0,Unused,F,10,6.5
0,35.98,Unused,F,10,6.5
0,79.0,Unused,F,10,6.5
0,149.0,Unused,F,10,6.5
0,447.0,Unused,F,10,6.5
0,298.0,Unused,F,10,6.5
0,239.76,Unused,F,10,14.96
0,43.98,Unused,F,10,6.5
0,119.0,Unused,F,10,6.5
0,238.0,Unused,F,10,6.5
0,238.0,Unused,F,10,6.5
1,53.79,Used,F,10,6.5
0,17.93,Used,F,10,6.5
0,8.96,Used,F,10,6.5
0,3.87,Used,F,10,12.99
0,413.17,Unused,F,10,12.91
0,426.08,Unused,F,10,19.99
0,17.93,Unused,F,10,6.5
0,71.7,Unused,F,10,6.5
0,17.93,Unused,F,10,6.5
0,100.91,Unused,F,10,6.5
0,66.85,Unused,F,10,12.99
0,22.8,Unused,F,10,12.99
0,42.39,Unused,F,10,6.5
1,23.99,Used,M,11,6.0
0,19.98,Used,M,11,12.99
0,16.99,Used,M,11,6.0
0,25.95,Unused,M,11,12.99
0,25.37,Unused,M,11,12.99
0,238.0,Unused,M,11,6.0
1,79.2,Used,F,5,13.78
0,36.09,Used,F,5,6.5
0,21.44,Used,F,5,18.47
0,81.5,Used,F,5,6.5
0,153.71,Used,F,5,6.5
0,15.67,Used,F,5,6.5
0,21.44,Unused,F,5,6.5
0,41.2,Unused,F,5,6.5
0,10.31,Unused,F,5,6.5
0,85.8,Unused,F,5,18.47
0,245.54,Unused,F,5,6.5
0,122.77,Unused,F,5,6.5
0,122.77,Unused,F,5,6.5
0,368.31,Unused,F,5,6.5
0,18.15,Unused,F,5,6.5
0,163.0,Unused,F,5,6.5
0,321.87,Unused,F,5,8.7
0,35.06,Unused,F,5,6.5
0,153.71,Unused,F,5,6.5
0,307.42,Unused,F,5,6.5
0,122.77,Unused,F,5,6.5
0,122.77,Unused,F,5,6.5
0,205.3,Unused,F,5,6.5
0,90.77,Unused,F,5,6.5
0,35.06,Unused,F,5,6.5
1,30.79,Unused,F,5,12.99
0,91.0,Used,F,5,19.99
0,119.0,Used,F,5,6.0
0,15.99,Used,F,5,6.0
0,41.99,Used,F,5,6.0
0,105.54,Unused,F,5,19.02
0,215.7,Unused,F,5,52.38
0,61.59,Unused,F,5,6.0
0,15.19,Unused,F,5,6.0
0,79.0,Unused,F,5,6.0
0,2.99,Unused,F,5,6.0
0,15.19,Unused,F,5,6.0
1,5.7,Used,M,31,6.0
0,28.78,Unused,M,31,6.5
0,24.99,Unused,M,31,19.99
0,21.6,Unused,M,31,6.0
0,238.0,Unused,M,31,6.0
0,19.99,Unused,M,31,6.0
0,79.0,Unused,M,31,6.0
0,29.58,Unused,M,31,6.5
0,2.99,Unused,M,31,6.0
0,119.0,Unused,M,31,6.0
0,119.0,Unused,M,31,6.0
0,13.59,Unused,M,31,6.0
1,72.98,Used,M,50,6.5
0,74.99,Used,M,50,6.5
0,55.99,Unused,M,50,6.5
0,19.99,Unused,M,50,6.5
1,10.2,Used,M,50,6.0
0,16.99,Used,M,50,6.0
0,16.99,Unused,M,50,6.0
0,9.49,Unused,M,50,6.0
1,4.17,Used,M,21,6.0
0,4.56,Used,M,21,6.0
0,238.0,Used,M,21,6.0
0,119.0,Used,M,21,12.99
0,119.0,Used,M,21,12.99
0,84.95,Used,M,21,6.0
0,15.19,Used,M,21,6.0
0,79.0,Used,M,21,6.0
0,13.59,Used,M,21,6.0
0,199.0,Unused,M,21,12.99
0,10.39,Unused,M,21,6.0
0,11.96,Unused,M,21,6.0
0,46.8,Unused,M,21,6.0
0,39.19,Unused,M,21,6.0
0,21.66,Unused,M,21,6.0
0,19.99,Unused,M,21,6.0
0,119.0,Unused,M,21,6.0
0,15.19,Unused,M,21,6.0
0,149.0,Unused,M,21,6.0
0,9.6,Unused,M,21,6.0
0,60.0,Unused,M,21,6.0
0,38.38,Used,M,21,6.0
0,140.6,Used,M,21,6.0
0,119.0,Used,M,21,6.0
0,44.0,Used,M,21,12.99
0,16.99,Used,M,21,6.0
0,203.56,Unused,M,21,6.0
0,29.59,Unused,M,21,6.0
0,47.8,Unused,M,21,30.0
0,31.35,Unused,M,21,6.0
0,37.2,Unused,M,21,12.99
0,119.0,Unused,M,21,6.0
0,63.2,Unused,M,21,6.5
0,37.98,Unused,M,21,6.0
0,395.0,Unused,M,21,6.0
1,6.8,Unused,M,21,6.0
0,13.59,Unused,M,21,12.91
0,7.98,Unused,M,21,6.0
1,9.51,Used,F,43,6.0
0,62.37,Unused,F,43,6.0
0,35.0,Used,F,43,6.0
0,12.99,Used,F,43,6.0
0,17.5,Unused,F,43,6.0
0,298.0,Unused,F,43,12.99
0,149.0,Unused,F,43,6.0
0,149.0,Unused,F,43,6.0
0,47.4,Unused,F,43,6.0
0,237.0,Unused,F,43,19.99
1,10.59,Used,F,48,6.5
0,5.1,Used,F,48,6.0
0,100.91,Used,F,48,6.5
0,242.6,Used,F,48,6.5
0,13.88,Used,F,48,6.5
0,5.61,Unused,F,48,6.0
0,363.9,Unused,F,48,6.5
0,242.6,Unused,F,48,6.5
0,13.88,Unused,F,48,6.5
0,677.82,Unused,F,48,6.5
0,151.88,Unused,F,48,6.5
0,151.88,Unused,F,48,6.5
0,151.88,Unused,F,48,6.5
0,151.88,Unused,F,48,6.5
0,151.88,Unused,F,48,6.5
0,100.91,Unused,F,48,19.99
0,100.91,Unused,F,48,6.5
0,363.9,Unused,F,48,6.5
1,237.27,Unused,M,23,63.91
0,62.5,Unused,M,23,12.99
0,577.25,Unused,M,23,12.99
1,16.5,Used,M,23,6.0
1,180.0,Used,M,23,19.99
0,89.7,Unused,M,23,19.99
1,27.97,Used,F,45,6.5
0,307.8,Used,F,45,6.5
0,298.0,Used,F,45,6.5
0,169.81,Unused,F,45,6.5
0,23.99,Unused,F,45,6.5
0,430.92,Unused,F,45,6.5
0,2.99,Unused,F,45,6.5
0,43.02,Unused,F,45,6.5
0,215.46,Unused,F,45,6.5
1,238.0,Unused,F,18,19.99
1,119.0,Unused,F,48,6.0
0,79.0,Unused,F,48,6.0
0,149.0,Unused,F,48,6.0
0,199.0,Unused,F,48,8.7
0,57.98,Used,F,48,6.0
0,52.49,Used,F,48,6.0
0,149.0,Used,F,48,6.0
0,149.0,Used,F,48,12.99
0,149.0,Used,F,48,6.0
0,1.98,Unused,F,48,6.0
0,27.19,Unused,F,48,6.0
0,476.0,Unused,F,48,12.99
0,238.0,Unused,F,48,12.99
0,74.99,Unused,F,48,6.0
1,357.0,Used,F,48,6.0
0,30.38,Used,F,48,12.48
0,149.0,Used,F,48,6.0
0,158.0,Used,F,48,6.0
0,47.96,Unused,F,48,12.48
0,11.75,Unused,F,48,6.0
0,17.36,Unused,F,48,6.0
0,238.0,Unused,F,48,6.0
0,13.59,Unused,F,48,6.0
0,11.95,Unused,F,48,12.48
0,119.0,Unused,F,48,6.0
1,33.59,Used,M,24,6.0
0,10.99,Used,M,24,6.0
0,462.54,Used,M,24,15.37
0,3.19,Used,M,24,6.5
0,15.19,Used,M,24,6.0
0,87.99,Used,M,24,6.0
0,119.0,Used,M,24,6.0
0,119.0,Used,M,24,6.0
0,16.99,Used,M,24,19.99
0,15.99,Used,M,24,6.0
0,15.19,Used,M,24,6.0
0,27.18,Used,M,24,6.0
0,33.59,Unused,M,24,6.0
0,33.59,Unused,M,24,6.0
0,47.72,Unused,M,24,6.0
0,119.0,Unused,M,24,6.0
0,15.19,Unused,M,24,6.0
0,16.99,Unused,M,24,19.99
0,108.72,Unused,M,24,44.06
0,6.38,Unused,M,24,6.5
0,19.19,Unused,M,24,6.5
1,119.0,Used,M,11,19.99
0,158.0,Used,M,11,6.0
0,18.39,Unused,M,11,6.0
0,119.0,Unused,M,11,6.0
0,149.0,Unused,M,11,6.0
1,395.0,Used,M,11,6.0
0,199.0,Unused,M,11,6.0
0,1116.0,Unused,M,11,6.0
0,238.0,Unused,M,11,6.0
0,45.57,Unused,M,11,6.0
0,99.0,Unused,M,11,6.0
1,13.29,Used,F,41,30.0
0,119.0,Used,F,41,6.0
0,158.0,Used,F,41,12.99
0,16.99,Used,F,41,6.0
0,13.59,Used,F,41,6.0
0,2365.5,Unused,F,41,6.0
0,7.19,Unused,F,41,6.0
0,55.99,Unused,F,41,19.99
0,30.38,Unused,F,41,6.5
0,119.0,Unused,F,41,6.0
0,18.99,Unused,F,41,6.0
0,149.0,Unused,F,41,6.0
0,159.5,Unused,F,41,15.72
0,13.29,Unused,F,41,30.0
1,15.15,Used,M,19,6.0
0,19.34,Used,M,19,6.0
0,2.03,Used,M,19,6.0
0,8.16,Used,M,19,6.5
0,1.01,Unused,M,19,6.0
0,35.84,Unused,M,19,6.5
0,17.93,Unused,M,19,6.5
0,17.52,Unused,M,19,6.5
0,9.15,Unused,M,19,6.0
0,17.93,Unused,M,19,6.5
0,6.1,Unused,M,19,6.0
1,18.29,Used,F,3,6.0
0,119.0,Used,F,3,6.0
0,5.98,Unused,F,3,6.0
0,119.0,Unused,F,3,6.0
0,149.0,Unused,F,3,6.0
1,24.31,Used,F,3,12.99
0,4.56,Used,F,3,6.0
0,43.26,Unused,F,3,12.99
0,8.0,Unused,F,3,6.0
0,8.16,Unused,F,3,12.99
0,13.98,Used,F,3,6.0
1,99.0,Used,M,6,6.0
0,79.99,Used,M,6,6.0
0,149.0,Unused,M,6,6.0
0,1.5,Used,M,6,6.0
0,14.99,Unused,M,6,6.0
1,29.85,Used,F,27,6.5
0,30.38,Used,F,27,6.5
0,23.99,Used,F,27,6.5
0,119.0,Used,F,27,6.5
0,18.99,Used,F,27,6.5
0,95.99,Used,F,27,6.5
0,15.99,Used,F,27,6.5
0,302.29,Unused,F,27,6.5
0,55.99,Unused,F,27,6.5
0,843.7,Unused,F,27,249.91
0,1.99,Unused,F,27,6.5
0,40.75,Unused,F,27,6.5
0,37.99,Unused,F,27,6.5
0,149.0,Unused,F,27,6.5
0,298.0,Unused,F,27,6.5
0,194.35,Used,F,27,6.5
0,119.0,Used,F,27,6.5
0,238.0,Used,F,27,6.5
0,119.0,Used,F,27,6.5
0,79.0,Used,F,27,6.5
0,298.0,Used,F,27,6.5
0,335.7,Unused,F,27,25.37
0,40.98,Unused,F,27,6.5
0,229.98,Unused,F,27,6.5
0,19.19,Unused,F,27,20.0
0,71.94,Unused,F,27,12.48
0,24.99,Unused,F,27,6.5
0,238.0,Unused,F,27,6.5
0,99.95,Unused,F,27,6.5
1,15.98,Used,F,2,12.91
0,35.16,Unused,F,2,12.91
0,12.5,Unused,F,2,12.99
1,79.99,Used,F,4,6.0
0,130.19,Used,F,4,6.0
0,55.96,Used,F,4,6.0
0,25.18,Used,F,4,6.0
0,119.0,Used,F,4,6.0
0,119.0,Used,F,4,6.0
0,13.59,Used,F,4,6.0
0,31.98,Unused,F,4,6.0
0,76.94,Unused,F,4,6.0
0,313.19,Unused,F,4,6.0
0,29.99,Unused,F,4,6.0
0,78.34,Unused,F,4,6.0
0,22.94,Unused,F,4,6.0
0,119.0,Unused,F,4,6.0
0,357.0,Unused,F,4,6.0
0,119.0,Unused,F,4,6.0
0,357.0,Unused,F,4,6.0
0,119.0,Unused,F,4,6.0
0,119.0,Unused,F,4,6.0
0,79.0,Unused,F,4,6.0
0,298.0,Unused,F,4,6.0
0,45.57,Unused,F,4,6.0
0,18.88,Unused,F,4,6.0
0,119.0,Unused,F,4,6.0
0,19.99,Unused,F,4,6.0
0,395.0,Unused,F,4,6.0
0,149.0,Unused,F,4,6.0
0,244.87,Used,F,4,6.0
0,119.0,Used,F,4,6.0
0,119.0,Used,F,4,6.0
0,149.0,Used,F,4,6.0
0,132.46,Unused,F,4,6.0
0,555.0,Unused,F,4,6.0
0,238.0,Unused,F,4,6.0
0,79.0,Unused,F,4,6.0
0,12.31,Unused,F,4,6.0
0,183.92,Unused,F,4,6.0
0,24.98,Used,F,4,12.99
0,119.0,Used,F,4,6.0
0,21.57,Unused,F,4,6.0
0,32.47,Unused,F,4,12.99
1,55.99,Used,F,4,6.0
0,834.87,Used,F,4,6.0
0,316.0,Used,F,4,6.0
0,11.0,Used,F,4,6.0
0,322.5,Unused,F,4,6.0
0,199.0,Unused,F,4,6.0
0,5.4,Unused,F,4,6.0
0,255.8,Unused,F,4,12.48
0,349.0,Unused,F,4,6.0
0,149.0,Unused,F,4,6.0
0,149.0,Unused,F,4,6.0
0,149.0,Unused,F,4,6.0
0,3.4,Unused,F,4,6.0
0,79.0,Unused,F,4,6.0
1,2.47,Used,F,19,16.27
0,12.37,Used,F,19,6.5
0,8.24,Used,F,19,6.5
0,19.59,Unused,F,19,6.5
0,122.77,Unused,F,19,6.5
0,163.0,Unused,F,19,6.5
0,153.71,Unused,F,19,6.5
0,153.71,Unused,F,19,6.5
1,14.0,Used,F,19,12.48
0,479.6,Used,F,19,18.96
0,119.0,Used,F,19,6.0
0,238.0,Used,F,19,6.0
0,149.0,Used,F,19,6.0
0,16.99,Used,F,19,75.0
0,47.18,Unused,F,19,12.48
0,93.98,Unused,F,19,75.0
0,149.0,Unused,F,19,6.0
0,14.0,Unused,F,19,12.48
1,140.1,Used,M,12,6.5
0,1.24,Used,M,12,6.5
0,402.27,Used,M,12,6.5
0,14.44,Used,M,12,6.5
0,7.21,Used,M,12,6.5
0,57.76,Used,M,12,6.5
0,2.05,Used,M,12,6.5
0,122.77,Used,M,12,6.5
0,122.77,Used,M,12,6.5
0,399.25,Used,M,12,6.5
0,153.71,Used,M,12,6.5
0,153.71,Used,M,12,6.5
0,153.71,Used,M,12,6.5
0,425.8,Unused,M,12,6.5
0,37.08,Unused,M,12,6.5
0,154.65,Unused,M,12,6.5
0,21.64,Unused,M,12,6.5
0,122.77,Unused,M,12,6.5
0,122.77,Unused,M,12,6.5
0,122.77,Unused,M,12,6.5
0,122.77,Unused,M,12,6.5
0,245.54,Unused,M,12,6.5
0,19.59,Unused,M,12,6.5
0,81.5,Unused,M,12,6.5
0,14.02,Unused,M,12,6.5
0,153.71,Unused,M,12,6.5
0,153.71,Unused,M,12,6.5
0,307.42,Unused,M,12,6.5
0,153.71,Unused,M,12,28.78
0,153.71,Unused,M,12,6.5
0,133.85,Unused,M,12,6.5
0,245.54,Unused,M,12,6.5
0,122.77,Unused,M,12,6.5
0,163.0,Unused,M,12,6.5
0,153.71,Unused,M,12,6.5
0,36.28,Used,M,12,28.78
0,12.37,Used,M,12,35.3
0,9.84,Used,M,12,35.3
0,153.71,Used,M,12,6.5
0,153.71,Used,M,12,6.5
0,169.37,Unused,M,12,74.74
0,135.1,Unused,M,12,35.3
0,122.77,Unused,M,12,6.5
0,153.71,Unused,M,12,6.5
0,153.71,Unused,M,12,6.5
0,24.72,Unused,M,12,35.3
0,515.58,Unused,M,12,74.74
0,245.54,Unused,M,12,6.5
0,34.68,Used,M,12,13.78
0,42.2,Used,M,12,6.5
0,270.66,Unused,M,12,6.5
0,13.2,Unused,M,12,6.5
0,59.28,Unused,M,12,13.78
0,118.6,Unused,M,12,6.5
0,316.71,Unused,M,12,6.5
0,90.22,Unused,M,12,6.5
0,10.72,Unused,M,12,6.5
0,82.52,Unused,M,12,13.78
0,768.55,Unused,M,12,6.5
0,57.76,Unused,M,12,6.5
0,172.43,Unused,M,12,6.5
0,122.77,Unused,M,12,6.5
0,491.08,Unused,M,12,6.5
0,90.22,Used,M,12,6.5
0,18.55,Used,M,12,6.5
0,36.08,Used,M,12,6.5
0,172.98,Used,M,12,18.47
0,122.77,Used,M,12,6.5
0,122.77,Used,M,12,6.5
0,368.31,Used,M,12,6.5
0,491.08,Used,M,12,6.5
0,122.77,Used,M,12,6.5
0,122.77,Used,M,12,6.5
0,122.77,Used,M,12,6.5
0,254.67,Used,M,12,6.5
0,15.67,Used,M,12,6.5
0,17.53,Used,M,12,6.5
0,17.53,Used,M,12,6.5
0,153.71,Used,M,12,6.5
0,153.71,Used,M,12,6.5
0,153.71,Used,M,12,6.5
0,11.31,Unused,M,12,6.5
0,36.26,Unused,M,12,6.5
0,90.22,Unused,M,12,6.5
0,31.34,Unused,M,12,6.5
0,22.69,Unused,M,12,6.5
0,33.54,Unused,M,12,6.5
0,453.39,Unused,M,12,6.5
0,53.64,Unused,M,12,6.5
0,15.45,Unused,M,12,20.0
0,122.77,Unused,M,12,6.5
0,122.77,Unused,M,12,6.5
0,122.77,Unused,M,12,6.5
0,245.54,Unused,M,12,6.5
0,163.0,Unused,M,12,6.5
0,163.0,Unused,M,12,6.5
0,262.95,Unused,M,12,57.74
0,153.71,Unused,M,12,6.5
0,153.71,Unused,M,12,6.5
0,307.42,Unused,M,12,6.5
0,153.71,Unused,M,12,6.5
0,153.71,Unused,M,12,6.5
0,153.71,Unused,M,12,6.5
0,82.52,Unused,M,12,13.78
0,143.39,Unused,M,12,6.5
0,15.67,Unused,M,12,6.5
0,906.26,Used,M,12,98.74
0,122.77,Used,M,12,6.5
0,122.77,Used,M,12,6.5
0,15.67,Used,M,12,6.5
0,10.72,Used,M,12,6.5
0,163.0,Used,M,12,6.5
0,153.71,Used,M,12,6.5
0,82.52,Unused,M,12,6.5
0,156.08,Unused,M,12,18.47
0,1545.35,Unused,M,12,6.5
0,443.6,Unused,M,12,6.5
0,1.64,Unused,M,12,6.5
0,28.04,Unused,M,12,6.5
0,368.31,Unused,M,12,6.5
0,122.77,Unused,M,12,6.5
0,122.77,Unused,M,12,6.5
0,245.54,Unused,M,12,6.5
0,245.54,Unused,M,12,6.5
0,245.54,Unused,M,12,6.5
0,19.8,Unused,M,12,6.5
0,81.5,Unused,M,12,6.5
0,81.5,Unused,M,12,6.5
0,830.48,Unused,M,12,8.7
0,205.3,Unused,M,12,8.7
0,122.77,Unused,M,12,6.5
0,122.77,Unused,M,12,6.5
0,16.5,Unused,M,12,6.5
0,326.0,Used,M,12,6.5
0,122.77,Unused,M,12,6.5
0,61.88,Used,M,12,6.5
0,245.54,Used,M,12,6.5
0,153.71,Used,M,12,8.7
0,205.3,Used,M,12,6.5
0,205.3,Used,M,12,6.5
0,245.54,Used,M,12,6.5
0,81.5,Used,M,12,6.5
0,81.5,Used,M,12,6.5
0,153.71,Used,M,12,6.5
0,10.72,Unused,M,12,6.5
0,122.77,Unused,M,12,6.5
0,122.77,Unused,M,12,6.5
0,205.3,Unused,M,12,6.5
0,552.96,Unused,M,12,6.5
0,205.3,Unused,M,12,6.5
0,122.77,Unused,M,12,6.5
0,19.59,Unused,M,12,6.5
0,306.39,Unused,M,12,6.5
0,407.5,Unused,M,12,6.5
0,235.21,Unused,M,12,6.5
0,204.26,Unused,M,12,6.5
0,81.5,Unused,M,12,6.5
0,75.91,Unused,M,12,6.5
0,153.71,Unused,M,12,6.5
0,153.71,Unused,M,12,6.5
0,153.71,Unused,M,12,6.5
0,153.71,Unused,M,12,6.5
0,205.3,Unused,M,12,6.5
0,122.77,Unused,M,12,6.5
0,122.77,Unused,M,12,6.5
0,122.77,Unused,M,12,6.5
0,153.71,Unused,M,12,6.5
0,38.14,Used,M,12,6.5
0,2.05,Used,M,12,6.5
0,245.54,Used,M,12,6.5
0,122.77,Used,M,12,6.5
0,122.77,Used,M,12,6.5
0,122.77,Used,M,12,6.5
0,245.54,Used,M,12,6.5
0,153.71,Used,M,12,6.5
0,153.71,Used,M,12,6.5
0,307.42,Used,M,12,6.5
0,153.71,Used,M,12,6.5
0,153.71,Used,M,12,6.5
0,153.71,Used,M,12,6.5
0,74.25,Unused,M,12,6.5
0,1568.0,Unused,M,12,182.74
0,29.9,Unused,M,12,6.5
0,7.21,Unused,M,12,6.5
0,26.77,Unused,M,12,6.5
0,122.77,Unused,M,12,6.5
0,245.54,Unused,M,12,6.5
0,122.77,Unused,M,12,6.5
0,613.85,Unused,M,12,6.5
0,17.53,Unused,M,12,6.5
0,153.71,Unused,M,12,6.5
0,4.12,Unused,M,12,6.5
0,13.4,Unused,M,12,6.5
0,10.3,Unused,M,12,6.5
0,7.21,Unused,M,12,6.5
0,19.79,Unused,M,12,6.5
0,122.77,Unused,M,12,6.5
0,122.77,Unused,M,12,6.5
0,153.71,Unused,M,12,6.5
0,43.3,Used,M,12,6.5
0,19.8,Used,M,12,20.74
0,37.94,Used,M,12,6.5
0,14.42,Used,M,12,6.5
0,2.05,Used,M,12,6.5
0,23.69,Used,M,12,6.5
0,13.18,Used,M,12,6.5
0,61.89,Used,M,12,6.5
0,163.0,Used,M,12,6.5
0,130.9,Unused,M,12,6.5
0,19.76,Unused,M,12,6.5
0,46.21,Unused,M,12,12.76
0,7.21,Unused,M,12,6.5
0,135.33,Unused,M,12,6.5
0,3.08,Unused,M,12,6.5
0,31.35,Unused,M,12,6.5
0,61.89,Unused,M,12,6.5
0,153.71,Unused,M,12,6.5
0,33.0,Unused,M,12,6.5
0,19.8,Unused,M,12,20.74
0,33.81,Unused,M,12,6.5
0,122.77,Unused,M,12,28.78
0,153.71,Unused,M,12,6.5
1,35.0,Used,F,20,6.5
0,231.78,Unused,F,20,6.5
0,22.49,Unused,F,20,6.5
0,55.99,Unused,F,20,6.5
0,238.0,Unused,F,20,6.5
0,16.99,Unused,F,20,6.5
0,61.94,Used,F,20,6.5
0,238.0,Used,F,20,6.5
0,15.99,Used,F,20,6.5
0,40.77,Used,F,20,6.5
0,79.88,Unused,F,20,6.5
0,55.3,Unused,F,20,6.5
0,119.0,Unused,F,20,6.5
0,238.0,Unused,F,20,6.5
0,19.99,Unused,F,20,6.5
0,119.0,Unused,F,20,6.5
0,87.17,Unused,F,20,6.5
0,16.99,Unused,F,20,6.5
1,33.59,Used,F,33,6.0
0,51.72,Used,F,33,6.0
0,268.0,Unused,F,33,6.0
0,198.0,Unused,F,33,6.0
0,238.0,Unused,F,33,6.0
0,87.95,Unused,F,33,6.0
0,33.59,Unused,F,33,6.0
0,10.63,Unused,F,33,6.0
1,30.36,Used,F,33,19.99
0,32.38,Used,F,33,6.0
0,121.3,Used,F,33,20.85
0,121.3,Used,F,33,6.5
0,17.93,Unused,F,33,12.99
0,689.05,Unused,F,33,6.5
0,29.75,Unused,F,33,19.99
0,160.02,Unused,F,33,6.5
0,121.3,Unused,F,33,6.5
0,355.74,Unused,F,33,12.99
0,303.76,Unused,F,33,12.99
1,6.0,Unused,F,10,6.0
0,28.8,Used,F,10,12.91
0,28.8,Unused,F,10,12.91
0,19.2,Unused,F,10,12.91
1,119.0,Used,M,33,6.0
0,298.0,Used,M,33,6.0
0,107.17,Unused,M,33,6.0
0,52.07,Unused,M,33,6.0
0,149.0,Unused,M,33,6.0
0,149.0,Unused,M,33,6.0
0,149.0,Unused,M,33,6.0
0,149.0,Unused,M,33,6.0
0,24.64,Unused,M,33,6.0
1,34.35,Used,M,33,6.0
0,5.19,Used,M,33,6.5
0,84.21,Used,M,33,6.0
0,2.39,Used,M,33,6.0
0,615.75,Used,M,33,29.9
0,77.89,Used,M,33,12.99
0,238.0,Used,M,33,6.0
0,14.38,Unused,M,33,6.5
0,8.99,Unused,M,33,6.0
0,16.99,Unused,M,33,6.0
0,283.75,Unused,M,33,29.9
0,26.79,Unused,M,33,6.0
0,119.0,Unused,M,33,6.0
0,6.0,Unused,M,33,6.0
0,149.0,Unused,M,33,6.0
0,15.19,Unused,M,33,12.99
0,7.98,Unused,M,33,6.0
0,12.7,Unused,M,33,6.0
1,153.51,Used,F,8,12.48
0,57.52,Used,F,8,13.35
0,82.08,Used,F,8,6.5
0,119.0,Used,F,8,6.5
0,15.19,Used,F,8,6.5
0,298.0,Used,F,8,6.5
0,149.0,Used,F,8,6.5
0,499.5,Unused,F,8,6.5
0,153.51,Unused,F,8,13.35
0,18.99,Unused,F,8,6.5
0,119.0,Unused,F,8,6.5
0,119.0,Unused,F,8,6.5
0,119.0,Unused,F,8,6.5
0,119.0,Unused,F,8,6.5
0,16.99,Unused,F,8,6.5
0,149.0,Unused,F,8,6.5
0,238.0,Unused,F,8,6.5
0,119.0,Unused,F,8,6.5
0,949.5,Unused,F,8,6.5
0,108.72,Unused,F,8,12.48
1,46.17,Unused,F,12,12.99
1,6.99,Used,M,25,6.0
0,16.72,Used,M,25,6.5
0,119.0,Used,M,25,6.0
0,357.0,Used,M,25,6.0
0,119.0,Used,M,25,6.0
0,31.99,Used,M,25,6.0
0,26.37,Unused,M,25,6.0
0,2.1,Unused,M,25,6.0
0,796.0,Unused,M,25,6.0
0,349.0,Unused,M,25,6.0
0,298.0,Unused,M,25,6.0
0,1.98,Unused,M,25,6.0
0,44.0,Unused,M,25,6.0
1,198.0,Unused,M,25,6.5
1,1.64,Used,F,44,6.5
0,153.71,Used,F,44,6.5
0,138.44,Unused,F,44,6.5
0,4.11,Unused,F,44,6.5
1,31.14,Used,F,44,24.37
0,119.0,Used,F,44,6.0
0,9.51,Used,F,44,6.5
0,25.9,Used,F,44,6.0
0,23.98,Unused,F,44,6.0
0,119.94,Unused,F,44,24.37
0,26.58,Unused,F,44,6.0
0,119.0,Unused,F,44,6.0
0,238.0,Unused,F,44,12.99
0,22.94,Unused,F,44,6.0
0,18.99,Unused,F,44,6.0
0,19.19,Unused,F,44,6.0
0,149.0,Unused,F,44,12.99
0,13.59,Unused,F,44,6.0
0,12.31,Unused,F,44,6.0
0,54.38,Unused,F,44,6.5
0,238.0,Unused,F,44,6.0
0,15.19,Unused,F,44,6.0
0,158.0,Unused,F,44,12.99
0,16.99,Unused,F,44,6.0
0,13.59,Unused,F,44,6.0
0,67.95,Used,F,44,12.48
0,16.99,Used,F,44,6.0
0,13.29,Unused,F,44,6.0
0,119.0,Unused,F,44,6.0
0,74.35,Unused,F,44,12.48
0,16.99,Unused,F,44,6.0
0,357.0,Unused,F,44,6.0
0,13.59,Unused,F,44,12.48
0,447.0,Unused,F,44,6.0
0,5.99,Used,F,44,6.0
0,292.23,Unused,F,44,6.0
0,9.99,Unused,F,44,6.0
0,21.19,Unused,F,44,12.99
0,12.99,Unused,F,44,6.0
0,98.49,Unused,F,44,6.0
1,55.99,Used,F,44,6.0
0,49.35,Used,F,44,6.0
0,18.11,Used,F,44,6.0
0,54.08,Unused,F,44,6.0
0,1.59,Unused,F,44,6.0
0,79.0,Unused,F,44,6.0
0,169.9,Unused,F,44,6.0
0,34.96,Unused,F,44,6.0
1,19.8,Used,F,44,6.0
0,3.99,Unused,F,44,6.0
0,119.0,Unused,F,44,6.0
0,357.0,Unused,F,44,6.0
0,149.0,Unused,F,44,6.0
0,15.99,Unused,F,44,6.0
0,119.0,Unused,F,44,6.0
1,35.86,Used,F,44,6.5
0,121.3,Used,F,44,6.5
0,151.88,Used,F,44,6.5
0,122.3,Unused,F,44,6.0
0,355.74,Unused,F,44,6.5
0,121.3,Unused,F,44,6.5
1,223.23,Used,F,48,6.5
0,48.92,Used,F,48,6.5
0,100.91,Used,F,48,6.5
0,100.91,Used,F,48,6.5
0,121.3,Used,F,48,6.5
0,485.2,Used,F,48,6.5
0,151.88,Used,F,48,6.5
0,151.88,Used,F,48,6.5
0,151.88,Used,F,48,6.5
0,38.45,Unused,F,48,6.0
0,202.84,Unused,F,48,6.5
0,202.84,Unused,F,48,6.5
0,203.83,Unused,F,48,6.0
0,100.91,Unused,F,48,6.5
0,100.91,Unused,F,48,6.5
0,100.91,Unused,F,48,6.5
0,52.99,Unused,F,48,6.0
0,121.3,Unused,F,48,6.5
0,242.6,Unused,F,48,6.5
0,121.3,Unused,F,48,6.5
0,242.6,Unused,F,48,6.5
0,121.3,Unused,F,48,6.5
0,23.64,Unused,F,48,6.5
0,3.47,Unused,F,48,6.5
0,3.47,Unused,F,48,6.5
0,355.74,Unused,F,48,6.5
0,100.91,Unused,F,48,12.99
0,100.91,Unused,F,48,6.5
0,121.3,Unused,F,48,6.5
0,121.3,Unused,F,48,6.5
0,322.08,Unused,F,48,6.5
0,151.88,Unused,F,48,6.5
0,21.4,Unused,F,48,6.5
0,17.93,Unused,F,48,6.5
1,14.25,Used,F,22,6.5
0,8.65,Used,F,22,6.0
0,241.56,Used,F,22,6.5
0,57.07,Unused,F,22,6.5
0,22.41,Unused,F,22,6.0
0,303.76,Unused,F,22,6.5
0,759.4,Unused,F,22,6.5
0,151.88,Unused,F,22,6.5
0,80.52,Unused,F,22,6.5
0,402.6,Unused,F,22,6.5
1,439.78,Used,M,21,16.86
0,119.0,Used,M,21,6.0
0,149.0,Used,M,21,6.0
0,8.79,Unused,M,21,6.0
0,22.69,Unused,M,21,6.0
0,119.0,Unused,M,21,6.0
0,149.0,Unused,M,21,6.0
1,19.19,Used,F,30,6.5
0,44.99,Used,F,30,6.5
0,119.0,Used,F,30,6.5
0,208.0,Used,F,30,8.7
0,19.19,Unused,F,30,11.1
0,248.92,Unused,F,30,6.5
0,54.36,Unused,F,30,13.78
0,40.98,Unused,F,30,6.5
0,199.56,Unused,F,30,6.5
0,119.0,Unused,F,30,6.5
0,119.0,Unused,F,30,6.5
0,238.0,Unused,F,30,6.5
0,149.0,Unused,F,30,6.5
0,44.79,Unused,F,30,6.5
0,52.49,Unused,F,30,6.5
0,298.0,Unused,F,30,6.5
1,42.0,Used,F,30,12.91
0,17.98,Used,F,30,6.0
0,27.19,Used,F,30,19.99
0,30.64,Used,F,30,12.48
0,763.56,Used,F,30,6.0
0,119.0,Used,F,30,6.0
0,79.0,Used,F,30,6.0
0,16.99,Used,F,30,6.0
0,509.5,Unused,F,30,12.91
0,63.65,Unused,F,30,6.0
0,14.69,Unused,F,30,6.0
0,105.42,Unused,F,30,12.48
0,5614.44,Unused,F,30,6.0
0,1741.02,Unused,F,30,6.0
0,119.0,Unused,F,30,6.0
0,357.0,Unused,F,30,6.0
0,119.0,Unused,F,30,6.0
0,28.0,Unused,F,30,12.91
0,32.98,Unused,F,30,6.0
0,7278.85,Unused,F,30,6.0
0,35.16,Unused,F,30,12.48
0,119.0,Unused,F,30,6.0
0,138.78,Used,F,30,12.99
0,6.97,Used,F,30,6.0
0,374.19,Unused,F,30,12.99
0,16.98,Unused,F,30,6.0
0,79.99,Unused,F,30,6.0
0,32.97,Unused,F,30,12.99
0,2.5,Unused,F,30,6.0
0,10.99,Used,F,30,6.0
0,27.19,Used,F,30,6.5
0,238.0,Used,F,30,19.99
0,435.0,Used,F,30,6.0
0,238.0,Used,F,30,6.0
0,15.99,Used,F,30,6.0
0,316.0,Used,F,30,6.0
0,158.0,Used,F,30,6.0
0,33.59,Unused,F,30,6.0
0,238.0,Unused,F,30,6.0
0,16.99,Unused,F,30,6.0
0,357.0,Unused,F,30,6.0
0,238.0,Unused,F,30,19.99
0,119.0,Unused,F,30,6.0
0,13.99,Unused,F,30,6.0
0,298.0,Unused,F,30,6.0
0,1.99,Unused,F,30,6.0
0,119.0,Unused,F,30,6.0
0,119.0,Unused,F,30,6.0
0,164.78,Used,F,30,6.0
0,115.96,Used,F,30,12.99
0,146.19,Used,F,30,6.0
0,119.0,Used,F,30,6.0
0,387.0,Used,F,30,6.0
0,149.0,Used,F,30,6.0
0,79.0,Used,F,30,6.0
0,38.97,Unused,F,30,6.0
0,25.87,Unused,F,30,6.0
0,13.59,Unused,F,30,6.0
0,79.0,Unused,F,30,6.0
0,13.59,Unused,F,30,6.0
0,33.59,Unused,F,30,6.0
0,15.19,Unused,F,30,6.0
0,395.0,Unused,F,30,6.0
0,27.96,Used,F,30,6.0
0,119.0,Used,F,30,12.99
0,15.18,Unused,F,30,6.0
0,210.63,Unused,F,30,14.96
0,17.59,Unused,F,30,6.0
0,268.0,Unused,F,30,6.0
0,149.43,Unused,F,30,14.96
0,119.0,Unused,F,30,6.0
1,7.19,Used,F,30,6.0
0,43.02,Used,F,30,6.5
0,359.7,Used,F,30,37.19
0,19.98,Used,F,30,6.0
0,28.87,Used,F,30,6.0
0,29.58,Used,F,30,6.0
0,119.0,Used,F,30,6.0
0,33.98,Used,F,30,6.0
0,169.65,Unused,F,30,6.0
0,7.95,Unused,F,30,6.0
0,28.3,Unused,F,30,6.0
0,13.59,Unused,F,30,6.0
0,63.86,Unused,F,30,6.0
0,19.19,Unused,F,30,6.0
1,660.11,Used,M,32,6.5
0,104.78,Unused,M,32,6.5
0,153.71,Unused,M,32,6.5
0,143.57,Unused,M,32,6.5
1,199.0,Used,M,24,6.0
0,79.99,Used,M,24,6.5
0,17.2,Used,M,24,6.0
0,44.79,Used,M,24,6.0
0,33.57,Used,M,24,6.0
0,9.58,Used,M,24,6.0
0,69.69,Used,M,24,6.0
0,83.41,Used,M,24,6.0
0,2.99,Used,M,24,6.0
0,30.0,Used,M,24,6.0
0,46.28,Unused,M,24,6.0
0,17.97,Unused,M,24,6.0
0,7.0,Unused,M,24,6.0
0,156.9,Unused,M,24,14.96
0,398.0,Unused,M,24,6.0
0,20.48,Unused,M,24,6.0
0,19.2,Unused,M,24,6.0
0,15.99,Unused,M,24,6.0
0,7.6,Unused,M,24,6.0
0,20.77,Unused,M,24,6.0
0,183.7,Unused,M,24,51.99
0,298.0,Unused,M,24,6.0
0,79.0,Unused,M,24,6.0
0,8.79,Unused,M,24,6.0
0,13.02,Unused,M,24,6.0
0,16.72,Unused,M,24,6.0
0,149.0,Unused,M,24,6.0
1,307.65,Used,F,40,41.18
0,31.98,Used,F,40,6.0
0,357.0,Used,F,40,6.0
0,16.79,Unused,F,40,6.0
0,357.0,Unused,F,40,6.0
0,387.0,Unused,F,40,6.0
0,238.0,Unused,F,40,6.0
0,79.0,Unused,F,40,6.0
0,12.31,Unused,F,40,6.0
0,79.0,Unused,F,40,6.0
1,10.99,Unused,M,23,6.5
0,8.79,Unused,M,23,6.5
0,119.0,Unused,M,23,6.5
1,349.3,Used,F,42,6.0
0,50.18,Used,F,42,6.0
0,64.77,Used,F,42,46.5
0,6.99,Used,F,42,6.0
0,149.0,Used,F,42,8.7
0,13.99,Used,F,42,6.0
0,119.0,Used,F,42,6.0
0,38.98,Used,F,42,6.0
0,40.77,Used,F,42,6.0
0,149.0,Used,F,42,6.0
0,79.0,Unused,F,42,6.0
0,349.6,Unused,F,42,6.0
0,311.01,Unused,F,42,46.5
0,595.0,Unused,F,42,6.0
0,119.0,Unused,F,42,6.0
0,119.0,Unused,F,42,6.0
0,238.0,Unused,F,42,6.0
0,13.29,Unused,F,42,6.0
0,149.0,Unused,F,42,6.0
0,30.38,Unused,F,42,6.0
0,1.99,Unused,F,42,6.0
0,273.45,Unused,F,42,46.5
0,139.96,Unused,F,42,12.99
0,119.5,Unused,F,42,6.0
0,9.51,Unused,F,42,6.0
0,149.0,Unused,F,42,6.0
1,199.0,Used,F,6,12.99
0,99.0,Used,F,6,6.0
0,149.0,Used,F,6,6.0
0,158.0,Used,F,6,6.0
0,158.0,Used,F,6,6.0
0,149.0,Used,F,6,6.0
0,149.0,Used,F,6,6.0
0,199.0,Used,F,6,8.7
0,318.0,Unused,F,6,6.0
0,198.0,Unused,F,6,6.0
0,119.99,Unused,F,6,6.5
0,317.0,Unused,F,6,6.0
0,349.0,Unused,F,6,12.99
0,79.0,Unused,F,6,6.0
0,158.0,Unused,F,6,6.0
0,158.0,Unused,F,6,6.0
0,149.0,Unused,F,6,6.0
0,149.0,Unused,F,6,6.0
0,119.0,Unused,F,6,12.99
0,149.0,Unused,F,6,6.0
0,149.0,Unused,F,6,6.0
0,158.0,Unused,F,6,6.0
1,16.8,Unused,F,21,6.0
0,5.6,Unused,F,21,6.0
1,33.59,Used,F,47,6.0
0,5.5,Used,F,47,6.0
0,119.0,Used,F,47,6.0
0,298.0,Used,F,47,6.0
0,33.59,Unused,F,47,6.0
0,33.59,Unused,F,47,6.0
0,33.59,Unused,F,47,6.0
0,10.39,Unused,F,47,6.0
0,228.0,Unused,F,47,19.99
0,298.0,Unused,F,47,6.0
0,316.0,Unused,F,47,6.0
0,33.59,Unused,F,47,6.0
0,3.5,Unused,F,47,6.0
0,33.59,Used,F,47,6.0
0,18.99,Used,F,47,6.0
0,18.99,Used,F,47,6.0
0,134.36,Unused,F,47,6.0
0,16.99,Unused,F,47,6.0
1,11.19,Unused,F,47,12.99
1,15.5,Used,M,22,6.0
0,11.18,Used,M,22,6.0
0,13.46,Used,M,22,6.0
0,51.94,Used,M,22,6.0
0,22.8,Used,M,22,6.0
0,15.99,Used,M,22,6.0
0,29.19,Unused,M,22,6.0
0,23.67,Unused,M,22,6.0
0,48.89,Unused,M,22,6.0
0,19.19,Unused,M,22,6.0
0,76.48,Unused,M,22,6.0
0,6.0,Unused,M,22,6.0
0,27.18,Unused,M,22,6.0
0,119.0,Unused,M,22,6.0
0,119.0,Unused,M,22,6.0
0,24.99,Unused,M,22,6.0
0,158.0,Unused,M,22,6.0
0,149.0,Unused,M,22,6.0
0,298.0,Unused,M,22,6.0
0,18.99,Unused,M,22,6.0
0,8.4,Unused,M,22,6.0
0,19.99,Unused,M,22,6.0
0,13.59,Unused,M,22,6.0
1,350.0,Used,F,25,6.0
0,299.4,Unused,F,25,6.0
0,875.0,Unused,F,25,6.0
0,15.0,Unused,F,25,6.0
0,28.0,Unused,F,25,6.5
0,13.59,Unused,F,25,6.0
0,55.98,Unused,F,25,6.0
1,119.0,Used,M,15,6.0
0,1.99,Unused,M,15,6.0
0,149.0,Unused,M,15,6.0
0,387.0,Unused,M,15,6.0
1,69.19,Used,M,15,6.0
0,1.68,Used,M,15,6.0
0,58.4,Unused,M,15,6.0
1,237.0,Unused,M,15,6.0
1,34.48,Used,M,32,6.0
0,18.09,Unused,M,32,6.0
0,10.99,Used,M,32,6.0
0,112.0,Used,M,32,16.47
0,71.9,Used,M,32,16.85
0,3.0,Used,M,32,6.0
0,15.19,Used,M,32,6.0
0,2.39,Used,M,32,19.99
0,119.0,Used,M,32,6.0
0,238.0,Used,M,32,12.99
0,39.41,Used,M,32,6.0
0,357.0,Used,M,32,6.0
0,149.0,Used,M,32,6.0
0,140.34,Unused,M,32,19.99
0,87.9,Unused,M,32,16.85
0,22.26,Unused,M,32,12.99
0,239.6,Unused,M,32,16.47
0,13.43,Unused,M,32,6.0
0,11.96,Unused,M,32,6.0
0,248.02,Unused,M,32,6.0
0,198.0,Unused,M,32,6.0
0,119.0,Unused,M,32,6.0
0,119.0,Unused,M,32,6.0
0,238.0,Unused,M,32,6.0
0,119.0,Unused,M,32,6.0
0,35.98,Unused,M,32,6.0
0,149.0,Unused,M,32,6.0
0,33.98,Unused,M,32,6.0
0,35.38,Unused,M,32,6.0
0,149.0,Unused,M,32,6.0
0,129.18,Unused,M,32,19.99
0,15.98,Unused,M,32,6.5
0,66.06,Unused,M,32,6.0
0,59.99,Unused,M,32,6.0
0,19.99,Unused,M,32,6.0
0,12.31,Unused,M,32,6.0
1,43.93,Used,F,19,6.5
0,147.76,Unused,F,19,6.5
0,101.94,Unused,F,19,6.5
1,89.19,Used,F,19,12.48
0,11.51,Used,F,19,6.0
0,279.0,Used,F,19,6.0
0,119.0,Used,F,19,6.0
0,349.0,Used,F,19,6.0
0,349.0,Used,F,19,6.0
0,149.0,Used,F,19,6.0
0,52.75,Unused,F,19,6.0
0,4.56,Unused,F,19,6.0
0,119.0,Unused,F,19,6.0
0,17.67,Unused,F,19,6.0
0,349.0,Unused,F,19,6.0
0,349.0,Unused,F,19,6.0
0,149.0,Unused,F,19,6.0
0,316.0,Unused,F,19,6.0
0,79.0,Unused,F,19,6.0
0,149.0,Unused,F,19,6.0
0,149.0,Unused,F,19,6.0
0,26.4,Unused,F,19,6.0
0,349.0,Unused,F,19,12.99
0,15.99,Unused,F,19,6.0
1,65.2,Used,F,41,6.0
0,18.3,Used,F,41,6.0
0,6.1,Unused,F,41,6.0
0,51.98,Unused,F,41,6.0
0,2.44,Used,F,41,6.5
0,121.3,Used,F,41,6.5
0,241.56,Unused,F,41,6.5
1,10.5,Used,F,16,6.0
0,199.0,Used,F,16,6.0
0,199.0,Used,F,16,6.0
0,198.0,Used,F,16,6.0
0,6.0,Used,F,16,6.0
0,16.99,Used,F,16,6.0
0,279.0,Used,F,16,6.0
0,119.0,Used,F,16,6.0
0,149.0,Used,F,16,6.0
0,10.5,Unused,F,16,6.0
0,57.97,Unused,F,16,6.0
0,99.0,Unused,F,16,6.0
0,1395.0,Unused,F,16,6.0
0,119.0,Unused,F,16,6.0
0,119.0,Unused,F,16,6.0
0,349.0,Unused,F,16,6.0
0,698.0,Unused,F,16,6.0
0,158.0,Unused,F,16,6.0
0,316.0,Unused,F,16,6.0
0,12.0,Unused,F,16,6.0
0,16.99,Unused,F,16,6.0
0,4.8,Unused,F,16,6.0
0,119.0,Unused,F,16,6.0
0,395.0,Unused,F,16,6.0
0,149.0,Unused,F,16,6.0
0,2.39,Unused,F,16,6.0
1,84.68,Used,F,33,6.0
0,17.98,Used,F,33,6.0
0,44.31,Unused,F,33,6.0
0,119.0,Unused,F,33,6.0
0,19.99,Unused,F,33,6.0
1,55.99,Used,F,40,6.0
0,21.98,Used,F,40,6.0
0,15.11,Used,F,40,6.0
0,315.59,Used,F,40,6.0
0,13.99,Used,F,40,6.0
0,20.86,Used,F,40,6.0
0,38.61,Used,F,40,6.0
0,357.0,Used,F,40,6.0
0,238.0,Used,F,40,6.0
0,237.0,Used,F,40,6.0
0,15.19,Used,F,40,6.0
0,27.89,Unused,F,40,6.0
0,33.56,Unused,F,40,6.0
0,45.56,Unused,F,40,6.0
0,21.99,Unused,F,40,6.0
0,3.99,Unused,F,40,6.0
0,381.21,Unused,F,40,6.0
0,1.59,Unused,F,40,6.0
0,11.19,Unused,F,40,6.0
0,119.0,Unused,F,40,6.0
0,119.0,Unused,F,40,6.0
0,119.0,Unused,F,40,12.99
0,238.0,Unused,F,40,6.0
0,11.89,Unused,F,40,6.0
0,149.0,Unused,F,40,6.0
0,149.0,Unused,F,40,6.0
0,158.0,Unused,F,40,6.0
0,149.0,Unused,F,40,12.99
0,61.58,Unused,F,40,6.0
0,1.99,Unused,F,40,6.0
0,22.72,Unused,F,40,6.0
0,3.99,Unused,F,40,6.0
0,7.98,Unused,F,40,6.0
0,29.96,Unused,F,40,6.0
0,238.0,Unused,F,40,6.0
0,119.0,Unused,F,40,6.0
0,119.0,Unused,F,40,12.99
0,13.43,Unused,F,40,6.0
0,19.99,Unused,F,40,6.0
0,15.19,Unused,F,40,6.0
0,79.0,Unused,F,40,6.0
1,75.86,Used,F,40,6.0
0,94.2,Used,F,40,6.0
0,31.35,Used,F,40,6.0
0,30.56,Used,F,40,6.0
0,824.0,Used,F,40,12.99
0,201.79,Unused,F,40,6.0
0,134.45,Unused,F,40,6.0
0,318.0,Unused,F,40,97.35
0,83.79,Unused,F,40,6.0
0,15.19,Unused,F,40,6.0
0,5.7,Unused,F,40,6.0
0,119.0,Unused,F,40,6.0
0,119.0,Unused,F,40,6.0
0,16.99,Unused,F,40,6.0
0,41.99,Unused,F,40,6.0
0,303.0,Unused,F,40,8.7
0,4.8,Unused,F,40,6.0
0,174.25,Unused,F,40,6.0
0,318.0,Unused,F,40,97.35
0,4.56,Unused,F,40,6.0
0,119.0,Unused,F,40,6.0
1,22.41,Unused,F,39,6.0
1,29.99,Used,M,10,6.5
0,19.99,Used,M,10,6.5
0,39.98,Used,M,10,6.5
0,18.99,Unused,M,10,6.5
0,3.99,Unused,M,10,6.5
0,23.99,Unused,M,10,6.5
0,29.99,Unused,M,10,6.5
0,39.98,Unused,M,10,6.5
0,39.98,Unused,M,10,6.5
0,149.0,Unused,M,10,6.5
0,37.98,Unused,M,10,6.5
0,19.99,Unused,M,10,6.5
1,9.99,Used,M,10,6.0
0,12.99,Unused,M,10,6.0
0,238.0,Unused,M,10,6.0
0,59.94,Used,M,10,6.0
0,43.9,Used,M,10,24.49
0,119.0,Used,M,10,6.0
0,357.0,Used,M,10,12.99
0,1424.25,Used,M,10,6.0
0,27.18,Used,M,10,6.0
0,135.3,Unused,M,10,24.49
0,113.53,Unused,M,10,6.0
0,8.97,Unused,M,10,6.0
0,119.0,Unused,M,10,6.0
0,119.0,Unused,M,10,12.99
0,119.0,Unused,M,10,6.0
0,149.0,Unused,M,10,6.0
0,55.43,Unused,M,10,6.0
0,59.9,Unused,M,10,6.0
0,119.0,Unused,M,10,6.0
0,2.39,Used,M,10,6.0
0,119.0,Used,M,10,6.0
0,119.0,Used,M,10,6.0
0,238.0,Used,M,10,12.99
0,27.58,Used,M,10,6.0
0,13.59,Used,M,10,6.0
0,675.0,Used,M,10,6.0
0,28.13,Unused,M,10,6.0
0,30.06,Unused,M,10,6.0
0,13.59,Unused,M,10,6.0
0,119.0,Unused,M,10,12.99
0,238.0,Unused,M,10,6.0
0,19.59,Unused,M,10,6.0
0,119.0,Unused,M,10,6.0
0,13.59,Unused,M,10,6.0
0,476.0,Unused,M,10,19.99
0,298.0,Unused,M,10,6.0
1,44.79,Used,M,10,6.0
0,31.99,Used,M,10,6.0
0,1.59,Used,M,10,6.5
0,238.0,Used,M,10,6.0
0,395.0,Used,M,10,6.0
0,149.0,Used,M,10,6.0
0,149.0,Used,M,10,6.0
0,7.97,Unused,M,10,6.5
0,3.5,Unused,M,10,6.0
0,20.55,Unused,M,10,6.0
0,13.59,Unused,M,10,6.0
0,149.0,Unused,M,10,6.0
0,79.99,Used,M,10,12.99
0,39.98,Used,M,10,6.0
0,73.2,Unused,M,10,12.99
0,11.68,Unused,M,10,6.0
0,16.99,Unused,M,10,6.0
0,33.98,Unused,M,10,6.0
0,30.78,Unused,M,10,6.0
0,15.43,Unused,M,10,6.0
1,17.93,Used,M,10,6.5
0,11.2,Used,M,10,6.0
0,558.58,Used,M,10,6.5
0,16.3,Used,M,10,6.5
0,100.91,Used,M,10,6.5
0,242.6,Used,M,10,6.5
0,477.04,Used,M,10,12.99
0,161.04,Used,M,10,6.5
0,151.88,Used,M,10,6.5
0,71.34,Unused,M,10,6.0
0,66.22,Unused,M,10,6.5
0,11.2,Unused,M,10,6.0
0,558.58,Unused,M,10,6.5
0,17.93,Unused,M,10,6.5
0,100.91,Unused,M,10,6.5
0,100.91,Unused,M,10,6.5
0,121.3,Unused,M,10,6.5
0,151.88,Unused,M,10,6.5
0,303.76,Unused,M,10,6.5
0,100.91,Unused,M,10,6.5
0,3.47,Unused,M,10,6.5
0,355.74,Unused,M,10,6.5
1,214.75,Used,F,9,6.5
0,91.26,Used,F,9,6.5
0,47.76,Unused,F,9,6.5
0,238.0,Unused,F,9,6.5
0,357.0,Unused,F,9,23.17
0,174.06,Unused,F,9,6.5
0,11.19,Unused,F,9,6.5
1,71.98,Used,F,37,6.0
0,31.03,Used,F,37,49.73
0,19.78,Used,F,37,6.0
0,633.0,Used,F,37,6.0
0,119.0,Used,F,37,6.0
0,119.0,Used,F,37,12.99
0,357.0,Used,F,37,6.0
0,119.0,Used,F,37,6.0
0,357.0,Used,F,37,6.0
0,119.0,Used,F,37,6.0
0,158.0,Used,F,37,6.0
0,79.0,Used,F,37,6.0
0,16.99,Used,F,37,12.99
0,298.0,Used,F,37,6.0
0,149.0,Used,F,37,6.0
0,298.0,Used,F,37,6.0
0,27.98,Unused,F,37,12.99
0,74.03,Unused,F,37,49.73
0,44.79,Unused,F,37,6.0
0,7.99,Unused,F,37,6.0
0,238.0,Unused,F,37,6.0
0,238.0,Unused,F,37,6.0
0,774.0,Unused,F,37,6.0
0,238.0,Unused,F,37,6.0
0,545.0,Unused,F,37,6.0
0,79.0,Unused,F,37,6.0
0,19.59,Unused,F,37,6.0
0,16.99,Unused,F,37,6.0
0,149.0,Unused,F,37,6.0
0,40.76,Unused,F,37,49.73
0,44.79,Unused,F,37,6.0
0,2.99,Unused,F,37,6.0
0,119.0,Unused,F,37,6.0
0,119.0,Unused,F,37,6.0
0,119.0,Unused,F,37,6.0
0,357.0,Unused,F,37,6.0
0,9.51,Unused,F,37,6.0
0,79.0,Unused,F,37,6.0
0,316.0,Unused,F,37,6.0
0,55.26,Used,F,37,6.0
0,16.99,Used,F,37,6.0
0,15.99,Used,F,37,6.0
0,22.38,Unused,F,37,6.0
0,3.19,Unused,F,37,6.0
0,1.59,Unused,F,37,6.0
0,476.0,Unused,F,37,6.0
1,119.0,Used,F,19,6.5
0,119.0,Used,F,19,6.5
0,64.76,Used,F,19,6.5
0,10.99,Unused,F,19,6.5
0,9.97,Unused,F,19,14.41
0,119.0,Unused,F,19,6.5
0,119.0,Unused,F,19,6.5
0,13.59,Unused,F,19,6.5
0,61.59,Unused,F,19,6.5
0,79.0,Unused,F,19,6.5
0,228.0,Unused,F,19,6.5
0,149.0,Unused,F,19,6.5
0,18.99,Unused,F,19,6.5
0,395.0,Unused,F,19,6.5
1,597.0,Used,F,19,6.0
0,22.39,Used,F,19,6.0
0,5.7,Used,F,19,6.0
0,29.58,Used,F,19,6.0
0,395.0,Used,F,19,6.0
0,13.59,Used,F,19,6.0
0,5.6,Unused,F,19,6.0
0,149.0,Unused,F,19,6.0
0,119.0,Unused,F,19,6.0
1,55.99,Used,M,16,6.0
0,44.79,Used,M,16,6.0
0,119.75,Used,M,16,12.91
0,30.28,Used,M,16,6.0
0,149.0,Used,M,16,6.0
0,25.0,Unused,M,16,0.0
0,24.64,Unused,M,16,6.0
0,119.0,Unused,M,16,6.0
0,18.99,Unused,M,16,6.0
0,12.31,Unused,M,16,6.0
0,357.0,Unused,M,16,6.0
0,18.99,Unused,M,16,6.0
1,100.91,Used,M,16,6.5
0,273.18,Used,M,16,6.5
0,17.93,Unused,M,16,6.5
0,507.62,Unused,M,16,19.99
0,151.88,Unused,M,16,6.5
0,70.34,Unused,M,16,19.99
0,121.3,Unused,M,16,6.5
0,3.47,Unused,M,16,6.5
1,99.0,Used,F,17,6.0
0,41.04,Used,F,17,6.0
0,79.0,Used,F,17,6.0
0,149.0,Used,F,17,6.0
0,149.0,Used,F,17,6.0
0,119.0,Unused,F,17,6.0
0,4.08,Unused,F,17,6.0
0,237.0,Unused,F,17,6.0
0,149.0,Unused,F,17,6.0
1,15.99,Used,F,15,6.5
1,38.38,Unused,F,15,12.91
1,56.76,Used,F,10,12.99
0,62.3,Used,F,10,12.48
0,199.0,Used,F,10,6.0
0,40.89,Used,F,10,6.0
0,86.06,Used,F,10,12.48
0,17.5,Used,F,10,6.0
0,57.0,Used,F,10,19.99
0,238.0,Used,F,10,6.0
0,119.0,Used,F,10,6.0
0,655.0,Used,F,10,12.99
0,9.49,Used,F,10,6.0
0,16.99,Used,F,10,6.0
0,15.99,Used,F,10,6.0
0,44.0,Used,F,10,6.0
0,15.19,Used,F,10,12.99
0,13.59,Used,F,10,6.0
0,29.7,Used,F,10,6.0
0,149.0,Used,F,10,6.0
0,18.4,Unused,F,10,12.99
0,26.4,Unused,F,10,6.0
0,78.08,Unused,F,10,12.48
0,59.8,Unused,F,10,12.48
0,199.0,Unused,F,10,6.0
0,199.0,Unused,F,10,19.99
0,8.99,Unused,F,10,6.0
0,1.99,Unused,F,10,6.0
0,5.7,Unused,F,10,6.0
0,357.0,Unused,F,10,19.99
0,357.0,Unused,F,10,6.0
0,119.0,Unused,F,10,6.0
0,31.98,Unused,F,10,6.0
0,31.98,Unused,F,10,6.0
0,237.0,Unused,F,10,6.0
0,13.59,Unused,F,10,12.99
0,149.0,Unused,F,10,6.0
0,26.4,Unused,F,10,19.99
0,46.77,Unused,F,10,12.48
0,199.0,Unused,F,10,6.0
0,21.12,Unused,F,10,12.48
0,8.0,Unused,F,10,6.0
0,52.5,Unused,F,10,6.0
0,357.0,Unused,F,10,6.0
0,28.0,Unused,F,10,19.99
0,149.0,Unused,F,10,6.0
0,149.0,Unused,F,10,6.0
0,149.0,Unused,F,10,6.0
0,79.0,Unused,F,10,6.0
0,9.99,Unused,F,10,6.0
0,30.0,Unused,F,10,6.0
1,36.95,Used,M,11,6.0
0,7.5,Used,M,11,6.0
0,2.39,Used,M,11,6.0
0,3.18,Used,M,11,6.0
0,119.0,Used,M,11,19.99
0,15.99,Used,M,11,6.0
0,8.79,Unused,M,11,19.99
0,15.98,Unused,M,11,6.0
0,20.74,Unused,M,11,6.0
0,4.79,Unused,M,11,6.5
0,558.0,Unused,M,11,6.0
0,18.75,Unused,M,11,6.0
0,237.0,Unused,M,11,6.0
0,1.59,Unused,M,11,6.5
0,357.0,Unused,M,11,6.0
0,302.73,Used,M,11,6.5
0,1.62,Used,M,11,6.5
0,303.76,Used,M,11,12.99
1,59.77,Used,F,21,6.0
0,21.99,Used,F,21,6.0
0,18.99,Used,F,21,6.0
0,15.39,Used,F,21,6.0
0,15.39,Used,F,21,6.0
0,15.39,Used,F,21,6.0
0,16.74,Unused,F,21,6.0
0,72.06,Unused,F,21,6.0
0,41.59,Unused,F,21,6.0
0,19.99,Unused,F,21,6.0
1,115.19,Used,F,28,6.5
0,318.7,Used,F,28,6.5
0,745.0,Used,F,28,6.5
0,527.52,Unused,F,28,6.5
0,44.79,Unused,F,28,6.5
0,79.19,Unused,F,28,6.5
0,99.5,Unused,F,28,6.5
0,44.79,Unused,F,28,6.5
1,39.95,Used,F,28,6.0
0,15.99,Unused,F,28,6.0
0,11.75,Used,F,28,6.0
0,119.0,Used,F,28,6.0
0,149.0,Used,F,28,6.0
0,2.8,Unused,F,28,6.0
0,11.75,Unused,F,28,6.0
0,6.99,Unused,F,28,6.0
0,298.0,Unused,F,28,6.0
0,119.0,Unused,F,28,6.0
0,50.46,Used,F,28,6.0
0,179.21,Unused,F,28,6.0
0,60.78,Unused,F,28,6.0
0,119.0,Unused,F,28,6.0
0,11.19,Unused,F,28,6.0
0,238.0,Unused,F,28,6.0
1,9.95,Used,F,28,6.0
0,19.99,Used,F,28,6.0
0,158.0,Used,F,28,6.0
0,89.41,Unused,F,28,6.0
0,39.9,Unused,F,28,20.22
0,15.69,Unused,F,28,6.0
0,35.0,Unused,F,28,6.0
0,49.2,Unused,F,28,20.22
0,76.8,Unused,F,28,15.72
1,19.6,Used,F,28,12.91
0,19.99,Used,F,28,6.0
0,114.55,Unused,F,28,12.91
0,39.98,Unused,F,28,6.0
0,16.39,Unused,F,28,12.91
1,48.92,Used,F,45,6.5
0,151.88,Used,F,45,6.5
0,100.91,Unused,F,45,6.5
0,261.95,Unused,F,45,6.5
0,302.73,Unused,F,45,6.5
0,121.3,Unused,F,45,6.5
0,121.3,Unused,F,45,6.5
1,11.16,Used,F,15,6.0
0,44.79,Used,F,15,6.0
0,99.62,Used,F,15,6.0
0,6.31,Unused,F,15,6.0
0,21.99,Unused,F,15,6.0
0,93.99,Unused,F,15,6.0
0,357.0,Unused,F,15,6.0
0,52.77,Unused,F,15,16.85
0,53.66,Unused,F,15,6.0
0,21.82,Unused,F,15,6.0
0,119.0,Unused,F,15,6.0
1,119.0,Used,F,25,6.0
0,119.0,Used,F,25,6.0
0,26.48,Unused,F,25,19.99
0,16.99,Unused,F,25,19.99
1,51.97,Used,M,2,6.0
0,18.99,Used,M,2,6.0
0,7.6,Used,M,2,6.0
0,119.0,Used,M,2,6.0
0,119.0,Used,M,2,6.0
0,79.0,Used,M,2,6.0
0,158.0,Used,M,2,6.0
0,1.99,Unused,M,2,6.0
0,23.34,Unused,M,2,6.0
0,13.29,Unused,M,2,6.0
0,99.0,Unused,M,2,6.0
0,218.0,Unused,M,2,6.0
0,9.12,Unused,M,2,6.0
0,96.54,Unused,M,2,6.0
0,558.0,Unused,M,2,6.0
0,238.0,Unused,M,2,6.0
0,16.39,Unused,M,2,6.0
0,10.63,Unused,M,2,6.0
0,3.99,Unused,M,2,6.0
0,349.0,Unused,M,2,6.0
0,22.39,Unused,M,2,6.0
0,27.95,Used,M,2,6.0
0,2.39,Used,M,2,6.0
0,119.0,Used,M,2,6.0
0,119.0,Unused,M,2,6.0
0,16.79,Unused,M,2,6.0
0,9.22,Unused,M,2,6.0
0,6.8,Unused,M,2,6.0
1,199.0,Used,M,45,6.0
0,91.97,Used,M,45,6.0
0,22.8,Used,M,45,6.0
0,4.56,Used,M,45,6.0
0,119.0,Used,M,45,6.0
0,43.98,Used,M,45,6.5
0,149.0,Used,M,45,6.0
0,55.35,Unused,M,45,6.0
0,31.66,Unused,M,45,6.0
0,597.59,Unused,M,45,6.0
0,16.4,Unused,M,45,6.0
0,28.78,Unused,M,45,6.5
0,199.0,Unused,M,45,6.0
0,119.0,Unused,M,45,6.0
0,13.59,Unused,M,45,6.0
0,13.59,Unused,M,45,6.0
1,3.99,Used,F,11,6.0
0,19.2,Used,F,11,6.0
0,22.8,Used,F,11,6.0
0,120.2,Unused,F,11,6.0
0,135.6,Unused,F,11,6.0
0,26.78,Unused,F,11,6.0
0,238.0,Unused,F,11,6.0
0,3.18,Used,F,11,6.0
1,44.82,Used,F,11,6.0
0,96.78,Unused,F,11,6.0
0,355.74,Unused,F,11,6.5
1,47.85,Used,M,20,42.45
0,119.0,Used,M,20,6.5
0,158.0,Used,M,20,6.5
0,111.45,Unused,M,20,42.45
0,7.99,Unused,M,20,6.5
0,158.19,Unused,M,20,6.5
0,476.0,Unused,M,20,6.5
0,7.99,Unused,M,20,6.5
1,40.77,Unused,M,20,19.99
0,79.99,Unused,M,20,6.0
0,357.0,Unused,M,20,19.99
1,1.59,Used,M,20,6.0
0,6.99,Used,M,20,6.0
0,17.98,Unused,M,20,6.0
0,11.19,Unused,M,20,6.0
0,15.99,Unused,M,20,6.0
1,6.38,Used,M,22,6.0
0,67.97,Used,M,22,6.0
0,119.0,Used,M,22,6.0
0,149.0,Used,M,22,6.0
0,19.42,Unused,M,22,6.0
0,199.0,Unused,M,22,6.0
0,32.18,Unused,M,22,6.0
0,5.7,Unused,M,22,6.0
0,5.1,Unused,M,22,6.0
0,395.0,Unused,M,22,6.0
0,298.0,Unused,M,22,6.0
0,12.0,Unused,M,22,6.0
0,33.98,Unused,M,22,6.0
0,149.0,Unused,M,22,6.0
1,368.31,Used,F,45,6.5
0,122.77,Used,F,45,6.5
0,122.77,Used,F,45,6.5
0,81.5,Used,F,45,6.5
0,57.76,Unused,F,45,6.5
0,470.42,Unused,F,45,6.5
0,62.7,Unused,F,45,13.78
0,122.77,Unused,F,45,6.5
1,7.99,Used,M,21,6.0
0,75.0,Used,M,21,6.0
0,31.89,Used,M,21,6.0
0,149.0,Used,M,21,6.0
0,13.59,Used,M,21,6.0
0,6.79,Unused,M,21,6.0
0,20.77,Unused,M,21,6.0
0,14.95,Unused,M,21,6.0
0,119.0,Unused,M,21,6.0
0,10.63,Unused,M,21,6.0
0,127.18,Unused,M,21,6.0
0,298.0,Unused,M,21,6.0
0,63.99,Unused,M,21,6.0
0,9.95,Unused,M,21,6.0
0,149.0,Unused,M,21,6.0
0,149.0,Unused,M,21,6.0
1,11.2,Used,M,21,6.0
0,1.02,Used,M,21,6.0
0,152.88,Used,M,21,6.0
0,8.15,Used,M,21,6.5
0,363.9,Used,M,21,6.5
0,273.18,Used,M,21,12.99
0,242.6,Used,M,21,6.5
0,151.88,Used,M,21,6.5
0,303.76,Used,M,21,6.5
0,202.84,Unused,M,21,6.5
0,100.91,Unused,M,21,6.5
0,17.93,Unused,M,21,6.5
0,273.18,Unused,M,21,6.5
0,151.88,Unused,M,21,6.5
0,8.65,Unused,M,21,6.0
0,100.91,Unused,M,21,6.5
0,17.93,Unused,M,21,6.5
0,355.74,Unused,M,21,6.5
0,151.88,Unused,M,21,6.5
1,46.06,Used,F,49,64.01
0,92.32,Unused,F,49,64.01
0,14.02,Unused,F,49,106.0
1,14.97,Used,F,6,6.0
0,61.73,Used,F,6,6.0
0,279.0,Used,F,6,6.0
0,16.99,Used,F,6,6.0
0,2.39,Unused,F,6,6.0
0,119.0,Unused,F,6,6.0
0,16.99,Unused,F,6,6.0
0,5.99,Unused,F,6,6.0
1,76.26,Used,F,45,6.5
0,42.03,Used,F,45,99.55
0,46.21,Used,F,45,12.76
0,122.77,Used,F,45,6.5
0,205.3,Used,F,45,6.5
0,205.3,Used,F,45,6.5
0,257.16,Unused,F,45,99.55
0,80.37,Unused,F,45,6.5
0,399.25,Unused,F,45,6.5
0,205.3,Unused,F,45,6.5
0,205.3,Unused,F,45,6.5
0,153.71,Unused,F,45,6.5
0,307.42,Unused,F,45,6.5
0,82.32,Unused,F,45,6.5
0,122.77,Unused,F,45,6.5
0,20.62,Unused,F,45,6.5
0,256.88,Unused,F,45,6.5
1,121.69,Used,F,45,61.13
0,1.99,Used,F,45,6.5
0,121.69,Unused,F,45,61.13
0,11.98,Unused,F,45,6.5
0,30.39,Unused,F,45,6.5
0,8.98,Used,F,45,6.5
0,19.99,Used,F,45,6.5
0,125.98,Used,F,45,6.5
0,18.99,Used,F,45,18.36
0,89.4,Unused,F,45,49.73
0,237.0,Unused,F,45,6.5
0,298.0,Unused,F,45,6.5
1,1.99,Used,F,45,6.0
0,33.59,Used,F,45,6.0
0,24.58,Used,F,45,12.99
0,106.3,Used,F,45,34.16
0,33.59,Unused,F,45,6.0
0,39.17,Unused,F,45,6.0
0,29.98,Unused,F,45,12.99
0,5.48,Unused,F,45,6.0
0,44.79,Unused,F,45,6.0
0,159.45,Unused,F,45,34.16
0,149.0,Unused,F,45,6.0
0,12.94,Unused,F,45,6.0
0,33.59,Unused,F,45,6.0
0,44.79,Unused,F,45,6.0
0,129.33,Unused,F,45,12.91
0,1.59,Used,F,45,6.0
0,159.84,Used,F,45,6.0
0,15.99,Used,F,45,12.99
0,23.25,Unused,F,45,6.0
0,182.24,Unused,F,45,6.0
0,238.0,Unused,F,45,6.0
0,30.79,Unused,F,45,12.99
0,4.89,Unused,F,45,6.0
1,52.35,Used,F,45,6.5
0,79.0,Used,F,45,6.0
0,30.0,Used,F,45,6.0
0,64.97,Unused,F,45,6.5
0,50.94,Unused,F,45,6.0
0,14.7,Unused,F,45,6.0
0,29.11,Unused,F,45,6.0
0,238.0,Unused,F,45,6.0
0,79.0,Unused,F,45,6.0
0,11.0,Unused,F,45,6.0
0,149.0,Unused,F,45,6.0
0,149.0,Unused,F,45,6.0
0,398.0,Unused,F,45,6.0
0,17.1,Unused,F,45,6.0
0,13.59,Unused,F,45,6.5
0,119.0,Unused,F,45,12.99
0,4.08,Unused,F,45,6.0
1,2.8,Used,F,45,12.99
0,19.4,Used,F,45,6.0
0,22.0,Used,F,45,6.0
0,119.0,Used,F,45,6.0
0,119.0,Used,F,45,6.0
0,79.0,Unused,F,45,6.5
0,63.88,Unused,F,45,6.0
0,14.35,Unused,F,45,6.0
0,4.56,Unused,F,45,12.99
0,149.0,Unused,F,45,6.0
0,7.2,Unused,F,45,6.0
0,298.0,Unused,F,45,6.0
1,119.0,Used,F,48,6.5
0,357.0,Used,F,48,6.5
0,79.0,Used,F,48,6.5
0,79.0,Used,F,48,6.5
0,31.98,Unused,F,48,18.36
0,238.0,Unused,F,48,6.5
0,119.0,Unused,F,48,6.5
0,79.0,Unused,F,48,6.5
0,237.0,Unused,F,48,6.5
0,15.99,Unused,F,48,6.5
0,357.0,Unused,F,48,6.5
0,119.0,Unused,F,48,6.5
0,149.0,Unused,F,48,6.5
0,3.99,Used,F,48,6.5
0,10.99,Unused,F,48,6.5
0,9.98,Unused,F,48,6.5
0,164.85,Unused,F,48,6.0
1,17.59,Used,F,21,6.0
0,56.0,Used,F,21,12.48
0,14.79,Used,F,21,6.0
0,9.49,Used,F,21,6.0
0,9.95,Used,F,21,12.99
0,22.37,Used,F,21,6.0
0,40.78,Used,F,21,6.0
0,165.0,Used,F,21,6.0
0,52.07,Used,F,21,6.0
0,119.0,Used,F,21,6.0
0,238.0,Used,F,21,6.0
0,10.63,Used,F,21,6.0
0,15.99,Used,F,21,6.0
0,158.0,Used,F,21,6.0
0,19.99,Used,F,21,6.0
0,70.26,Unused,F,21,6.0
0,295.3,Unused,F,21,6.0
0,55.99,Unused,F,21,6.0
0,126.0,Unused,F,21,12.48
0,2.8,Unused,F,21,6.0
0,46.38,Unused,F,21,6.0
0,19.49,Unused,F,21,6.0
0,877.8,Unused,F,21,27.32
0,409.96,Unused,F,21,6.0
0,30.39,Unused,F,21,6.0
0,19.99,Unused,F,21,6.0
0,149.0,Unused,F,21,8.7
0,21.98,Unused,F,21,6.0
0,14.95,Unused,F,21,12.99
0,119.0,Unused,F,21,6.0
0,119.0,Unused,F,21,6.0
0,119.0,Unused,F,21,6.0
0,119.0,Unused,F,21,6.0
0,476.0,Unused,F,21,6.0
0,357.0,Unused,F,21,12.99
0,149.0,Unused,F,21,8.7
0,119.0,Unused,F,21,6.0
0,27.18,Unused,F,21,6.0
0,16.99,Unused,F,21,6.0
0,149.0,Unused,F,21,6.0
0,149.0,Unused,F,21,6.0
0,149.0,Unused,F,21,6.0
0,149.0,Unused,F,21,6.0
0,149.0,Unused,F,21,6.0
0,199.0,Unused,F,21,8.7
0,74.8,Unused,F,21,6.0
0,70.0,Unused,F,21,12.48
0,212.99,Unused,F,21,26.43
0,19.97,Unused,F,21,6.0
0,19.67,Unused,F,21,6.0
0,59.98,Unused,F,21,6.0
0,119.0,Unused,F,21,6.0
0,15.19,Unused,F,21,6.0
0,19.99,Unused,F,21,6.0
0,12.31,Unused,F,21,6.0
1,2.99,Used,F,21,6.0
0,238.0,Used,F,21,6.0
0,56.0,Unused,F,21,6.5
0,149.0,Unused,F,21,6.0
0,12.31,Unused,F,21,12.99
0,28.0,Unused,F,21,6.5
0,149.0,Unused,F,21,6.0
1,238.0,Unused,F,48,6.0
1,99.0,Used,F,48,6.0
0,41.99,Used,F,48,6.0
0,50.96,Unused,F,48,6.0
0,348.0,Unused,F,48,6.0
0,357.0,Unused,F,48,6.0
0,395.0,Unused,F,48,6.0
0,149.0,Unused,F,48,6.0
0,99.8,Unused,F,48,6.0
0,26.8,Unused,F,48,6.0
0,298.0,Unused,F,48,6.0
1,2.39,Used,M,28,6.0
0,79.99,Unused,M,28,6.0
0,476.0,Unused,M,28,6.0
0,238.0,Unused,M,28,6.0
0,119.0,Unused,M,28,6.0
0,31.98,Unused,M,28,6.0
0,35.05,Used,M,28,39.81
0,62.23,Used,M,28,58.49
0,159.19,Used,M,28,20.33
0,39.27,Used,M,28,6.0
0,119.0,Used,M,28,6.0
0,53.1,Unused,M,28,39.81
0,11.2,Unused,M,28,58.49
0,57.99,Unused,M,28,6.0
0,11.19,Unused,M,28,6.0
0,119.0,Unused,M,28,6.0
0,30.38,Unused,M,28,20.33
0,88.41,Unused,M,28,39.81
0,9.49,Unused,M,28,6.0
0,45.57,Unused,M,28,20.33
1,37.9,Used,M,21,6.0
0,43.94,Used,M,21,6.0
0,9.98,Used,M,21,6.0
0,299.0,Used,M,21,6.0
0,13.59,Used,M,21,6.5
0,149.0,Used,M,21,6.0
0,77.46,Unused,M,21,6.0
0,99.77,Unused,M,21,6.0
0,35.94,Unused,M,21,6.0
0,19.75,Unused,M,21,6.0
0,34.37,Unused,M,21,6.5
0,12.99,Unused,M,21,6.0
0,9.9,Unused,M,21,6.0
0,51.91,Unused,M,21,6.0
0,4.56,Unused,M,21,6.0
0,23.99,Unused,M,21,6.0
0,149.0,Unused,M,21,6.0
1,320.06,Used,F,3,6.5
0,2.03,Used,F,3,6.0
0,322.08,Used,F,3,6.5
0,18.32,Unused,F,3,6.0
0,16.3,Unused,F,3,6.5
0,17.93,Unused,F,3,6.5
1,158.0,Used,F,33,6.5
0,149.0,Used,F,33,6.5
0,298.0,Used,F,33,6.5
0,10.99,Unused,F,33,6.0
0,149.0,Unused,F,33,6.5
1,153.71,Used,F,46,6.5
0,122.77,Unused,F,46,6.5
0,153.71,Unused,F,46,6.5
0,142.33,Used,F,46,6.5
0,205.3,Used,F,46,8.7
0,6.58,Unused,F,46,6.5
0,39.18,Unused,F,46,6.5
0,142.33,Unused,F,46,6.5
0,29.91,Unused,F,46,6.5
0,122.77,Unused,F,46,6.5
0,321.87,Unused,F,46,8.7
0,153.71,Unused,F,46,6.5
0,205.3,Unused,F,46,8.7
0,33.23,Unused,F,46,6.5
0,122.77,Unused,F,46,6.5
0,321.87,Unused,F,46,8.7
1,31.73,Used,F,46,6.0
0,8.79,Used,F,46,6.0
0,6.39,Unused,F,46,6.0
0,149.0,Unused,F,46,6.0
0,9.6,Unused,F,46,6.0
0,12.65,Used,F,46,6.0
0,3.99,Used,F,46,6.0
0,41.56,Unused,F,46,12.48
0,17.7,Unused,F,46,6.0
0,149.0,Unused,F,46,6.0
0,398.0,Unused,F,46,8.7
0,10.39,Unused,F,46,6.5
0,13.59,Unused,F,46,6.0
1,7.98,Unused,F,46,6.5
0,238.0,Unused,F,46,6.5
0,297.0,Unused,F,46,6.5
0,349.0,Used,F,46,6.5
0,298.0,Used,F,46,6.5
0,149.0,Used,F,46,6.5
0,149.0,Used,F,46,6.5
0,237.0,Used,F,46,6.5
0,149.0,Used,F,46,6.5
0,149.0,Used,F,46,6.5
0,6.48,Unused,F,46,6.0
0,587.0,Unused,F,46,6.5
0,596.0,Unused,F,46,12.48
0,395.0,Unused,F,46,6.5
0,149.0,Unused,F,46,6.5
0,99.0,Unused,F,46,6.5
0,395.0,Unused,F,46,6.5
1,61.92,Used,F,31,6.5
0,47.93,Used,F,31,6.5
0,76.67,Used,F,31,6.5
0,21.99,Used,F,31,6.5
0,23.99,Used,F,31,6.5
0,37.99,Used,F,31,6.5
0,33.98,Used,F,31,6.5
0,50.97,Used,F,31,6.5
0,82.17,Unused,F,31,6.5
0,59.99,Unused,F,31,6.5
0,47.98,Unused,F,31,6.5
0,71.97,Unused,F,31,6.5
0,71.97,Unused,F,31,6.5
0,29.99,Unused,F,31,6.5
0,79.96,Unused,F,31,6.5
0,316.0,Unused,F,31,6.5
0,79.96,Unused,F,31,6.5
0,79.99,Unused,F,31,6.5
0,79.6,Unused,F,31,6.5
0,37.99,Unused,F,31,6.5
0,50.97,Unused,F,31,6.5
0,16.99,Unused,F,31,6.5
1,27.18,Unused,F,31,6.0
0,52.49,Unused,F,31,6.0
1,14.38,Used,M,39,6.0
0,3.99,Unused,M,39,6.0
0,209.63,Used,M,39,6.0
0,8.09,Used,M,39,6.0
0,99.0,Used,M,39,6.0
0,159.6,Used,M,39,84.78
0,119.0,Used,M,39,6.0
0,11.96,Unused,M,39,6.0
0,95.6,Unused,M,39,84.78
0,19.99,Unused,M,39,6.0
0,119.0,Unused,M,39,6.0
0,159.6,Unused,M,39,84.78
0,15.19,Unused,M,39,6.0
0,5.98,Unused,M,39,6.0
0,5.7,Unused,M,39,6.0
1,4.78,Used,M,17,6.0
0,159.5,Used,M,17,33.04
0,239.0,Used,M,17,39.81
0,2254.76,Used,M,17,6.0
0,155.35,Used,M,17,6.5
0,149.0,Used,M,17,6.0
0,39.75,Unused,M,17,33.04
0,3.99,Unused,M,17,12.99
0,33.6,Unused,M,17,6.5
0,198.0,Unused,M,17,6.0
0,99.0,Unused,M,17,6.0
0,99.0,Unused,M,17,6.0
0,99.0,Unused,M,17,6.0
0,1726.28,Unused,M,17,6.0
0,237.0,Unused,M,17,6.0
0,158.0,Unused,M,17,6.0
0,149.0,Unused,M,17,6.0
0,159.0,Unused,M,17,39.81
0,198.0,Unused,M,17,6.0
0,99.0,Unused,M,17,6.0
0,1409.4,Unused,M,17,6.0
0,79.0,Unused,M,17,6.0
0,237.0,Used,M,17,6.0
0,447.0,Unused,M,17,6.0
0,8.79,Unused,M,17,6.5
0,79.0,Unused,M,17,6.0
1,122.77,Used,F,21,6.5
0,614.84,Unused,F,21,6.5
0,407.5,Unused,F,21,6.5
1,57.98,Used,F,21,15.75
0,27.42,Used,F,21,6.5
0,11.89,Used,F,21,6.5
0,149.0,Used,F,21,20.85
0,22.38,Unused,F,21,6.5
0,51.99,Unused,F,21,6.5
0,238.0,Unused,F,21,6.5
0,11.98,Unused,F,21,15.75
1,22.4,Used,F,21,58.93
0,26.55,Used,F,21,6.5
0,31.99,Used,F,21,6.0
0,25.92,Used,F,21,12.91
0,179.2,Unused,F,21,58.93
0,80.69,Unused,F,21,12.91
0,36.93,Unused,F,21,6.5
0,29.58,Unused,F,21,6.0
0,15.99,Unused,F,21,6.0
0,67.95,Unused,F,21,12.91
0,150.0,Unused,F,21,6.0
1,298.0,Used,F,21,6.0
0,319.2,Unused,F,21,6.0
0,99.0,Unused,F,21,6.0
0,279.0,Unused,F,21,6.0
0,698.0,Unused,F,21,6.0
0,158.0,Unused,F,21,6.0
0,184.8,Unused,F,21,6.0
1,199.0,Unused,F,32,6.0
0,149.0,Unused,F,32,6.0
1,12.22,Used,F,13,6.0
0,100.91,Unused,F,13,6.5
0,5.1,Unused,F,13,6.0
1,395.85,Used,M,9,74.74
0,119.0,Used,M,9,6.5
0,198.94,Unused,M,9,6.5
0,215.85,Unused,M,9,74.74
0,119.0,Unused,M,9,6.5
0,119.0,Unused,M,9,6.5
0,149.0,Unused,M,9,6.5
0,149.0,Unused,M,9,6.5
0,199.0,Unused,M,9,8.7
0,119.0,Unused,M,9,6.5
1,11.98,Used,M,9,12.99
0,33.59,Used,M,9,6.0
0,10.63,Used,M,9,6.0
0,39.87,Used,M,9,6.0
0,55.56,Unused,M,9,12.99
0,22.39,Unused,M,9,6.0
0,16.79,Unused,M,9,6.0
0,13.43,Unused,M,9,6.0
0,149.0,Unused,M,9,6.0
0,11.98,Unused,M,9,6.0
1,395.0,Used,M,9,6.0
0,16.99,Used,M,9,6.0
0,149.0,Used,M,9,6.0
0,4.39,Unused,M,9,6.0
0,32.78,Unused,M,9,6.0
0,119.0,Unused,M,9,6.0
0,149.0,Unused,M,9,6.0
0,237.0,Unused,M,9,6.0
0,79.0,Unused,M,9,6.0
0,13.59,Unused,M,9,6.0
0,447.0,Unused,M,9,6.0
0,149.0,Unused,M,9,6.0
1,12.99,Used,M,9,6.0
0,12.31,Used,M,9,6.0
0,15.36,Used,M,9,6.5
0,149.0,Used,M,9,6.0
0,199.0,Used,M,9,8.7
0,15.19,Unused,M,9,6.0
0,15.19,Unused,M,9,6.5
0,228.0,Unused,M,9,6.0
1,279.0,Used,M,9,6.0
0,66.79,Used,M,9,6.0
0,298.0,Used,M,9,6.0
0,99.0,Unused,M,9,6.0
0,149.0,Unused,M,9,6.0
0,19.19,Unused,M,9,6.0
0,158.0,Unused,M,9,6.0
0,149.0,Unused,M,9,6.0
1,474.0,Used,F,11,106.38
0,8.99,Used,F,11,6.0
0,258.99,Used,F,11,12.99
0,2.5,Used,F,11,6.0
0,44.79,Used,F,11,6.0
0,44.79,Used,F,11,6.0
0,97.55,Used,F,11,28.51
0,71.89,Used,F,11,6.5
0,24.49,Used,F,11,6.0
0,15.0,Used,F,11,6.0
0,69.65,Used,F,11,6.0
0,2.99,Used,F,11,6.0
0,13.59,Used,F,11,6.0
0,119.0,Used,F,11,6.0
0,119.0,Used,F,11,6.0
0,238.0,Used,F,11,6.0
0,4.56,Used,F,11,6.0
0,16.99,Used,F,11,6.0
0,28.78,Used,F,11,6.0
0,9.68,Unused,F,11,6.0
0,46.92,Unused,F,11,6.0
0,66.54,Unused,F,11,6.5
0,199.0,Unused,F,11,6.0
0,467.0,Unused,F,11,6.0
0,79.99,Unused,F,11,6.5
0,19.99,Unused,F,11,6.0
0,11.4,Unused,F,11,6.0
0,132.59,Unused,F,11,6.0
0,22.79,Unused,F,11,6.0
0,45.42,Unused,F,11,6.0
0,48.62,Unused,F,11,6.0
0,119.0,Unused,F,11,6.0
0,357.0,Unused,F,11,6.0
0,67.19,Unused,F,11,6.5
0,377.0,Unused,F,11,6.0
0,13.29,Unused,F,11,6.0
0,11.0,Unused,F,11,6.0
0,20.48,Unused,F,11,6.0
0,10.49,Unused,F,11,6.0
0,3.99,Unused,F,11,6.0
0,9.6,Unused,F,11,28.51
0,99.99,Unused,F,11,6.0
0,119.0,Unused,F,11,6.0
0,119.0,Unused,F,11,6.0
0,8.49,Unused,F,11,6.0
0,57.56,Unused,F,11,6.0
0,8.8,Unused,F,11,6.0
1,231.8,Used,F,14,23.01
0,8.98,Used,F,14,6.0
0,71.97,Used,F,14,6.5
0,27.19,Used,F,14,6.5
0,13.29,Used,F,14,6.0
0,395.0,Used,F,14,19.99
0,13.59,Used,F,14,12.99
0,303.8,Unused,F,14,23.01
0,159.5,Unused,F,14,17.84
0,97.08,Unused,F,14,6.5
0,10.63,Unused,F,14,12.99
0,10.63,Unused,F,14,6.0
0,13.29,Unused,F,14,19.99
0,465.0,Unused,F,14,19.99
0,30.38,Unused,F,14,6.0
0,13.59,Unused,F,14,6.0
0,199.5,Unused,F,14,17.84
0,179.85,Unused,F,14,23.01
0,159.5,Unused,F,14,15.72
0,10.63,Unused,F,14,6.0
0,268.0,Unused,F,14,6.0
1,8.79,Used,F,14,6.0
0,9.12,Used,F,14,6.0
0,149.0,Used,F,14,6.0
0,42.27,Unused,F,14,6.0
0,99.0,Unused,F,14,6.0
0,397.39,Unused,F,14,6.0
0,20.63,Unused,F,14,6.0
0,4.56,Unused,F,14,12.99
0,398.0,Unused,F,14,6.0
0,119.0,Unused,F,14,6.0
0,9.84,Unused,F,14,6.0
0,149.0,Unused,F,14,6.0
0,7.98,Unused,F,14,6.0
0,9.36,Unused,F,14,6.0
0,14.08,Unused,F,14,6.0
0,8.79,Used,F,14,6.5
0,42.0,Used,F,14,6.5
0,10.5,Used,F,14,6.0
0,398.0,Used,F,14,12.99
0,398.0,Used,F,14,6.0
0,4.79,Used,F,14,6.0
0,558.0,Used,F,14,6.0
0,8.49,Used,F,14,6.0
0,149.0,Used,F,14,6.0
0,149.0,Used,F,14,6.0
0,48.0,Used,F,14,6.5
0,79.0,Used,F,14,6.0
0,29.58,Used,F,14,6.5
0,298.0,Used,F,14,6.0
0,77.0,Unused,F,14,6.5
0,55.99,Unused,F,14,6.0
0,8.79,Unused,F,14,6.5
0,23.99,Unused,F,14,6.0
0,87.59,Unused,F,14,6.0
0,99.0,Unused,F,14,6.0
0,18.12,Unused,F,14,6.5
0,24.31,Unused,F,14,6.0
0,907.0,Unused,F,14,6.0
0,279.0,Unused,F,14,6.0
0,34.99,Unused,F,14,6.0
0,149.0,Unused,F,14,6.0
0,149.0,Unused,F,14,6.0
0,95.4,Unused,F,14,12.99
0,23.9,Unused,F,14,6.5
0,4.78,Unused,F,14,6.0
0,1.59,Unused,F,14,6.0
0,5.5,Unused,F,14,6.0
0,4.56,Unused,F,14,6.0
0,7.6,Unused,F,14,6.5
0,119.0,Unused,F,14,6.0
0,6.6,Unused,F,14,6.0
0,43.95,Used,F,14,6.0
0,42.48,Used,F,14,6.0
0,119.0,Used,F,14,6.0
0,149.0,Used,F,14,6.0
0,31.17,Unused,F,14,6.0
0,2.1,Unused,F,14,6.0
0,99.0,Unused,F,14,6.0
0,2.99,Unused,F,14,20.0
0,119.0,Unused,F,14,6.0
0,79.0,Unused,F,14,6.0
0,12.99,Unused,F,14,20.0
0,2.39,Unused,F,14,6.0
1,39.96,Used,F,40,6.0
0,3.19,Used,F,40,6.0
0,119.0,Used,F,40,6.0
0,1.59,Unused,F,40,6.0
0,11.94,Unused,F,40,6.0
0,119.0,Unused,F,40,6.0
0,298.0,Unused,F,40,6.0
0,13.29,Used,F,40,6.0
0,62.7,Used,F,40,6.0
0,79.0,Used,F,40,6.0
0,149.0,Used,F,40,6.0
0,149.0,Used,F,40,6.0
0,44.79,Unused,F,40,6.0
0,2.99,Unused,F,40,6.0
0,134.32,Unused,F,40,6.0
0,23.5,Unused,F,40,6.0
0,357.0,Unused,F,40,6.0
0,119.0,Unused,F,40,6.0
0,238.0,Unused,F,40,6.0
0,149.0,Unused,F,40,6.0
0,10.63,Unused,F,40,6.0
0,298.0,Unused,F,40,6.0
0,10.63,Unused,F,40,6.0
0,298.0,Unused,F,40,6.0
1,202.84,Used,F,27,6.5
0,254.82,Used,F,27,0.0
0,485.2,Used,F,27,6.5
0,659.5,Used,F,27,12.99
0,232.4,Used,F,27,6.5
0,151.88,Unused,F,27,12.99
0,151.88,Unused,F,27,6.5
0,151.88,Unused,F,27,12.99
0,100.91,Unused,F,27,6.5
0,242.6,Unused,F,27,19.99
0,151.88,Unused,F,27,6.5
1,16.54,Used,M,17,6.0
0,191.6,Used,M,17,85.33
0,6.0,Used,M,17,6.0
0,13.59,Used,M,17,6.5
0,298.0,Used,M,17,19.99
0,149.0,Used,M,17,6.0
0,149.0,Used,M,17,6.0
0,158.0,Used,M,17,6.0
0,13.59,Used,M,17,6.0
0,10.63,Unused,M,17,6.0
0,14.4,Unused,M,17,6.0
0,2.39,Unused,M,17,6.0
0,52.5,Unused,M,17,6.0
0,9.49,Unused,M,17,6.0
0,27.18,Unused,M,17,6.5
0,119.0,Unused,M,17,12.99
0,238.0,Unused,M,17,6.0
0,119.0,Unused,M,17,6.0
0,238.0,Unused,M,17,6.0
0,238.0,Unused,M,17,6.0
0,4.08,Unused,M,17,6.0
0,15.19,Unused,M,17,6.0
0,298.0,Unused,M,17,6.0
0,149.0,Unused,M,17,6.0
0,149.0,Unused,M,17,6.0
0,4.99,Unused,M,17,6.0
0,8.8,Unused,M,17,6.5
0,15.19,Unused,M,17,6.0
0,13.59,Unused,M,17,6.0
0,447.0,Unused,M,17,6.0
1,131.09,Used,F,15,12.91
0,13.43,Used,F,15,6.0
0,100.71,Used,F,15,40.25
0,119.0,Used,F,15,6.0
0,74.99,Used,F,15,19.99
0,149.0,Used,F,15,6.0
0,273.32,Unused,F,15,40.25
0,28.78,Unused,F,15,6.0
0,228.0,Unused,F,15,6.0
0,79.0,Unused,F,15,6.0
0,13.59,Unused,F,15,6.0
0,24.62,Unused,F,15,12.91
0,149.0,Unused,F,15,6.0
0,41.56,Unused,F,15,12.91
0,39.31,Unused,F,15,40.25
1,315.55,Used,F,15,6.0
0,9.56,Used,F,15,12.48
0,36.97,Used,F,15,6.0
0,4.78,Used,F,15,6.0
0,23.9,Used,F,15,39.27
0,78.25,Unused,F,15,6.0
0,33.95,Unused,F,15,6.0
0,237.0,Unused,F,15,6.0
0,129.65,Unused,F,15,6.0
0,17.98,Unused,F,15,39.27
0,297.0,Unused,F,15,12.99
1,5.99,Used,F,13,14.41
0,1.99,Used,F,13,6.5
0,20.77,Unused,F,13,14.41
0,18.99,Unused,F,13,6.5
0,16.99,Unused,F,13,6.5
0,16.99,Unused,F,13,6.5
1,27.18,Used,F,13,6.0
1,2.39,Used,F,13,6.0
0,79.0,Used,F,13,6.0
0,149.0,Unused,F,13,6.0
0,79.0,Unused,F,13,6.0
1,3.18,Used,F,39,6.0
0,27.02,Used,F,39,6.0
0,19.19,Used,F,39,6.0
0,14.54,Used,F,39,6.0
0,36.0,Used,F,39,14.41
0,22.94,Used,F,39,6.0
0,13.29,Used,F,39,6.0
0,23.99,Used,F,39,6.0
0,86.34,Used,F,39,13.75
0,103.38,Unused,F,39,6.0
0,78.36,Unused,F,39,6.0
0,19.18,Unused,F,39,19.99
0,196.58,Unused,F,39,13.75
0,4.78,Unused,F,39,6.5
0,10.63,Unused,F,39,6.0
0,119.0,Unused,F,39,12.99
0,13.29,Unused,F,39,6.0
0,13.59,Unused,F,39,6.0
0,15.19,Unused,F,39,6.0
0,158.0,Unused,F,39,6.0
0,79.0,Unused,F,39,6.0
0,237.0,Unused,F,39,6.0
0,149.0,Unused,F,39,6.0
0,16.72,Unused,F,39,6.5
0,21.55,Unused,F,39,13.75
0,7.17,Unused,F,39,6.0
0,121.52,Unused,F,39,21.19
1,39.19,Used,F,34,6.0
0,15.2,Used,F,34,6.0
0,10.0,Unused,F,34,0.0
0,372.05,Unused,F,34,6.0
0,78.0,Unused,F,34,6.0
0,119.0,Unused,F,34,6.0
0,7.6,Unused,F,34,6.0
1,15.19,Used,M,44,6.5
0,119.0,Used,M,44,6.5
0,119.0,Used,M,44,6.5
0,149.0,Used,M,44,6.5
0,149.0,Used,M,44,6.5
0,15.19,Unused,M,44,6.5
0,3.98,Unused,M,44,6.5
0,10.39,Unused,M,44,6.5
0,19.19,Unused,M,44,6.5
0,119.0,Unused,M,44,6.5
0,15.99,Unused,M,44,6.5
0,18.99,Unused,M,44,6.5
0,149.0,Unused,M,44,6.5
0,119.0,Unused,M,44,6.5
0,238.0,Unused,M,44,6.5
0,29.58,Used,M,44,6.5
0,238.0,Used,M,44,6.5
0,119.0,Used,M,44,6.5
0,158.0,Used,M,44,6.5
0,237.0,Used,M,44,6.5
0,99.25,Unused,M,44,20.74
0,100.0,Unused,M,44,0.0
0,100.0,Unused,M,44,0.0
0,113.55,Unused,M,44,6.5
0,119.0,Unused,M,44,6.5
0,237.0,Unused,M,44,6.5
0,237.0,Unused,M,44,6.5
0,149.0,Unused,M,44,6.5
0,119.0,Unused,M,44,6.5
0,149.0,Unused,M,44,6.5
1,15.99,Used,M,15,6.0
0,12.31,Unused,M,15,6.0
1,349.0,Unused,M,15,6.5
0,5.7,Used,M,15,6.5
0,6.12,Used,M,15,6.5
0,242.6,Used,M,15,6.5
0,7.75,Used,M,15,6.5
0,151.88,Used,M,15,6.5
0,12.43,Unused,M,15,6.5
0,5.7,Unused,M,15,6.5
0,100.91,Unused,M,15,6.5
0,100.91,Unused,M,15,6.5
0,12.2,Unused,M,15,6.5
0,485.2,Unused,M,15,6.5
0,151.88,Unused,M,15,6.5
0,242.6,Unused,M,15,6.5
1,105.0,Used,F,17,6.5
0,38.28,Used,F,17,12.48
0,143.68,Unused,F,17,6.5
0,276.47,Unused,F,17,6.5
0,44.85,Unused,F,17,6.5
0,59.7,Unused,F,17,6.5
1,13.29,Used,F,17,75.0
0,119.0,Unused,F,17,6.0
0,19.99,Unused,F,17,6.0
0,5.98,Unused,F,17,6.0
1,43.97,Used,F,17,6.0
0,21.0,Used,F,17,6.0
0,34.99,Used,F,17,6.0
0,149.0,Used,F,17,6.0
0,38.48,Unused,F,17,6.0
0,66.54,Unused,F,17,6.0
0,119.0,Unused,F,17,6.0
0,118.93,Unused,F,17,6.0
0,18.99,Unused,F,17,6.0
0,75.48,Used,F,17,6.0
0,4.5,Unused,F,17,6.0
1,17.93,Used,F,17,6.5
0,405.68,Used,F,17,6.5
0,637.08,Used,F,17,6.5
0,242.6,Used,F,17,6.5
0,121.3,Used,F,17,22.71
0,121.3,Used,F,17,6.5
0,242.6,Used,F,17,6.5
0,355.74,Used,F,17,6.5
0,100.91,Unused,F,17,6.5
0,100.91,Unused,F,17,6.5
0,8.15,Unused,F,17,6.5
0,242.6,Unused,F,17,6.5
0,121.3,Unused,F,17,6.5
0,363.9,Unused,F,17,6.5
0,8.66,Unused,F,17,6.0
0,151.88,Unused,F,17,6.5
0,14.78,Unused,F,17,6.0
0,151.88,Unused,F,17,6.5
0,161.04,Unused,F,17,6.5
1,14.49,Used,F,5,6.5
0,119.0,Used,F,5,6.5
0,18.99,Used,F,5,6.5
0,59.99,Used,F,5,6.5
0,298.0,Used,F,5,6.5
0,489.93,Unused,F,5,6.5
0,6.97,Unused,F,5,6.5
0,119.0,Unused,F,5,6.5
0,277.0,Unused,F,5,6.5
0,134.19,Unused,F,5,6.5
0,238.0,Unused,F,5,6.5
0,79.0,Unused,F,5,6.5
0,316.0,Unused,F,5,6.5
0,149.0,Unused,F,5,6.5
0,2.5,Unused,F,5,6.5
1,60.78,Used,F,5,12.99
0,9.49,Used,F,5,6.0
0,9.49,Used,F,5,6.0
0,119.0,Used,F,5,6.0
0,119.0,Used,F,5,6.0
0,149.0,Used,F,5,6.0
0,237.0,Used,F,5,6.0
0,11.0,Used,F,5,6.0
0,149.0,Used,F,5,6.0
0,42.17,Unused,F,5,6.0
0,12.0,Unused,F,5,6.0
0,625.0,Unused,F,5,6.0
0,16.99,Unused,F,5,6.0
0,16.99,Unused,F,5,6.0
0,13.99,Unused,F,5,12.99
0,13.59,Unused,F,5,6.0
0,57.27,Unused,F,5,6.0
0,51.57,Unused,F,5,12.99
0,149.0,Unused,F,5,6.0
0,298.0,Unused,F,5,12.99
0,149.0,Unused,F,5,6.0
0,417.0,Unused,F,5,6.0
0,298.0,Unused,F,5,6.0
1,198.0,Used,F,5,6.5
0,279.0,Used,F,5,6.5
0,279.0,Used,F,5,6.5
0,149.0,Used,F,5,8.7
0,2.99,Used,F,5,20.0
0,268.0,Used,F,5,6.5
0,119.0,Used,F,5,12.99
0,17.49,Used,F,5,6.0
0,149.0,Used,F,5,6.5
0,395.0,Used,F,5,6.5
0,747.0,Unused,F,5,6.5
0,4.8,Unused,F,5,6.5
0,99.0,Unused,F,5,6.5
0,119.0,Unused,F,5,6.5
0,238.0,Unused,F,5,6.5
0,349.0,Unused,F,5,12.99
0,149.0,Unused,F,5,6.5
0,149.0,Unused,F,5,6.5
0,99.0,Unused,F,5,6.5
0,119.0,Unused,F,5,6.5
0,298.0,Unused,F,5,12.99
0,149.0,Unused,F,5,6.5
1,23.99,Unused,F,9,6.0
0,536.0,Unused,F,9,6.0
0,238.0,Unused,F,9,6.0
0,20.99,Unused,F,9,6.0
1,22.36,Used,M,44,6.0
0,19.19,Used,M,44,12.99
0,27.99,Used,M,44,6.0
0,41.59,Used,M,44,6.0
0,13.29,Used,M,44,6.0
0,9.51,Used,M,44,6.0
0,149.0,Used,M,44,6.0
0,50.38,Unused,M,44,6.0
0,13.43,Unused,M,44,6.0
0,307.45,Unused,M,44,21.71
0,119.0,Unused,M,44,6.0
0,149.0,Unused,M,44,6.0
0,7.98,Unused,M,44,6.0
0,149.0,Unused,M,44,6.0
0,4.56,Unused,M,44,6.0
1,3.5,Used,M,44,6.0
0,796.0,Used,M,44,6.0
0,199.0,Used,M,44,6.0
0,7.17,Used,M,44,6.0
0,4.0,Used,M,44,6.0
0,10.8,Used,M,44,6.0
0,175.62,Used,M,44,6.0
0,149.0,Used,M,44,6.0
0,149.0,Used,M,44,6.0
0,149.0,Used,M,44,6.0
0,10.35,Unused,M,44,6.0
0,3.5,Unused,M,44,6.0
0,12.19,Unused,M,44,6.0
0,43.99,Unused,M,44,6.0
0,89.2,Unused,M,44,6.0
0,238.0,Unused,M,44,6.0
0,158.0,Unused,M,44,12.99
0,307.0,Unused,M,44,6.0
0,119.0,Unused,M,44,6.0
0,238.0,Unused,M,44,12.99
0,9.12,Unused,M,44,6.0
0,12.0,Unused,M,44,6.0
0,29.9,Used,M,44,6.0
0,119.0,Used,M,44,6.0
0,24.95,Unused,M,44,6.0
0,8.79,Unused,M,44,6.5
0,237.0,Unused,M,44,6.0
0,16.79,Unused,M,44,6.0
1,12.78,Used,M,2,6.0
0,199.98,Used,M,2,6.0
0,8.7,Used,M,2,6.0
0,5.7,Used,M,2,6.0
0,166.35,Unused,M,2,6.0
0,7.69,Unused,M,2,6.0
0,79.99,Unused,M,2,6.0
0,238.0,Unused,M,2,6.0
0,33.98,Unused,M,2,6.0
0,28.5,Unused,M,2,6.0
1,297.0,Used,M,26,6.0
0,357.0,Used,M,26,6.0
0,119.0,Used,M,26,6.0
0,395.0,Used,M,26,6.0
0,149.0,Used,M,26,6.0
0,99.0,Unused,M,26,6.0
0,199.0,Unused,M,26,12.99
0,119.0,Unused,M,26,6.0
0,119.0,Unused,M,26,6.0
0,119.0,Unused,M,26,6.0
0,149.0,Unused,M,26,6.0
0,149.0,Unused,M,26,6.0
0,23.77,Used,M,26,6.0
0,13.58,Used,M,26,6.0
0,231.9,Used,M,26,14.25
0,97.16,Used,M,26,19.99
0,349.0,Used,M,26,6.0
0,149.0,Used,M,26,6.0
0,31.93,Unused,M,26,6.0
0,35.94,Unused,M,26,14.25
0,666.0,Unused,M,26,6.0
0,106.27,Unused,M,26,19.99
0,238.0,Unused,M,26,6.0
0,119.0,Unused,M,26,6.0
0,395.0,Unused,M,26,6.0
0,79.0,Unused,M,26,6.0
0,15.98,Unused,M,26,14.25
0,437.0,Unused,M,26,6.0
0,119.0,Unused,M,26,6.0
0,476.0,Unused,M,26,6.0
1,0.51,Used,M,26,6.0
0,22.41,Unused,M,26,6.0
0,7.38,Unused,M,26,6.0
0,3.05,Unused,M,26,6.0
1,43.9,Used,F,20,6.5
0,59.75,Used,F,20,18.47
0,90.37,Used,F,20,6.5
0,59.88,Used,F,20,6.5
0,19.99,Used,F,20,6.5
0,198.0,Used,F,20,6.5
0,59.99,Used,F,20,6.5
0,57.93,Unused,F,20,6.5
0,116.87,Unused,F,20,6.5
0,119.75,Unused,F,20,18.47
0,49.58,Unused,F,20,6.5
0,59.99,Unused,F,20,6.5
0,149.0,Unused,F,20,6.5
0,298.0,Unused,F,20,6.5
0,17.94,Unused,F,20,6.5
0,35.96,Unused,F,20,6.5
0,149.0,Unused,F,20,6.5
1,53.68,Used,F,20,19.99
0,132.59,Used,F,20,12.99
0,316.0,Used,F,20,12.99
0,395.0,Used,F,20,6.0
0,12.31,Used,F,20,6.0
0,35.79,Unused,F,20,19.99
0,19.19,Unused,F,20,12.99
0,104.0,Unused,F,20,8.7
0,298.0,Unused,F,20,12.99
0,149.0,Unused,F,20,6.0
0,17.94,Unused,F,20,19.99
0,13.59,Unused,F,20,12.99
1,9.57,Used,F,20,12.48
0,398.0,Used,F,20,6.5
0,468.0,Used,F,20,6.5
0,119.0,Used,F,20,6.5
0,45.54,Unused,F,20,12.48
0,628.0,Unused,F,20,6.5
0,119.0,Unused,F,20,6.5
0,665.0,Unused,F,20,6.5
0,149.0,Unused,F,20,12.99
0,149.0,Unused,F,20,6.5
0,149.0,Unused,F,20,6.5
0,11.97,Unused,F,20,12.48
0,119.0,Unused,F,20,12.99
0,349.0,Unused,F,20,6.5
0,298.0,Unused,F,20,6.5
1,238.0,Used,M,4,6.0
0,8.79,Used,M,4,12.99
0,5.96,Used,M,4,6.0
0,53.36,Used,M,4,6.0
0,10.07,Used,M,4,12.99
0,30.39,Used,M,4,6.0
0,19.99,Used,M,4,6.0
0,30.38,Used,M,4,6.0
0,10.63,Used,M,4,6.0
0,119.0,Used,M,4,6.0
0,119.0,Used,M,4,6.5
0,149.0,Used,M,4,6.0
0,149.0,Used,M,4,6.0
0,32.85,Unused,M,4,6.0
0,60.77,Unused,M,4,6.0
0,17.97,Unused,M,4,6.0
0,119.98,Unused,M,4,12.99
0,62.77,Unused,M,4,6.0
0,67.24,Unused,M,4,6.0
0,238.0,Unused,M,4,6.0
0,119.0,Unused,M,4,6.0
0,119.0,Unused,M,4,6.0
0,119.0,Unused,M,4,6.0
0,59.99,Unused,M,4,6.0
0,36.98,Unused,M,4,6.0
0,298.0,Unused,M,4,6.0
0,15.19,Unused,M,4,6.0
0,15.19,Unused,M,4,6.0
0,158.0,Unused,M,4,6.0
0,149.0,Unused,M,4,6.0
0,745.0,Unused,M,4,6.0
0,10.99,Unused,M,4,6.0
0,13.43,Unused,M,4,6.0
0,357.0,Unused,M,4,6.0
0,119.0,Unused,M,4,6.0
0,119.0,Unused,M,4,6.0
0,149.0,Unused,M,4,6.0
0,149.0,Unused,M,4,6.0
0,13.59,Unused,M,4,6.0
0,12.31,Unused,M,4,6.0
1,8.79,Used,F,24,6.0
0,42.0,Used,F,24,14.25
0,41.73,Used,F,24,6.0
0,252.0,Used,F,24,19.99
0,451.65,Used,F,24,12.91
0,4.8,Used,F,24,6.0
0,26.95,Used,F,24,6.0
0,32.77,Used,F,24,6.5
0,19.99,Used,F,24,6.0
0,11.0,Used,F,24,6.0
0,2.99,Used,F,24,6.0
0,7.17,Used,F,24,6.5
0,2.39,Used,F,24,6.0
0,26.19,Used,F,24,6.0
0,27.18,Used,F,24,12.99
0,149.0,Used,F,24,6.0
0,149.0,Used,F,24,6.0
0,329.97,Unused,F,24,19.99
0,27.09,Unused,F,24,6.5
0,3.99,Unused,F,24,6.0
0,30.0,Unused,F,24,6.0
0,8.79,Unused,F,24,6.0
0,220.0,Unused,F,24,14.25
0,4.99,Unused,F,24,6.0
0,3.99,Unused,F,24,6.0
0,99.0,Unused,F,24,6.0
0,99.0,Unused,F,24,6.0
0,11.2,Unused,F,24,12.99
0,4.78,Unused,F,24,6.0
0,9.56,Unused,F,24,6.0
0,79.99,Unused,F,24,6.5
0,1.99,Unused,F,24,6.0
0,15.99,Unused,F,24,12.99
0,119.0,Unused,F,24,6.0
0,15.0,Unused,F,24,6.0
0,149.0,Unused,F,24,19.99
0,149.0,Unused,F,24,6.0
0,149.0,Unused,F,24,6.0
0,79.0,Unused,F,24,6.0
0,312.0,Unused,F,24,8.7
0,632.0,Unused,F,24,6.0
0,7.5,Unused,F,24,6.0
0,6.0,Unused,F,24,6.0
0,149.0,Unused,F,24,6.0
0,596.0,Unused,F,24,6.0
0,149.0,Unused,F,24,6.0
0,8.4,Unused,F,24,6.0
0,8.4,Unused,F,24,6.0
0,8.99,Unused,F,24,6.0
0,6.0,Unused,F,24,6.5
0,2.99,Unused,F,24,6.0
0,119.0,Unused,F,24,6.0
0,4.75,Unused,F,24,6.0
0,4.75,Unused,F,24,6.0
0,6.0,Unused,F,24,6.0
0,6.0,Unused,F,24,6.0
1,15.98,Used,M,25,6.5
0,123.95,Used,M,25,6.5
0,119.0,Used,M,25,6.5
0,119.0,Used,M,25,6.5
0,24.99,Used,M,25,6.5
0,71.96,Used,M,25,6.5
0,298.0,Used,M,25,6.5
0,149.0,Used,M,25,6.5
0,99.99,Unused,M,25,6.5
0,71.97,Unused,M,25,6.5
0,191.96,Unused,M,25,6.5
0,47.98,Unused,M,25,6.5
0,99.99,Unused,M,25,6.5
0,105.95,Unused,M,25,6.5
0,17.98,Unused,M,25,6.5
0,268.0,Unused,M,25,64.01
0,228.0,Unused,M,25,6.5
0,47.98,Unused,M,25,6.5
0,96.95,Unused,M,25,6.5
0,59.85,Used,M,25,35.96
0,69.99,Used,M,25,6.5
0,13.58,Used,M,25,20.74
0,123.13,Used,M,25,64.01
0,179.25,Used,M,25,50.74
0,19.95,Used,M,25,6.5
0,39.98,Used,M,25,6.5
0,35.0,Used,M,25,41.3
0,51.16,Used,M,25,106.0
0,63.95,Used,M,25,18.47
0,15.98,Used,M,25,6.5
0,119.0,Used,M,25,6.5
0,119.0,Used,M,25,6.5
0,387.0,Used,M,25,6.5
0,238.0,Used,M,25,6.5
0,238.0,Used,M,25,6.5
0,238.0,Used,M,25,6.5
0,119.0,Used,M,25,6.5
0,119.0,Used,M,25,6.5
0,238.0,Used,M,25,6.5
0,34.38,Used,M,25,6.5
0,15.19,Used,M,25,6.5
0,15.19,Used,M,25,6.5
0,28.78,Used,M,25,6.5
0,79.98,Used,M,25,6.5
0,33.98,Used,M,25,6.5
0,16.99,Used,M,25,6.5
0,41.99,Used,M,25,6.5
0,43.98,Used,M,25,6.5
0,149.0,Used,M,25,6.5
0,745.0,Used,M,25,6.5
0,65.93,Unused,M,25,20.74
0,16.78,Unused,M,25,6.5
0,78.33,Unused,M,25,64.01
0,35.16,Unused,M,25,106.0
0,19.98,Unused,M,25,6.5
0,37.98,Unused,M,25,6.5
0,67.17,Unused,M,25,18.47
0,99.95,Unused,M,25,6.5
0,99.99,Unused,M,25,6.5
0,79.99,Unused,M,25,6.5
0,99.99,Unused,M,25,6.5
0,209.85,Unused,M,25,35.96
0,179.25,Unused,M,25,50.74
0,19.95,Unused,M,25,6.5
0,279.65,Unused,M,25,41.3
0,47.17,Unused,M,25,6.5
0,47.98,Unused,M,25,6.5
0,109.96,Unused,M,25,6.5
0,54.98,Unused,M,25,6.5
0,79.96,Unused,M,25,6.5
0,29.58,Unused,M,25,6.5
0,7.99,Unused,M,25,6.5
0,127.9,Unused,M,25,18.47
0,44.79,Unused,M,25,6.5
0,23.98,Unused,M,25,6.5
0,81.96,Unused,M,25,6.5
0,104.14,Unused,M,25,6.5
0,119.0,Unused,M,25,6.5
0,283.19,Unused,M,25,6.5
0,238.0,Unused,M,25,6.5
0,238.0,Unused,M,25,6.5
0,119.0,Unused,M,25,6.5
0,37.98,Unused,M,25,6.5
0,39.98,Unused,M,25,6.5
0,19.19,Unused,M,25,6.5
0,11.19,Unused,M,25,6.5
0,11.19,Unused,M,25,6.5
0,33.98,Unused,M,25,6.5
0,16.99,Unused,M,25,6.5
0,43.98,Unused,M,25,6.5
0,58.97,Unused,M,25,6.5
0,237.0,Unused,M,25,6.5
0,614.0,Unused,M,25,6.5
0,237.0,Unused,M,25,6.5
0,43.98,Unused,M,25,6.5
0,149.0,Unused,M,25,6.5
0,149.0,Unused,M,25,6.5
0,111.98,Unused,M,25,50.74
0,44.76,Unused,M,25,106.0
0,35.2,Unused,M,25,18.47
0,19.95,Unused,M,25,6.5
0,75.96,Unused,M,25,6.5
0,47.98,Unused,M,25,6.5
0,7.99,Unused,M,25,6.5
0,39.98,Unused,M,25,6.5
0,111.98,Unused,M,25,6.5
0,15.19,Unused,M,25,6.5
0,39.98,Unused,M,25,6.5
0,238.0,Unused,M,25,6.5
0,119.0,Unused,M,25,6.5
0,119.0,Unused,M,25,6.5
0,119.0,Unused,M,25,6.5
0,119.0,Unused,M,25,6.5
0,119.0,Unused,M,25,6.5
0,95.99,Unused,M,25,6.5
0,16.99,Unused,M,25,6.5
0,19.99,Unused,M,25,20.74
0,39.98,Unused,M,25,6.5
0,18.99,Unused,M,25,6.5
0,43.98,Unused,M,25,6.5
0,298.0,Unused,M,25,6.5
0,149.0,Unused,M,25,6.5
0,149.0,Unused,M,25,6.5
0,109.98,Unused,M,25,6.5
0,357.0,Used,M,25,6.5
0,238.0,Used,M,25,6.5
0,3.99,Unused,M,25,6.5
0,238.0,Unused,M,25,6.5
1,96.77,Used,M,25,6.0
0,199.0,Used,M,25,12.99
0,16.39,Used,M,25,6.0
0,16.25,Used,M,25,6.0
0,99.0,Used,M,25,19.99
0,168.18,Used,M,25,6.0
0,79.99,Used,M,25,6.5
0,79.99,Used,M,25,6.0
0,119.0,Used,M,25,12.99
0,357.0,Used,M,25,6.0
0,149.0,Used,M,25,12.99
0,149.0,Used,M,25,6.0
0,237.0,Used,M,25,6.0
0,79.0,Used,M,25,6.0
0,237.0,Used,M,25,6.0
0,149.0,Used,M,25,6.0
0,298.0,Used,M,25,6.0
0,298.0,Used,M,25,6.0
0,41.93,Unused,M,25,6.0
0,914.6,Unused,M,25,12.99
0,199.0,Unused,M,25,6.5
0,82.07,Unused,M,25,6.5
0,20.78,Unused,M,25,6.0
0,99.0,Unused,M,25,6.0
0,99.0,Unused,M,25,6.0
0,101.23,Unused,M,25,6.0
0,5.99,Unused,M,25,6.0
0,149.0,Unused,M,25,8.7
0,468.0,Unused,M,25,6.0
0,238.0,Unused,M,25,6.0
0,119.0,Unused,M,25,6.0
0,119.0,Unused,M,25,12.99
0,23.75,Unused,M,25,6.0
0,498.0,Unused,M,25,6.0
0,149.0,Unused,M,25,12.99
0,149.0,Unused,M,25,6.0
0,149.0,Unused,M,25,6.0
0,3.6,Unused,M,25,6.5
0,715.6,Unused,M,25,12.99
0,99.0,Unused,M,25,6.0
0,7.24,Unused,M,25,6.0
0,167.65,Unused,M,25,13.75
0,23.55,Unused,M,25,6.0
0,158.0,Unused,M,25,6.0
0,158.0,Unused,M,25,6.0
1,8.55,Used,M,16,6.0
0,12.72,Used,M,16,6.5
0,121.39,Used,M,16,6.0
0,19.99,Used,M,16,6.5
0,6.0,Used,M,16,6.0
0,2.39,Used,M,16,6.0
0,4.08,Used,M,16,6.0
0,149.0,Used,M,16,6.0
0,31.6,Unused,M,16,6.5
0,8.39,Unused,M,16,6.0
0,18.36,Unused,M,16,6.0
0,3.5,Unused,M,16,6.0
0,79.99,Unused,M,16,6.0
0,43.17,Unused,M,16,18.12
0,2.39,Unused,M,16,6.0
0,100.5,Unused,M,16,6.0
0,238.0,Unused,M,16,6.0
0,238.0,Unused,M,16,6.0
0,238.0,Unused,M,16,6.0
0,436.0,Unused,M,16,6.0
0,158.0,Unused,M,16,6.0
0,395.0,Unused,M,16,6.0
0,20.99,Unused,M,16,6.0
0,29.7,Unused,M,16,6.0
0,1.58,Unused,M,16,6.0
0,35.85,Unused,M,16,6.0
0,9.56,Unused,M,16,6.5
0,119.0,Unused,M,16,6.0
1,35.05,Used,F,25,6.5
0,11.34,Unused,F,25,6.5
0,7.42,Unused,F,25,6.5
0,10.72,Unused,F,25,6.5
1,34.0,Used,M,43,6.5
0,20.6,Used,M,43,6.5
0,16.49,Used,M,43,6.5
0,122.77,Used,M,43,6.5
0,122.77,Used,M,43,6.5
0,245.54,Used,M,43,6.5
0,122.77,Used,M,43,6.5
0,122.77,Used,M,43,6.5
0,326.0,Used,M,43,6.5
0,153.71,Used,M,43,6.5
0,153.71,Used,M,43,6.5
0,1004.43,Unused,M,43,6.5
0,49.36,Unused,M,43,6.5
0,10.31,Unused,M,43,6.5
0,31.34,Unused,M,43,6.5
0,245.54,Unused,M,43,6.5
0,122.77,Unused,M,43,6.5
0,204.27,Unused,M,43,6.5
0,245.54,Unused,M,43,6.5
0,16.5,Unused,M,43,6.5
0,407.5,Unused,M,43,6.5
0,153.71,Unused,M,43,6.5
0,153.71,Unused,M,43,6.5
0,3.28,Unused,M,43,6.5
0,122.77,Unused,M,43,6.5
0,153.71,Unused,M,43,6.5
0,19.74,Used,M,43,62.74
0,11.32,Used,M,43,6.5
0,29.69,Used,M,43,6.5
0,31.34,Used,M,43,17.96
0,35.06,Used,M,43,6.5
0,307.42,Used,M,43,6.5
0,153.71,Used,M,43,6.5
0,153.71,Used,M,43,6.5
0,359.84,Unused,M,43,6.5
0,57.76,Unused,M,43,6.5
0,20.62,Unused,M,43,6.5
0,276.48,Unused,M,43,6.5
0,368.31,Unused,M,43,6.5
0,245.54,Unused,M,43,6.5
0,122.77,Unused,M,43,6.5
0,368.31,Unused,M,43,6.5
0,29.69,Unused,M,43,6.5
0,35.06,Unused,M,43,6.5
0,153.71,Unused,M,43,6.5
0,153.71,Unused,M,43,6.5
0,153.71,Unused,M,43,6.5
0,90.76,Unused,M,43,6.5
0,155.0,Unused,M,43,6.5
0,122.77,Unused,M,43,6.5
0,122.77,Unused,M,43,6.5
0,122.77,Unused,M,43,6.5
1,595.0,Used,M,40,6.0
0,15.19,Used,M,40,6.0
0,13.92,Used,M,40,6.0
0,5.1,Used,M,40,6.0
0,16.99,Used,M,40,6.0
0,298.0,Used,M,40,6.0
0,13.59,Used,M,40,12.99
0,14.16,Unused,M,40,6.0
0,39.58,Unused,M,40,6.0
0,19.99,Unused,M,40,6.0
0,18.99,Unused,M,40,6.0
0,119.0,Unused,M,40,12.99
0,19.99,Unused,M,40,6.0
0,79.0,Unused,M,40,6.0
0,15.99,Unused,M,40,6.0
0,26.0,Unused,M,40,6.0
0,348.0,Used,M,40,19.99
0,199.0,Used,M,40,6.0
0,1.59,Used,M,40,6.0
0,95.75,Used,M,40,12.91
0,19.19,Used,M,40,6.0
0,36.98,Used,M,40,6.0
0,119.0,Used,M,40,12.99
0,119.0,Used,M,40,6.0
0,595.0,Used,M,40,6.0
0,4.08,Used,M,40,6.0
0,149.0,Used,M,40,6.0
0,149.0,Used,M,40,6.0
0,597.0,Unused,M,40,6.0
0,1390.0,Unused,M,40,6.0
0,73.9,Unused,M,40,6.0
0,44.79,Unused,M,40,19.99
0,84.95,Unused,M,40,6.0
0,28.46,Unused,M,40,12.91
0,1199.0,Unused,M,40,136.09
0,22.97,Unused,M,40,12.99
0,119.0,Unused,M,40,6.0
0,13.59,Unused,M,40,6.0
0,21.19,Unused,M,40,6.0
0,27.18,Unused,M,40,6.0
0,79.0,Unused,M,40,6.0
0,4.8,Unused,M,40,6.0
0,23.76,Unused,M,40,6.0
1,6.38,Used,M,50,6.0
0,15.39,Used,M,50,6.0
0,19.15,Unused,M,50,6.0
0,17.49,Unused,M,50,6.0
0,119.0,Unused,M,50,6.0
0,119.0,Unused,M,50,6.0
0,3.99,Unused,M,50,6.0
0,400.0,Unused,M,50,0.0
0,26.4,Unused,M,50,6.0
0,119.0,Unused,M,50,6.0
0,149.0,Unused,M,50,6.0
0,26.97,Used,M,50,6.0
0,2.99,Used,M,50,6.0
0,119.0,Used,M,50,6.0
0,26.97,Unused,M,50,6.0
0,447.0,Used,M,50,6.0
1,122.77,Used,F,21,6.5
0,561.21,Used,F,21,6.5
0,163.0,Used,F,21,6.5
0,163.0,Used,F,21,6.5
0,122.77,Unused,F,21,6.5
0,245.54,Unused,F,21,6.5
0,276.48,Unused,F,21,6.5
0,163.0,Unused,F,21,6.5
0,153.71,Unused,F,21,6.5
0,307.42,Unused,F,21,6.5
1,5.78,Used,M,29,6.5
0,5.78,Unused,M,29,6.5
0,25.77,Unused,M,29,6.5
0,327.04,Unused,M,29,6.5
0,10.31,Unused,M,29,6.5
0,11.56,Unused,M,29,6.5
0,122.77,Unused,M,29,6.5
0,17.53,Unused,M,29,6.5
0,122.77,Unused,M,29,6.5
1,27.19,Used,F,44,6.5
0,11.19,Used,F,44,6.0
0,130.19,Used,F,44,6.0
0,119.0,Used,F,44,6.0
0,15.19,Used,F,44,19.99
0,79.0,Used,F,44,6.0
0,149.0,Used,F,44,6.0
0,149.0,Used,F,44,6.0
0,10.63,Unused,F,44,6.0
0,238.0,Unused,F,44,6.0
0,476.0,Unused,F,44,6.0
0,119.0,Unused,F,44,6.0
0,119.0,Unused,F,44,12.99
0,13.43,Unused,F,44,6.0
0,158.0,Unused,F,44,6.0
0,149.0,Unused,F,44,12.99
0,27.19,Unused,F,44,6.5
0,12.31,Unused,F,44,6.0
0,298.0,Unused,F,44,6.0
1,16.99,Unused,F,44,12.99
1,17.59,Used,F,28,6.0
0,55.99,Used,F,28,6.0
0,58.93,Used,F,28,6.0
0,298.0,Used,F,28,6.0
0,45.97,Unused,F,28,6.0
0,85.44,Unused,F,28,6.0
0,12.99,Unused,F,28,6.0
0,10.39,Unused,F,28,6.0
0,15.19,Unused,F,28,6.0
1,8.96,Used,F,28,12.99
0,99.9,Used,F,28,6.5
0,48.92,Used,F,28,6.5
0,151.88,Used,F,28,6.5
0,17.93,Unused,F,28,12.99
0,100.91,Unused,F,28,12.99
0,27.45,Unused,F,28,6.0
0,161.04,Unused,F,28,12.99
0,151.88,Unused,F,28,12.99
0,151.88,Unused,F,28,12.99
0,3.25,Unused,F,28,6.5
0,273.18,Unused,F,28,12.99
1,164.94,Used,M,20,6.5
0,15.19,Used,M,20,6.5
0,3.99,Unused,M,20,6.5
0,29.98,Unused,M,20,6.5
0,15.19,Unused,M,20,6.5
0,18.99,Unused,M,20,6.5
0,149.0,Unused,M,20,6.5
0,16.99,Unused,M,20,6.5
0,238.0,Unused,M,20,6.5
0,79.0,Unused,M,20,6.5
0,27.18,Unused,M,20,6.5
0,99.99,Used,M,20,44.06
0,55.95,Used,M,20,51.99
0,19.99,Used,M,20,44.06
0,114.95,Used,M,20,56.32
0,44.95,Unused,M,20,51.99
0,39.98,Unused,M,20,44.06
0,43.98,Unused,M,20,56.32
0,23.98,Unused,M,20,51.99
1,4.09,Used,F,15,6.5
0,47.7,Used,F,15,6.5
0,12.33,Used,F,15,41.3
0,41.24,Used,F,15,6.5
0,99.02,Used,F,15,6.5
0,20.62,Used,F,15,13.78
0,122.77,Used,F,15,6.5
0,90.77,Used,F,15,6.5
0,35.06,Used,F,15,6.5
0,153.71,Used,F,15,6.5
0,153.71,Used,F,15,6.5
0,63.9,Unused,F,15,6.5
0,181.44,Unused,F,15,6.5
0,333.36,Unused,F,15,41.3
0,82.52,Unused,F,15,6.5
0,46.21,Unused,F,15,6.5
0,36.28,Unused,F,15,13.78
0,122.77,Unused,F,15,6.5
0,122.77,Unused,F,15,6.5
0,122.77,Unused,F,15,6.5
0,368.31,Unused,F,15,6.5
0,122.77,Unused,F,15,6.5
0,245.54,Unused,F,15,6.5
0,122.77,Unused,F,15,6.5
0,61.89,Unused,F,15,6.5
0,61.89,Unused,F,15,6.5
0,153.71,Unused,F,15,6.5
0,307.42,Unused,F,15,6.5
0,307.42,Unused,F,15,6.5
0,153.71,Unused,F,15,6.5
0,153.71,Unused,F,15,6.5
0,153.71,Unused,F,15,6.5
0,307.42,Unused,F,15,6.5
0,153.71,Unused,F,15,6.5
0,153.71,Unused,F,15,6.5
0,3.6,Unused,F,15,6.5
0,122.77,Unused,F,15,6.5
0,245.54,Unused,F,15,6.5
0,81.5,Unused,F,15,6.5
0,105.18,Unused,F,15,6.5
1,10.63,Used,F,48,6.0
0,149.0,Used,F,48,6.0
0,299.0,Unused,F,48,6.0
0,238.0,Unused,F,48,6.0
0,15.99,Unused,F,48,6.0
1,298.0,Unused,F,47,6.0
1,139.65,Unused,M,43,12.99
1,16.78,Used,M,30,18.12
0,105.54,Used,M,30,21.92
0,198.94,Unused,M,30,21.92
0,80.71,Unused,M,30,18.12
0,67.14,Unused,M,30,21.92
1,199.0,Used,M,30,6.0
0,449.2,Used,M,30,19.99
0,79.0,Used,M,30,6.0
0,79.0,Used,M,30,6.0
0,119.0,Unused,M,30,6.0
0,119.0,Unused,M,30,12.99
0,476.0,Unused,M,30,6.0
0,238.0,Unused,M,30,6.0
0,149.0,Unused,M,30,6.0
0,12.31,Unused,M,30,19.99
0,5.59,Unused,M,30,12.99
0,119.0,Unused,M,30,6.0
0,149.0,Unused,M,30,6.0
0,158.0,Unused,M,30,6.0
0,19.19,Used,M,30,6.5
0,3508.02,Used,M,30,6.0
0,157.0,Used,M,30,6.0
0,149.0,Used,M,30,6.0
0,0.79,Unused,M,30,6.0
0,119.8,Unused,M,30,12.48
0,19.19,Unused,M,30,6.5
0,3515.0,Unused,M,30,6.0
1,15.19,Unused,M,8,6.0
1,119.7,Used,M,43,82.48
0,199.0,Used,M,43,6.0
0,99.0,Used,M,43,6.0
0,59.75,Used,M,43,12.48
0,1.99,Used,M,43,6.0
0,5.99,Used,M,43,6.0
0,4.4,Used,M,43,6.0
0,13.59,Used,M,43,6.5
0,119.0,Used,M,43,6.0
0,349.0,Used,M,43,6.0
0,149.0,Used,M,43,6.0
0,149.0,Used,M,43,19.99
0,16.99,Used,M,43,6.0
0,149.0,Used,M,43,6.0
0,149.0,Used,M,43,6.0
0,43.07,Unused,M,43,6.0
0,12.99,Unused,M,43,6.0
0,443.7,Unused,M,43,82.48
0,99.0,Unused,M,43,6.0
0,198.0,Unused,M,43,6.0
0,99.0,Unused,M,43,6.0
0,143.4,Unused,M,43,6.0
0,59.75,Unused,M,43,12.48
0,37.98,Unused,M,43,6.0
0,8.49,Unused,M,43,6.0
0,13.59,Unused,M,43,6.5
0,279.0,Unused,M,43,6.0
0,2.99,Unused,M,43,6.0
0,238.0,Unused,M,43,6.0
0,349.0,Unused,M,43,6.0
0,149.0,Unused,M,43,6.5
0,149.0,Unused,M,43,6.0
0,79.0,Unused,M,43,6.0
0,316.0,Unused,M,43,19.99
0,149.0,Unused,M,43,6.0
0,149.0,Unused,M,43,6.0
0,149.0,Unused,M,43,6.0
0,15.96,Unused,M,43,6.0
0,198.0,Unused,M,43,6.0
0,198.0,Unused,M,43,6.0
0,198.0,Unused,M,43,6.0
0,99.0,Unused,M,43,6.0
0,777.0,Unused,M,43,6.0
0,349.0,Unused,M,43,6.0
0,149.0,Unused,M,43,6.0
0,298.0,Unused,M,43,6.0
0,312.0,Unused,M,43,8.7
0,298.0,Unused,M,43,6.0
0,149.0,Unused,M,43,6.0
1,15.19,Unused,F,19,6.0
1,238.0,Used,F,19,6.0
0,119.0,Used,F,19,6.0
0,119.0,Used,F,19,12.99
0,238.0,Used,F,19,12.99
0,238.0,Used,F,19,6.0
0,4.08,Used,F,19,6.5
0,149.0,Used,F,19,6.0
0,103.9,Unused,F,19,19.02
0,199.0,Unused,F,19,6.0
0,20.23,Unused,F,19,6.5
0,357.0,Unused,F,19,6.0
0,238.0,Unused,F,19,6.0
0,238.0,Unused,F,19,6.0
0,149.0,Unused,F,19,6.0
0,15.48,Unused,F,19,6.0
0,149.0,Unused,F,19,6.0
0,24.36,Used,F,19,6.0
0,119.0,Used,F,19,6.0
0,46.5,Used,F,19,6.0
0,42.94,Unused,F,19,6.5
0,10.79,Unused,F,19,6.0
0,5.7,Unused,F,19,6.0
0,23.9,Unused,F,19,12.99
0,119.0,Unused,F,19,6.0
0,13.59,Unused,F,19,6.0
0,395.0,Unused,F,19,6.0
0,13.59,Unused,F,19,6.0
0,149.0,Unused,F,19,8.7
0,67.19,Unused,F,19,12.99
0,5.1,Unused,F,19,6.0
1,7.19,Used,M,9,6.5
0,3.19,Unused,M,9,6.5
0,155.39,Unused,M,9,6.5
1,139.75,Used,M,9,55.73
1,8.97,Used,F,18,6.5
0,14.94,Unused,F,18,6.5
0,7.99,Unused,F,18,6.5
0,13.99,Unused,F,18,6.5
0,9.95,Unused,F,18,6.5
1,7.2,Used,F,47,12.48
0,34.0,Used,F,47,6.0
0,35.59,Used,F,47,6.0
0,149.19,Unused,F,47,6.0
0,364.44,Unused,F,47,6.0
0,8.16,Unused,F,47,6.0
0,199.0,Unused,F,47,8.7
0,99.99,Unused,F,47,12.99
0,15.99,Unused,F,47,6.0
1,8.4,Used,F,31,6.5
1,122.77,Used,F,3,6.5
0,31.34,Used,F,3,6.5
0,15.67,Used,F,3,6.5
0,163.0,Used,F,3,6.5
0,140.16,Unused,F,3,6.5
0,122.77,Unused,F,3,6.5
0,16.5,Unused,F,3,6.5
0,81.5,Unused,F,3,6.5
0,122.77,Unused,F,3,6.5
0,307.42,Unused,F,3,6.5
1,25.58,Used,F,15,6.0
0,28.0,Unused,F,15,73.71
0,27.19,Unused,F,15,6.5
0,7.98,Unused,F,15,6.0
0,79.0,Unused,F,15,6.0
1,99.0,Used,F,7,6.0
0,2.39,Used,F,7,6.0
0,16.99,Used,F,7,6.0
0,160.39,Unused,F,7,6.0
0,3.18,Unused,F,7,6.0
1,89.79,Used,F,5,6.0
0,18.99,Used,F,5,12.99
0,17.49,Used,F,5,6.0
0,10.99,Unused,F,5,6.0
0,359.8,Unused,F,5,6.0
0,418.8,Unused,F,5,12.99
0,16.99,Unused,F,5,6.0
0,119.0,Unused,F,5,6.0
0,16.99,Unused,F,5,6.0
1,22.69,Unused,F,5,117.7
0,122.77,Unused,F,5,6.5
0,10.99,Unused,F,5,6.5
0,149.0,Unused,F,5,6.5
0,16.99,Unused,F,5,6.5
1,25.56,Used,F,5,6.0
0,6.79,Used,F,5,6.0
0,874.0,Used,F,5,6.0
0,12.24,Used,F,5,6.0
0,298.0,Used,F,5,6.0
0,149.0,Used,F,5,6.0
0,79.0,Used,F,5,6.0
0,16.79,Used,F,5,6.0
0,22.0,Used,F,5,6.0
0,149.0,Used,F,5,12.99
0,35.97,Unused,F,5,6.0
0,7.98,Unused,F,5,6.0
0,40.2,Unused,F,5,6.0
0,30.48,Unused,F,5,6.0
0,9.58,Unused,F,5,6.0
0,52.39,Unused,F,5,6.0
0,153.56,Unused,F,5,6.0
0,119.0,Unused,F,5,6.0
0,238.0,Unused,F,5,6.0
0,12.0,Unused,F,5,6.0
0,4.56,Unused,F,5,6.0
0,3.19,Used,F,5,6.0
0,199.0,Unused,F,5,6.0
0,15.18,Unused,F,5,6.0
0,2.39,Unused,F,5,6.0
1,3.25,Used,F,5,12.99
0,8.96,Used,F,5,12.99
0,17.93,Used,F,5,6.5
0,5.1,Used,F,5,6.0
0,363.9,Used,F,5,6.5
0,363.9,Used,F,5,12.99
0,425.06,Used,F,5,12.99
0,121.3,Used,F,5,6.5
0,3.47,Used,F,5,6.5
0,355.74,Used,F,5,12.99
0,151.88,Used,F,5,6.5
0,151.88,Used,F,5,19.99
0,17.93,Unused,F,5,6.5
0,34.23,Unused,F,5,12.99
0,22.41,Unused,F,5,6.0
0,202.84,Unused,F,5,12.99
0,557.57,Unused,F,5,6.5
0,100.91,Unused,F,5,6.5
0,12.2,Unused,F,5,6.0
0,35.86,Unused,F,5,6.5
0,121.3,Unused,F,5,6.5
0,485.2,Unused,F,5,6.5
0,172.86,Unused,F,5,6.5
0,607.52,Unused,F,5,12.99
0,202.84,Unused,F,5,12.99
0,17.93,Unused,F,5,6.5
0,121.3,Unused,F,5,6.5
0,363.9,Unused,F,5,6.5
0,11.82,Unused,F,5,12.99
0,151.88,Unused,F,5,6.5
0,303.76,Unused,F,5,6.5
1,925.62,Used,F,22,25.87
0,35.86,Used,F,22,6.5
0,17.93,Used,F,22,6.5
0,11.2,Used,F,22,6.0
0,11.4,Used,F,22,6.5
0,34.45,Used,F,22,6.5
0,51.3,Used,F,22,12.48
0,100.91,Used,F,22,6.5
0,243.78,Used,F,22,21.29
0,6.11,Used,F,22,6.0
0,9.78,Used,F,22,6.5
0,242.6,Used,F,22,6.5
0,242.6,Used,F,22,6.5
0,80.52,Used,F,22,6.5
0,1.01,Unused,F,22,6.0
0,1075.41,Unused,F,22,25.87
0,35.86,Unused,F,22,6.5
0,53.79,Unused,F,22,6.5
0,17.93,Unused,F,22,6.5
0,17.93,Unused,F,22,6.5
0,202.84,Unused,F,22,6.5
0,749.59,Unused,F,22,21.29
0,4.89,Unused,F,22,6.5
0,10.2,Unused,F,22,6.0
0,100.91,Unused,F,22,6.5
0,100.91,Unused,F,22,6.5
0,54.5,Unused,F,22,12.48
0,6.12,Unused,F,22,6.0
0,121.3,Unused,F,22,6.5
0,121.3,Unused,F,22,6.5
0,242.6,Unused,F,22,19.99
0,161.04,Unused,F,22,6.5
0,303.76,Unused,F,22,6.5
0,151.88,Unused,F,22,6.5
0,100.91,Unused,F,22,6.5
0,151.88,Unused,F,22,8.7
0,3.05,Unused,F,22,6.0
0,606.5,Unused,F,22,6.5
0,121.3,Unused,F,22,6.5
0,27.69,Unused,F,22,6.5
0,151.88,Unused,F,22,6.5
1,21.98,Used,M,4,50.0
0,44.79,Used,M,4,6.0
0,36.39,Used,M,4,6.0
0,109.9,Unused,M,4,6.0
0,54.93,Unused,M,4,50.0
0,55.18,Unused,M,4,6.0
0,238.0,Unused,M,4,6.0
0,31.89,Unused,M,4,6.0
0,19.99,Unused,M,4,6.0
0,2.99,Unused,M,4,50.0
1,22.49,Used,F,30,6.5
0,25.97,Used,F,30,6.5
0,31.58,Used,F,30,20.85
0,24.64,Used,F,30,6.5
0,11.19,Used,F,30,6.5
0,15.19,Used,F,30,6.5
0,379.81,Used,F,30,18.16
0,149.0,Used,F,30,6.5
0,7.95,Unused,F,30,6.5
0,1.99,Unused,F,30,6.5
0,15.98,Unused,F,30,20.85
0,13.59,Unused,F,30,6.5
0,339.83,Unused,F,30,18.16
0,41.99,Unused,F,30,6.5
0,13.59,Unused,F,30,6.5
0,447.0,Unused,F,30,6.5
0,13.59,Unused,F,30,6.5
0,11.19,Unused,F,30,20.85
0,67.19,Unused,F,30,6.5
0,519.74,Unused,F,30,18.16
1,149.0,Used,F,30,6.0
0,70.0,Unused,F,30,12.48
0,119.0,Unused,F,30,6.0
0,119.0,Unused,F,30,6.0
0,21.16,Used,F,30,6.0
0,1.59,Used,F,30,6.0
0,175.8,Used,F,30,37.19
0,21.57,Used,F,30,6.0
0,418.6,Used,F,30,6.0
0,27.19,Used,F,30,6.0
0,13.29,Used,F,30,6.0
0,119.0,Used,F,30,6.0
0,238.0,Used,F,30,6.0
0,238.0,Used,F,30,12.99
0,15.99,Used,F,30,6.0
0,149.0,Used,F,30,6.0
0,149.5,Unused,F,30,6.0
0,173.44,Unused,F,30,6.0
0,17.56,Unused,F,30,6.0
0,113.28,Unused,F,30,6.0
0,119.0,Unused,F,30,6.0
0,119.0,Unused,F,30,6.0
0,119.0,Unused,F,30,6.0
0,68.86,Unused,F,30,6.5
0,13.99,Unused,F,30,6.0
0,31.98,Unused,F,30,6.0
0,149.0,Unused,F,30,6.0
0,79.0,Unused,F,30,6.0
0,237.0,Unused,F,30,6.0
0,149.0,Unused,F,30,12.99
0,149.0,Unused,F,30,12.99
0,199.0,Unused,F,30,8.7
0,279.3,Unused,F,30,37.19
0,27.99,Unused,F,30,6.0
0,19.95,Unused,F,30,6.0
0,7.99,Unused,F,30,6.0
0,13.59,Unused,F,30,6.0
0,12.31,Unused,F,30,6.0
0,149.0,Unused,F,30,6.0
1,3.19,Used,F,30,6.0
0,19.19,Used,F,30,6.0
0,36.38,Used,F,30,6.0
0,5.7,Used,F,30,6.0
0,5.1,Used,F,30,6.0
0,149.0,Used,F,30,6.0
0,15.9,Unused,F,30,6.0
0,32.73,Unused,F,30,6.0
0,12.0,Unused,F,30,6.0
0,32.98,Unused,F,30,6.0
0,13.59,Unused,F,30,6.0
0,18.15,Unused,F,30,6.0
0,119.0,Unused,F,30,6.0
0,119.0,Unused,F,30,6.0
0,119.0,Unused,F,30,6.0
0,119.0,Unused,F,30,6.0
0,11.4,Unused,F,30,6.0
0,4.56,Unused,F,30,6.0
0,2.39,Unused,F,30,6.0
0,13.29,Used,F,30,6.0
0,24.22,Used,F,30,6.0
0,238.0,Used,F,30,6.0
0,13.59,Used,F,30,6.0
0,24.22,Unused,F,30,6.0
0,7.98,Unused,F,30,6.0
0,13.29,Unused,F,30,6.0
0,13.59,Unused,F,30,6.0
0,57.11,Unused,F,30,6.0
0,149.0,Unused,F,30,6.0
1,406.47,Used,F,30,18.96
0,17.93,Used,F,30,6.5
0,99.9,Used,F,30,6.5
0,0.51,Used,F,30,6.0
0,42.39,Used,F,30,6.5
0,35.86,Used,F,30,12.99
0,161.04,Used,F,30,6.5
0,80.52,Used,F,30,6.5
0,151.88,Used,F,30,6.5
0,119.01,Unused,F,30,12.99
0,32.6,Unused,F,30,18.36
0,17.93,Unused,F,30,6.5
0,100.91,Unused,F,30,6.5
0,8.14,Unused,F,30,6.0
0,244.29,Unused,F,30,18.96
0,7.89,Unused,F,30,6.0
0,121.3,Unused,F,30,6.5
0,598.34,Unused,F,30,6.5
0,322.08,Unused,F,30,6.5
0,22.4,Unused,F,30,6.0
0,50.53,Unused,F,30,12.99
0,16.3,Unused,F,30,18.36
0,130.4,Unused,F,30,56.32
0,121.3,Unused,F,30,6.5
1,16.99,Unused,M,48,6.5
0,39.41,Unused,M,48,6.5
0,15.19,Unused,M,48,6.5
1,21.69,Used,M,28,6.0
0,31.68,Used,M,28,6.0
0,15.19,Used,M,28,6.0
0,119.0,Used,M,28,6.0
0,398.0,Used,M,28,8.7
0,2.98,Unused,M,28,6.0
0,7.98,Unused,M,28,6.0
0,10.39,Unused,M,28,12.99
0,119.0,Unused,M,28,6.0
0,119.0,Unused,M,28,6.0
0,317.0,Unused,M,28,6.0
0,119.0,Unused,M,28,6.0
0,13.59,Unused,M,28,6.0
0,79.0,Unused,M,28,6.0
0,13.59,Unused,M,28,6.0
0,8.97,Unused,M,28,6.0
0,7.99,Unused,M,28,6.0
0,15.39,Unused,M,28,6.0
1,3.47,Used,F,32,6.5
0,3.87,Unused,F,32,6.5
1,22.49,Used,F,9,6.0
0,89.9,Used,F,9,6.0
0,87.88,Used,F,9,6.0
0,119.0,Used,F,9,6.0
0,149.0,Used,F,9,6.0
0,298.0,Used,F,9,6.0
0,78.91,Unused,F,9,6.0
0,149.0,Unused,F,9,6.0
0,10.63,Unused,F,9,6.0
1,8.99,Unused,F,9,6.0
0,13.29,Unused,F,9,6.0
0,13.59,Unused,F,9,6.0
0,5.48,Used,F,9,6.0
0,55.99,Used,F,9,6.0
0,5.7,Used,F,9,6.0
0,13.59,Used,F,9,12.99
0,95.98,Unused,F,9,6.0
0,17.4,Unused,F,9,6.0
0,10.63,Unused,F,9,12.99
0,851.0,Unused,F,9,6.0
0,79.0,Unused,F,9,6.0
0,4.99,Unused,F,9,6.0
0,46.5,Unused,F,9,6.0
0,127.9,Unused,F,9,12.48
1,308.45,Used,F,27,6.5
0,122.77,Used,F,27,6.5
0,14.02,Used,F,27,6.5
0,992.78,Unused,F,27,6.5
0,6.16,Unused,F,27,6.5
0,122.77,Unused,F,27,6.5
0,122.77,Unused,F,27,6.5
0,153.45,Unused,F,27,6.5
0,47.16,Unused,F,27,6.5
1,27.28,Used,F,48,6.0
0,238.0,Used,F,48,6.0
0,12.31,Used,F,48,12.99
0,563.75,Unused,F,48,6.0
0,22.99,Unused,F,48,6.0
0,56.98,Unused,F,48,6.0
0,41.27,Unused,F,48,6.0
0,56.77,Unused,F,48,6.0
0,149.0,Unused,F,48,6.0
0,298.0,Unused,F,48,6.0
0,149.0,Unused,F,48,6.0
0,64.7,Unused,F,48,6.0
0,13.59,Unused,F,48,12.99
1,70.97,Used,F,48,6.0
0,10.99,Used,F,48,19.99
0,237.0,Used,F,48,6.0
0,96.0,Used,F,48,6.5
0,149.0,Used,F,48,6.0
0,15.96,Unused,F,48,12.99
0,43.9,Unused,F,48,12.99
0,40.98,Unused,F,48,19.99
0,47.92,Unused,F,48,19.99
0,119.0,Unused,F,48,6.0
0,238.0,Unused,F,48,12.99
0,27.18,Unused,F,48,6.0
0,16.99,Unused,F,48,6.0
0,11.19,Unused,F,48,6.0
0,3.33,Unused,F,48,6.0
0,419.75,Unused,F,48,6.0
0,199.0,Unused,F,48,6.0
0,35.0,Unused,F,48,6.0
1,41.99,Used,M,46,6.0
0,33.59,Used,M,46,6.0
0,33.59,Used,M,46,6.0
0,41.99,Used,M,46,6.0
0,291.45,Used,M,46,6.0
0,87.18,Used,M,46,6.5
0,13.99,Used,M,46,6.0
0,33.59,Unused,M,46,6.0
0,33.59,Unused,M,46,6.0
0,33.59,Unused,M,46,6.0
0,33.59,Unused,M,46,6.0
0,33.59,Unused,M,46,6.0
0,489.67,Unused,M,46,6.0
0,46.38,Unused,M,46,6.0
0,11.19,Unused,M,46,6.0
0,14.63,Unused,M,46,6.0
0,65.09,Unused,M,46,6.0
0,13.59,Unused,M,46,6.0
0,16.99,Unused,M,46,6.0
0,149.0,Unused,M,46,6.0
0,33.59,Unused,M,46,6.0
0,33.59,Unused,M,46,6.5
0,33.59,Unused,M,46,6.0
0,63.98,Unused,M,46,6.0
0,16.99,Unused,M,46,6.0
0,149.0,Unused,M,46,6.0
1,26.0,Used,F,26,6.0
0,270.2,Used,F,26,6.5
0,119.0,Used,F,26,6.0
0,251.83,Used,F,26,6.0
0,10.63,Used,F,26,6.0
0,149.0,Used,F,26,6.0
0,395.0,Used,F,26,12.99
0,149.0,Used,F,26,6.0
0,1.99,Unused,F,26,6.0
0,72.54,Unused,F,26,6.0
0,125.0,Unused,F,26,0.0
0,537.25,Unused,F,26,6.0
0,305.2,Unused,F,26,12.48
0,303.8,Unused,F,26,12.48
0,6.0,Unused,F,26,6.0
0,26.07,Unused,F,26,6.0
0,238.0,Unused,F,26,19.99
0,119.0,Unused,F,26,6.0
0,39.99,Unused,F,26,6.0
1,25.06,Used,M,6,6.0
0,250.0,Used,M,6,0.0
0,2.99,Used,M,6,6.0
0,199.0,Used,M,6,19.99
0,250.0,Unused,M,6,0.0
0,14.69,Unused,M,6,6.0
0,5.0,Unused,M,6,6.0
0,6.0,Unused,M,6,6.0
0,15.99,Unused,M,6,6.0
0,149.0,Unused,M,6,6.0
1,238.0,Unused,F,27,6.5
0,198.0,Unused,F,27,6.5
0,169.93,Used,F,27,6.5
0,55.42,Used,F,27,6.5
0,9.51,Used,F,27,6.5
0,149.0,Used,F,27,6.5
0,9.58,Unused,F,27,6.5
0,427.9,Unused,F,27,6.5
0,146.37,Unused,F,27,6.5
0,161.31,Unused,F,27,6.5
0,73.58,Unused,F,27,6.5
0,456.0,Unused,F,27,6.5
0,175.95,Unused,F,27,6.5
0,12.31,Unused,F,27,6.5
1,27.87,Used,F,27,6.0
0,56.34,Used,F,27,6.0
0,67.96,Used,F,27,6.0
0,173.99,Used,F,27,6.0
0,16.99,Used,F,27,6.0
0,149.0,Used,F,27,6.0
0,149.0,Used,F,27,6.0
0,28.49,Unused,F,27,6.0
0,2.8,Unused,F,27,6.0
0,20.74,Unused,F,27,6.0
0,33.99,Unused,F,27,6.0
0,15.99,Unused,F,27,6.0
0,2.99,Unused,F,27,6.0
0,357.0,Unused,F,27,6.0
0,238.0,Unused,F,27,12.99
0,149.0,Unused,F,27,6.0
0,79.0,Unused,F,27,6.0
0,149.0,Unused,F,27,6.0
0,149.0,Unused,F,27,6.0
0,149.0,Unused,F,27,6.0
0,11.96,Unused,F,27,6.0
0,31.99,Unused,F,27,6.0
0,119.0,Unused,F,27,6.0
0,149.0,Unused,F,27,6.0
0,149.0,Unused,F,27,6.0
0,22.38,Used,F,27,6.5
0,16.99,Unused,F,27,19.99
0,0.99,Used,F,27,6.0
0,177.42,Used,F,27,13.38
0,230.94,Used,F,27,6.0
0,19.59,Used,F,27,6.5
0,3.19,Used,F,27,6.5
0,3.19,Used,F,27,6.5
0,238.0,Used,F,27,6.0
0,27.18,Used,F,27,6.5
0,6.0,Unused,F,27,6.0
0,6.15,Unused,F,27,6.0
0,222.84,Unused,F,27,13.38
0,19.59,Unused,F,27,6.5
0,19.59,Unused,F,27,6.5
0,22.78,Unused,F,27,6.5
0,404.28,Unused,F,27,6.0
0,3.19,Unused,F,27,6.5
0,7.6,Unused,F,27,6.0
0,15.2,Unused,F,27,6.5
1,3.19,Unused,M,32,6.0
0,14.38,Unused,M,32,6.0
1,55.27,Used,M,34,6.0
0,27.98,Used,M,34,6.0
0,79.99,Used,M,34,6.5
0,15.39,Used,M,34,6.0
0,4.78,Used,M,34,6.0
0,95.8,Used,M,34,23.17
0,29.98,Used,M,34,6.0
0,15.19,Used,M,34,6.0
0,17.1,Used,M,34,6.0
0,5.7,Used,M,34,6.0
0,238.0,Used,M,34,6.0
0,119.0,Used,M,34,6.0
0,447.0,Used,M,34,8.7
0,119.0,Used,M,34,6.0
0,238.0,Used,M,34,12.99
0,136.71,Used,M,34,12.91
0,149.0,Used,M,34,6.5
0,35.91,Unused,M,34,12.91
0,79.99,Unused,M,34,6.0
0,1.5,Unused,M,34,6.0
0,23.99,Unused,M,34,6.0
0,29.38,Unused,M,34,6.0
0,39.19,Unused,M,34,6.0
0,39.98,Unused,M,34,6.0
0,19.99,Unused,M,34,6.0
0,14.31,Unused,M,34,6.0
0,238.0,Unused,M,34,6.0
0,4.56,Unused,M,34,6.5
0,44.0,Unused,M,34,6.0
0,149.0,Unused,M,34,6.0
0,79.0,Unused,M,34,6.0
0,149.0,Unused,M,34,6.0
0,149.0,Unused,M,34,6.0
0,6.37,Unused,M,34,6.0
0,16.99,Unused,M,34,6.0
0,4.8,Unused,M,34,6.5
0,8.97,Unused,M,34,6.0
0,9.56,Unused,M,34,12.91
0,149.0,Unused,M,34,6.0
0,59.75,Used,M,34,12.99
0,35.98,Used,M,34,6.0
0,79.0,Used,M,34,6.0
0,149.0,Used,M,34,6.0
0,199.0,Unused,M,34,12.99
0,149.9,Unused,M,34,6.0
0,46.55,Unused,M,34,6.0
0,119.0,Unused,M,34,6.0
0,119.0,Unused,M,34,6.0
0,223.84,Unused,M,34,6.0
0,316.0,Unused,M,34,6.0
0,158.0,Unused,M,34,6.0
0,16.0,Unused,M,34,6.0
0,149.0,Unused,M,34,6.0
0,13.2,Unused,M,34,6.0
0,16.99,Unused,M,34,6.0
0,8.0,Unused,M,34,6.0
0,4.8,Used,M,34,6.0
0,28.8,Used,M,34,6.0
0,119.0,Used,M,34,6.0
0,435.0,Used,M,34,6.0
0,22.78,Unused,M,34,6.0
0,99.18,Unused,M,34,6.0
0,4.8,Unused,M,34,6.0
0,173.56,Unused,M,34,6.0
0,7.6,Unused,M,34,6.0
0,149.0,Unused,M,34,6.0
1,86.16,Used,F,6,6.5
0,15.19,Used,F,6,6.0
0,159.78,Used,F,6,6.0
0,8.4,Used,F,6,6.0
0,199.0,Used,F,6,6.0
0,74.7,Used,F,6,6.0
0,2.4,Used,F,6,6.5
0,279.0,Used,F,6,6.0
0,4.78,Used,F,6,26.43
0,199.0,Used,F,6,19.99
0,22.8,Used,F,6,6.0
0,119.0,Used,F,6,6.0
0,199.0,Used,F,6,19.99
0,238.0,Used,F,6,6.0
0,228.0,Used,F,6,6.0
0,79.0,Used,F,6,6.0
0,298.0,Used,F,6,6.0
0,149.0,Used,F,6,6.0
0,149.0,Used,F,6,6.0
0,54.95,Unused,F,6,6.0
0,25.51,Unused,F,6,26.43
0,10.38,Unused,F,6,6.0
0,37.18,Unused,F,6,6.0
0,35.0,Unused,F,6,6.0
0,250.0,Unused,F,6,0.0
0,250.0,Unused,F,6,0.0
0,638.19,Unused,F,6,6.0
0,15.69,Unused,F,6,6.0
0,52.07,Unused,F,6,6.0
0,337.0,Unused,F,6,6.0
0,99.0,Unused,F,6,6.0
0,99.0,Unused,F,6,6.0
0,47.94,Unused,F,6,6.5
0,67.81,Unused,F,6,6.5
0,399.8,Unused,F,6,36.06
0,837.0,Unused,F,6,6.0
0,14.07,Unused,F,6,6.0
0,119.0,Unused,F,6,6.0
0,238.0,Unused,F,6,19.99
0,119.0,Unused,F,6,6.0
0,119.0,Unused,F,6,6.0
0,199.0,Unused,F,6,19.99
0,18.99,Unused,F,6,12.99
0,149.0,Unused,F,6,6.0
0,79.0,Unused,F,6,6.0
0,298.0,Unused,F,6,6.0
0,50.31,Unused,F,6,26.43
0,19.19,Unused,F,6,6.0
0,250.0,Unused,F,6,0.0
0,7.6,Unused,F,6,6.0
0,198.0,Unused,F,6,6.0
0,9.56,Unused,F,6,6.0
0,2.5,Unused,F,6,6.0
0,55.99,Unused,F,6,19.99
0,280.5,Unused,F,6,6.0
0,249.5,Unused,F,6,6.0
1,33.59,Used,F,18,6.0
0,47.02,Used,F,18,6.0
0,33.59,Used,F,18,6.0
0,33.01,Used,F,18,6.0
0,476.0,Used,F,18,6.0
0,119.0,Used,F,18,6.0
0,119.0,Used,F,18,12.99
0,593.25,Unused,F,18,6.0
0,67.18,Unused,F,18,6.0
0,39.98,Unused,F,18,6.0
0,40.85,Unused,F,18,6.0
0,33.59,Unused,F,18,6.0
1,36.39,Unused,F,18,6.0
0,99.99,Used,F,18,6.0
0,223.95,Used,F,18,12.48
0,158.0,Used,F,18,6.0
0,27.19,Unused,F,18,6.5
0,238.0,Unused,F,18,6.0
0,149.0,Unused,F,18,6.0
1,398.0,Used,F,18,6.0
0,99.0,Used,F,18,6.0
0,198.0,Used,F,18,6.0
0,99.0,Used,F,18,6.0
0,279.0,Used,F,18,6.0
0,37.2,Used,F,18,6.0
0,158.0,Used,F,18,6.0
0,99.0,Unused,F,18,6.0
0,99.0,Unused,F,18,6.0
0,119.0,Unused,F,18,6.0
0,119.0,Unused,F,18,6.0
0,119.0,Unused,F,18,6.0
0,149.0,Unused,F,18,6.0
0,447.0,Unused,F,18,19.99
0,99.0,Unused,F,18,6.0
0,238.0,Unused,F,18,19.99
1,11.34,Used,M,16,6.5
0,5.67,Unused,M,16,6.5
1,26.38,Used,F,39,6.0
0,8.49,Used,F,39,6.0
0,12.99,Used,F,39,6.0
0,9.6,Used,F,39,6.0
0,66.36,Used,F,39,6.0
0,7.6,Used,F,39,6.0
0,9.36,Used,F,39,6.0
0,13.68,Used,F,39,6.0
0,119.0,Used,F,39,6.0
0,119.0,Used,F,39,6.0
0,109.18,Used,F,39,6.0
0,28.0,Used,F,39,6.0
0,298.0,Used,F,39,6.0
0,16.99,Used,F,39,30.0
0,16.99,Used,F,39,6.0
0,23.76,Used,F,39,6.0
0,149.0,Used,F,39,6.0
0,13.19,Unused,F,39,6.0
0,109.12,Unused,F,39,6.0
0,11.98,Unused,F,39,6.0
0,62.71,Unused,F,39,6.0
0,29.11,Unused,F,39,6.0
0,12.16,Unused,F,39,6.0
0,28.4,Unused,F,39,6.0
0,119.0,Unused,F,39,6.0
0,238.0,Unused,F,39,6.0
0,238.0,Unused,F,39,6.0
0,7.6,Unused,F,39,6.0
0,18.24,Unused,F,39,6.0
0,15.99,Unused,F,39,6.0
0,13.29,Unused,F,39,30.0
0,298.0,Unused,F,39,6.0
0,13.99,Unused,F,39,6.0
0,8.8,Unused,F,39,6.0
0,8.79,Unused,F,39,6.0
0,3.5,Unused,F,39,6.0
0,199.0,Unused,F,39,6.0
0,1.11,Unused,F,39,6.0
0,7.6,Unused,F,39,6.0
0,357.0,Unused,F,39,6.0
0,16.99,Unused,F,39,6.0
0,298.0,Unused,F,39,6.0
0,27.76,Used,F,39,6.0
0,19.19,Used,F,39,6.0
0,23.76,Used,F,39,6.0
0,15.19,Used,F,39,6.0
0,119.0,Used,F,39,6.0
0,357.0,Used,F,39,6.0
0,18.99,Used,F,39,75.0
0,12.0,Used,F,39,6.0
0,59.89,Unused,F,39,6.0
0,3.5,Unused,F,39,6.0
0,398.0,Unused,F,39,6.0
0,10.0,Unused,F,39,0.0
0,88.46,Unused,F,39,6.0
0,59.26,Unused,F,39,75.0
0,33.18,Unused,F,39,6.0
0,7.92,Unused,F,39,6.0
0,14.99,Unused,F,39,12.99
0,28.78,Unused,F,39,6.0
0,119.0,Unused,F,39,6.0
0,119.0,Unused,F,39,6.0
0,238.0,Unused,F,39,6.0
0,595.0,Unused,F,39,6.0
0,228.0,Unused,F,39,6.0
0,2.8,Unused,F,39,6.0
0,33.28,Unused,F,39,75.0
0,30.0,Unused,F,39,6.0
1,33.59,Used,F,32,6.5
0,33.59,Used,F,32,6.5
0,33.59,Used,F,32,6.5
0,6.38,Used,F,32,6.5
0,13.59,Used,F,32,6.5
0,119.0,Used,F,32,6.5
0,357.0,Used,F,32,6.5
0,33.59,Unused,F,32,6.5
0,33.59,Unused,F,32,6.5
0,33.59,Unused,F,32,6.5
0,67.18,Unused,F,32,6.5
0,33.59,Unused,F,32,6.5
0,33.59,Unused,F,32,6.5
0,41.99,Unused,F,32,6.5
0,33.59,Unused,F,32,6.5
0,33.59,Unused,F,32,6.5
0,2.39,Unused,F,32,6.5
0,16.79,Unused,F,32,6.5
0,395.0,Unused,F,32,6.5
0,298.0,Unused,F,32,6.5
0,149.0,Unused,F,32,6.5
0,33.59,Unused,F,32,6.5
0,33.59,Unused,F,32,6.5
0,2.39,Unused,F,32,6.5
0,357.0,Unused,F,32,6.5
0,31.98,Unused,F,32,6.5
0,79.0,Unused,F,32,6.5
0,149.0,Unused,F,32,6.5
0,149.0,Unused,F,32,6.5
0,119.0,Unused,F,32,6.5
1,43.98,Used,F,22,6.5
0,166.47,Unused,F,22,6.5
0,76.99,Unused,F,22,6.5
1,165.0,Used,M,7,62.74
0,19.74,Used,M,7,28.78
0,80.4,Used,M,7,6.5
0,412.36,Used,M,7,86.74
0,31.35,Used,M,7,6.5
0,25.78,Used,M,7,6.5
0,122.77,Used,M,7,6.5
0,122.77,Used,M,7,6.5
0,122.77,Used,M,7,6.5
0,245.54,Used,M,7,6.5
0,122.77,Used,M,7,6.5
0,122.77,Used,M,7,6.5
0,62.68,Used,M,7,57.74
0,40.42,Used,M,7,6.5
0,102.13,Used,M,7,6.5
0,306.39,Used,M,7,6.5
0,81.5,Used,M,7,6.5
0,14.02,Used,M,7,6.5
0,307.42,Used,M,7,6.5
0,256.88,Used,M,7,6.5
0,98.98,Unused,M,7,6.5
0,18.13,Unused,M,7,6.5
0,254.58,Unused,M,7,6.5
0,118.55,Unused,M,7,6.5
0,17.31,Unused,M,7,6.5
0,159.62,Unused,M,7,57.74
0,65.95,Unused,M,7,28.78
0,19.8,Unused,M,7,20.74
0,24.72,Unused,M,7,74.74
0,123.6,Unused,M,7,62.74
0,412.36,Unused,M,7,86.74
0,46.21,Unused,M,7,6.5
0,122.77,Unused,M,7,6.5
0,122.77,Unused,M,7,6.5
0,285.77,Unused,M,7,6.5
0,245.54,Unused,M,7,6.5
0,122.77,Unused,M,7,6.5
0,306.39,Unused,M,7,6.5
0,163.0,Unused,M,7,6.5
0,256.88,Unused,M,7,6.5
0,307.42,Unused,M,7,6.5
0,269.76,Unused,M,7,62.74
0,49.49,Unused,M,7,6.5
0,1111.35,Unused,M,7,122.74
0,7.42,Unused,M,7,6.5
0,24.75,Unused,M,7,57.74
0,205.3,Unused,M,7,6.5
0,245.54,Unused,M,7,6.5
0,23.92,Unused,M,7,28.78
0,307.42,Unused,M,7,6.5
1,24.99,Used,M,7,20.0
0,158.0,Unused,M,7,6.5
0,149.0,Unused,M,7,6.5
0,149.0,Unused,M,7,6.5
0,31.18,Used,M,7,6.5
0,238.0,Used,M,7,6.5
0,15.19,Used,M,7,6.5
0,21.98,Unused,M,7,6.5
0,30.38,Unused,M,7,6.5
0,18.37,Unused,M,7,6.5
0,30.39,Unused,M,7,6.5
0,39.98,Unused,M,7,6.5
1,10.99,Used,M,7,6.0
0,119.0,Used,M,7,6.0
0,238.0,Used,M,7,6.0
0,158.0,Used,M,7,6.0
0,79.0,Used,M,7,6.0
0,149.0,Used,M,7,6.0
0,149.0,Used,M,7,6.0
0,63.99,Unused,M,7,6.0
0,46.27,Unused,M,7,6.5
0,40.97,Unused,M,7,6.0
0,30.39,Unused,M,7,6.0
0,18.99,Unused,M,7,6.0
0,268.0,Unused,M,7,6.0
0,119.0,Unused,M,7,6.0
0,3.99,Unused,M,7,6.0
1,49.83,Used,M,7,6.0
0,45.96,Used,M,7,6.0
0,53.84,Unused,M,7,6.0
0,7.98,Unused,M,7,6.0
0,39.97,Unused,M,7,6.0
0,11.96,Unused,M,7,6.0
0,18.99,Unused,M,7,6.0
1,16.5,Unused,M,7,6.0
0,59.95,Used,M,7,12.48
0,13.59,Used,M,7,6.0
0,30.8,Used,M,7,6.0
0,52.8,Used,M,7,6.0
0,38.71,Unused,M,7,6.0
0,15.6,Unused,M,7,6.0
0,47.9,Unused,M,7,12.48
0,15.09,Unused,M,7,6.0
0,119.0,Unused,M,7,6.0
0,119.0,Unused,M,7,6.0
0,13.36,Unused,M,7,6.0
0,386.0,Unused,M,7,6.0
0,237.0,Unused,M,7,6.0
0,12.16,Unused,M,7,6.0
0,11.4,Unused,M,7,6.0
0,79.0,Unused,M,7,6.0
0,10.63,Used,M,7,6.0
0,238.0,Unused,M,7,6.0
0,4.08,Unused,M,7,6.0
0,47.85,Used,M,7,12.99
0,395.0,Used,M,7,6.0
0,149.0,Used,M,7,6.0
0,298.0,Used,M,7,6.0
0,55.99,Unused,M,7,6.0
0,15.98,Unused,M,7,12.99
0,21.59,Unused,M,7,6.0
0,298.0,Unused,M,7,6.0
0,119.0,Unused,M,7,6.0
0,122.31,Unused,M,7,16.85
0,149.0,Unused,M,7,6.0
1,199.0,Used,M,7,6.0
0,4.75,Used,M,7,6.0
0,4.98,Unused,M,7,6.0
0,119.0,Unused,M,7,6.0
0,698.0,Unused,M,7,6.0
1,99.0,Used,F,40,6.0
0,675.0,Used,F,40,6.0
0,158.0,Used,F,40,6.0
0,16.99,Used,F,40,6.0
0,11.19,Unused,F,40,12.99
0,99.0,Unused,F,40,6.0
0,357.0,Unused,F,40,12.99
0,158.0,Unused,F,40,6.0
0,297.0,Unused,F,40,6.0
1,10.39,Used,F,38,6.0
0,16.99,Used,F,38,6.0
0,21.59,Unused,F,38,6.0
0,16.5,Unused,F,38,6.0
0,1.68,Unused,F,38,6.0
1,7.95,Used,F,33,6.5
0,217.99,Used,F,33,6.5
0,99.8,Used,F,33,6.5
0,69.99,Used,F,33,6.5
0,369.62,Used,F,33,6.5
0,11.13,Used,F,33,6.5
0,311.38,Used,F,33,158.74
0,511.2,Used,F,33,134.74
0,29.57,Used,F,33,6.5
0,498.75,Used,F,33,6.5
0,401.79,Used,F,33,6.5
0,7.19,Used,F,33,12.76
0,119.0,Used,F,33,6.5
0,119.0,Used,F,33,6.5
0,357.0,Used,F,33,6.5
0,902.0,Used,F,33,6.5
0,119.0,Used,F,33,6.5
0,238.0,Used,F,33,6.5
0,238.0,Used,F,33,6.5
0,79.0,Used,F,33,6.5
0,15.99,Used,F,33,6.5
0,149.0,Used,F,33,6.5
0,149.0,Used,F,33,6.5
0,408.36,Unused,F,33,6.5
0,19.44,Unused,F,33,6.5
0,962.35,Unused,F,33,158.74
0,445.31,Unused,F,33,6.5
0,171.98,Unused,F,33,6.5
0,46.77,Unused,F,33,6.5
0,607.2,Unused,F,33,134.74
0,19.19,Unused,F,33,6.5
0,127.87,Unused,F,33,6.5
0,238.0,Unused,F,33,6.5
0,119.0,Unused,F,33,6.5
0,119.0,Unused,F,33,6.5
0,268.0,Unused,F,33,6.5
0,715.0,Unused,F,33,6.5
0,27.18,Unused,F,33,6.5
0,15.19,Unused,F,33,12.76
0,237.0,Unused,F,33,6.5
0,13.59,Unused,F,33,6.5
0,34.99,Unused,F,33,6.5
0,17.59,Unused,F,33,6.5
0,149.0,Unused,F,33,6.5
0,149.0,Unused,F,33,28.78
0,149.0,Unused,F,33,6.5
0,149.0,Unused,F,33,6.5
0,149.0,Unused,F,33,6.5
0,149.0,Unused,F,33,6.5
0,2.8,Unused,F,33,12.76
0,6.0,Unused,F,33,6.5
0,149.9,Unused,F,33,6.5
0,29.99,Unused,F,33,6.5
0,15.19,Unused,F,33,6.5
0,119.0,Unused,F,33,6.5
0,119.0,Unused,F,33,6.5
0,119.0,Unused,F,33,6.5
0,357.0,Unused,F,33,6.5
0,33.98,Unused,F,33,6.5
0,59.99,Unused,F,33,6.5
0,298.0,Unused,F,33,6.5
0,149.0,Unused,F,33,6.5
0,149.0,Unused,F,33,6.5
0,298.0,Unused,F,33,6.5
0,149.0,Unused,F,33,6.5
0,119.0,Unused,F,33,6.5
1,22.39,Used,F,45,6.0
0,3.19,Used,F,45,6.0
0,199.0,Used,F,45,6.0
0,4.6,Used,F,45,6.0
0,99.0,Used,F,45,6.0
0,28.68,Used,F,45,6.0
0,29.6,Used,F,45,6.0
0,9.56,Used,F,45,6.0
0,30.48,Used,F,45,6.0
0,99.99,Used,F,45,6.0
0,166.71,Used,F,45,13.75
0,19.8,Used,F,45,6.0
0,204.64,Used,F,45,12.48
0,31.98,Used,F,45,6.0
0,238.0,Used,F,45,6.0
0,119.0,Used,F,45,6.0
0,119.0,Used,F,45,6.0
0,119.0,Used,F,45,6.0
0,119.0,Used,F,45,6.0
0,119.0,Used,F,45,6.0
0,12.5,Used,F,45,6.0
0,17.0,Used,F,45,6.0
0,32.6,Used,F,45,6.0
0,349.0,Used,F,45,6.0
0,79.0,Used,F,45,6.0
0,35.59,Used,F,45,6.0
0,5.5,Used,F,45,6.0
0,298.0,Used,F,45,12.99
0,298.0,Used,F,45,6.0
0,149.0,Used,F,45,6.0
0,22.0,Used,F,45,6.0
0,14.28,Unused,F,45,6.0
0,509.4,Unused,F,45,6.0
0,28.2,Unused,F,45,6.0
0,199.0,Unused,F,45,6.0
0,398.0,Unused,F,45,19.99
0,199.0,Unused,F,45,6.0
0,199.0,Unused,F,45,6.0
0,311.7,Unused,F,45,23.62
0,103.9,Unused,F,45,13.38
0,10.75,Unused,F,45,6.0
0,99.0,Unused,F,45,6.0
0,99.0,Unused,F,45,6.0
0,26.99,Unused,F,45,6.0
0,12.18,Unused,F,45,6.0
0,305.82,Unused,F,45,13.75
0,15.19,Unused,F,45,6.0
0,24.75,Unused,F,45,6.0
0,23.6,Unused,F,45,6.0
0,119.0,Unused,F,45,6.0
0,119.0,Unused,F,45,6.0
0,119.0,Unused,F,45,6.0
0,119.0,Unused,F,45,6.0
0,476.0,Unused,F,45,6.0
0,149.0,Unused,F,45,8.7
0,199.0,Unused,F,45,6.0
0,199.0,Unused,F,45,6.0
0,119.0,Unused,F,45,6.0
0,199.0,Unused,F,45,6.0
0,238.0,Unused,F,45,19.99
0,24.25,Unused,F,45,6.0
0,3.4,Unused,F,45,6.0
0,8.2,Unused,F,45,6.0
0,349.0,Unused,F,45,6.0
0,149.0,Unused,F,45,6.0
0,149.0,Unused,F,45,12.99
0,149.0,Unused,F,45,6.0
0,199.0,Unused,F,45,8.7
0,15.19,Unused,F,45,6.0
0,37.47,Unused,F,45,6.0
0,199.0,Unused,F,45,6.0
0,8.0,Unused,F,45,6.0
0,24.0,Unused,F,45,13.75
0,99.0,Unused,F,45,6.0
0,199.0,Unused,F,45,6.0
0,119.0,Unused,F,45,6.0
0,199.0,Unused,F,45,6.0
0,19.99,Unused,F,45,6.0
0,349.0,Unused,F,45,6.0
0,7.6,Unused,F,45,6.0
0,18.75,Unused,F,45,6.0
0,18.75,Unused,F,45,6.0
0,4.4,Unused,F,45,6.0
0,149.0,Unused,F,45,6.0
0,149.0,Unused,F,45,6.0
0,199.0,Used,F,45,6.0
0,46.6,Unused,F,45,30.0
0,79.99,Unused,F,45,6.5
0,119.0,Unused,F,45,12.99
0,199.0,Unused,F,45,6.0
0,149.0,Unused,F,45,6.0
0,17.98,Unused,F,45,6.0
1,25.9,Used,M,35,6.0
0,20.15,Used,M,35,6.0
0,84.95,Used,M,35,6.0
0,49.18,Unused,M,35,6.0
0,41.98,Unused,M,35,6.0
0,1.59,Unused,M,35,6.0
1,78.64,Used,F,4,13.35
0,51.82,Used,F,4,6.0
0,149.0,Used,F,4,6.0
0,19.43,Unused,F,4,6.0
0,93.01,Unused,F,4,13.35
0,51.01,Unused,F,4,6.0
0,23.98,Unused,F,4,6.0
0,38.16,Unused,F,4,6.0
0,13.59,Unused,F,4,6.0
0,149.0,Unused,F,4,6.0
0,5.6,Unused,F,4,6.0
0,25.15,Unused,F,4,13.35
0,25.5,Unused,F,4,6.0
1,273.18,Used,F,7,6.5
0,121.3,Used,F,7,19.99
0,161.04,Used,F,7,19.99
0,151.88,Used,F,7,6.5
0,100.91,Unused,F,7,12.99
0,242.6,Unused,F,7,6.5
0,363.9,Unused,F,7,12.99
0,355.74,Unused,F,7,19.99
0,151.88,Unused,F,7,6.5
0,97.8,Used,F,7,6.0
0,73.35,Unused,F,7,6.0
1,398.0,Used,F,44,6.0
0,23.9,Used,F,44,14.42
0,25.2,Used,F,44,6.0
0,149.0,Used,F,44,6.0
0,154.82,Unused,F,44,14.42
0,12.99,Unused,F,44,6.0
0,11.94,Unused,F,44,6.0
0,33.2,Unused,F,44,6.0
0,13.59,Unused,F,44,6.5
0,29.0,Unused,F,44,6.0
0,158.0,Unused,F,44,6.0
0,474.0,Unused,F,44,6.0
0,79.0,Unused,F,44,6.0
0,149.0,Unused,F,44,6.0
0,21.49,Unused,F,44,6.0
0,198.0,Unused,F,44,6.0
0,127.9,Unused,F,44,14.42
0,11.2,Unused,F,44,6.5
0,25.8,Unused,F,44,6.0
0,553.0,Unused,F,44,6.0
1,36.22,Used,F,11,6.0
0,27.99,Used,F,11,6.0
0,20.86,Unused,F,11,6.0
0,7.98,Unused,F,11,6.0
0,18.99,Unused,F,11,6.0
1,1.99,Used,M,21,6.0
0,119.0,Used,M,21,6.0
0,357.0,Used,M,21,6.0
0,23.76,Used,M,21,6.0
0,199.0,Unused,M,21,6.0
0,26.27,Unused,M,21,6.0
0,119.0,Unused,M,21,6.0
0,15.99,Unused,M,21,6.0
0,228.0,Unused,M,21,6.0
0,79.0,Unused,M,21,6.0
0,149.0,Unused,M,21,6.0
1,62.87,Unused,F,25,6.5
1,13.49,Used,F,25,6.5
0,54.93,Used,F,25,6.5
0,55.99,Used,F,25,6.5
0,1.99,Used,F,25,6.5
0,40.98,Used,F,25,6.5
0,107.98,Used,F,25,6.5
0,24.99,Used,F,25,6.5
0,119.0,Used,F,25,6.5
0,41.99,Used,F,25,6.5
0,5.97,Unused,F,25,6.5
0,21.0,Unused,F,25,6.5
0,189.96,Unused,F,25,6.5
0,79.97,Unused,F,25,6.5
0,64.97,Unused,F,25,6.5
0,49.98,Unused,F,25,6.5
0,41.97,Unused,F,25,6.5
0,19.19,Unused,F,25,6.5
0,119.0,Unused,F,25,6.5
0,238.0,Unused,F,25,6.5
0,24.99,Unused,F,25,6.5
1,24.95,Used,F,25,6.0
0,2.49,Used,F,25,6.0
0,38.39,Used,F,25,6.0
0,119.0,Used,F,25,6.0
0,13.29,Used,F,25,6.0
0,67.19,Used,F,25,6.0
0,158.0,Used,F,25,6.0
0,167.96,Used,F,25,12.48
0,18.99,Unused,F,25,6.0
0,8.5,Unused,F,25,6.0
0,109.7,Unused,F,25,6.0
0,119.0,Unused,F,25,12.99
0,238.0,Unused,F,25,6.0
0,59.99,Unused,F,25,12.48
0,298.0,Unused,F,25,6.0
0,237.0,Unused,F,25,6.0
0,149.0,Unused,F,25,6.0
0,14.98,Unused,F,25,6.0
0,119.0,Unused,F,25,6.0
0,85.59,Used,F,25,12.99
0,175.0,Used,F,25,6.0
0,131.85,Used,F,25,44.22
0,52.07,Used,F,25,6.0
0,103.14,Unused,F,25,12.99
0,119.0,Unused,F,25,6.0
0,15.99,Unused,F,25,6.0
0,79.0,Unused,F,25,6.0
0,745.0,Unused,F,25,6.0
0,10.39,Unused,F,25,6.0
0,47.85,Unused,F,25,44.22
0,74.75,Unused,F,25,6.0
0,119.0,Unused,F,25,12.99
0,12.31,Used,F,25,6.0
0,131.31,Unused,F,25,6.0
0,79.0,Used,F,25,6.0
0,19.19,Used,F,25,6.0
0,57.57,Unused,F,25,6.0
0,32.0,Unused,F,25,6.0
0,52.59,Used,F,25,12.48
0,94.97,Used,F,25,75.0
0,87.51,Used,F,25,6.0
0,38.29,Used,F,25,6.0
0,14.31,Used,F,25,6.0
0,41.85,Used,F,25,45.72
0,18.23,Used,F,25,6.0
0,19.49,Used,F,25,6.0
0,238.0,Used,F,25,12.99
0,119.0,Used,F,25,6.0
0,119.0,Used,F,25,6.0
0,119.0,Used,F,25,6.0
0,41.47,Unused,F,25,12.99
0,10.99,Unused,F,25,6.0
0,22.93,Unused,F,25,6.0
0,65.99,Unused,F,25,12.48
0,67.76,Unused,F,25,6.0
0,13.92,Unused,F,25,6.0
0,4.56,Unused,F,25,6.0
0,153.56,Unused,F,25,6.0
0,119.0,Unused,F,25,6.0
0,119.0,Unused,F,25,6.0
0,139.23,Unused,F,25,6.0
0,18.99,Unused,F,25,75.0
0,16.99,Unused,F,25,6.0
0,9.95,Unused,F,25,6.0
0,16.5,Unused,F,25,75.0
0,6.8,Unused,F,25,6.0
0,79.0,Unused,F,25,6.0
0,11.97,Used,F,25,6.0
0,39.98,Used,F,25,6.0
0,35.98,Unused,F,25,6.0
0,119.0,Unused,F,25,6.0
0,10.63,Unused,F,25,6.0
0,6.0,Unused,F,25,6.0
0,13.59,Unused,F,25,6.0
0,7.6,Unused,F,25,6.0
0,10.63,Unused,F,25,6.0
1,13.59,Used,F,25,6.0
0,42.7,Unused,F,25,6.0
0,33.58,Unused,F,25,6.0
0,119.0,Unused,F,25,6.0
0,8.79,Used,F,25,6.0
0,199.0,Used,F,25,6.0
0,10.0,Used,F,25,0.0
0,9.99,Used,F,25,6.0
0,1.99,Used,F,25,6.0
0,7.6,Used,F,25,6.0
0,119.0,Used,F,25,6.0
0,119.0,Used,F,25,6.0
0,119.0,Used,F,25,6.0
0,149.0,Used,F,25,6.0
0,16.99,Used,F,25,6.0
0,16.99,Used,F,25,6.0
0,23.76,Used,F,25,6.0
0,199.0,Unused,F,25,6.0
0,19.19,Unused,F,25,6.0
0,42.38,Unused,F,25,6.0
0,17.58,Unused,F,25,6.0
0,9.36,Unused,F,25,6.0
0,30.88,Unused,F,25,6.0
0,4.56,Unused,F,25,6.0
0,119.0,Unused,F,25,6.0
0,119.0,Unused,F,25,6.0
0,47.59,Unused,F,25,6.0
0,41.99,Unused,F,25,6.0
0,316.0,Unused,F,25,6.0
0,21.59,Unused,F,25,6.0
0,79.0,Unused,F,25,6.0
0,13.59,Unused,F,25,6.0
0,16.99,Unused,F,25,6.0
0,149.0,Unused,F,25,6.0
0,18.35,Used,F,25,6.0
0,18.28,Used,F,25,6.0
0,199.0,Used,F,25,12.99
0,1.5,Used,F,25,6.0
0,31.35,Used,F,25,12.99
0,16.8,Used,F,25,6.0
0,119.0,Used,F,25,6.0
0,1072.0,Used,F,25,19.99
0,8.0,Used,F,25,44.22
0,40.77,Used,F,25,6.0
0,13.29,Used,F,25,6.0
0,23.99,Used,F,25,6.0
0,23.35,Unused,F,25,6.0
0,109.02,Unused,F,25,44.22
0,15.9,Unused,F,25,6.0
0,7.0,Unused,F,25,6.0
0,199.0,Unused,F,25,6.0
0,24.21,Unused,F,25,6.0
0,31.98,Unused,F,25,6.0
0,18.23,Unused,F,25,12.99
0,119.0,Unused,F,25,6.0
0,16.99,Unused,F,25,6.0
0,5.97,Unused,F,25,6.0
0,31.98,Unused,F,25,6.0
0,5.7,Unused,F,25,6.0
0,5.98,Unused,F,25,6.0
0,119.0,Unused,F,25,6.0
0,476.0,Unused,F,25,6.0
0,4.56,Unused,F,25,44.22
0,13.59,Unused,F,25,6.0
0,149.0,Unused,F,25,12.99
1,316.0,Unused,F,25,6.0
0,59.85,Used,F,25,21.19
0,796.0,Used,F,25,6.0
0,99.0,Used,F,25,6.0
0,347.0,Used,F,25,6.0
0,297.0,Used,F,25,6.0
0,99.0,Used,F,25,6.0
0,23.9,Used,F,25,16.85
0,119.0,Used,F,25,6.0
0,119.0,Used,F,25,6.5
0,349.0,Used,F,25,6.0
0,298.0,Used,F,25,6.0
0,158.0,Used,F,25,6.0
0,597.0,Unused,F,25,6.0
0,199.0,Unused,F,25,6.0
0,174.99,Unused,F,25,6.0
0,178.0,Unused,F,25,6.0
0,215.75,Unused,F,25,21.19
0,51.16,Unused,F,25,6.5
0,279.0,Unused,F,25,6.0
0,47.8,Unused,F,25,16.85
0,268.0,Unused,F,25,6.0
0,149.0,Unused,F,25,6.0
0,298.0,Unused,F,25,6.0
0,149.0,Unused,F,25,6.0
0,237.0,Unused,F,25,6.0
0,149.0,Unused,F,25,6.0
0,149.0,Unused,F,25,6.0
0,119.0,Unused,F,25,6.0
0,99.0,Used,F,25,12.99
0,60.97,Used,F,25,6.0
0,41.59,Used,F,25,14.41
0,119.0,Used,F,25,6.5
0,149.0,Used,F,25,8.7
0,349.0,Used,F,25,12.48
0,228.0,Used,F,25,6.5
0,2.99,Unused,F,25,6.0
0,119.0,Unused,F,25,6.5
0,119.0,Unused,F,25,6.5
0,349.0,Unused,F,25,6.5
0,158.0,Unused,F,25,6.5
0,158.0,Unused,F,25,12.48
0,158.0,Unused,F,25,6.5
0,149.0,Unused,F,25,6.5
0,149.0,Unused,F,25,6.5
0,4.48,Used,F,25,6.5
0,303.76,Used,F,25,6.5
0,161.04,Unused,F,25,6.5
0,0.41,Unused,F,25,6.5
0,35.86,Used,F,25,6.5
0,17.93,Used,F,25,6.5
0,249.75,Used,F,25,6.5
0,16.3,Used,F,25,6.5
0,100.91,Used,F,25,6.5
0,10.17,Used,F,25,6.0
0,121.3,Used,F,25,6.5
0,8.66,Used,F,25,6.0
0,151.88,Used,F,25,12.99
0,80.52,Used,F,25,12.48
0,151.88,Used,F,25,6.5
0,32.09,Unused,F,25,6.0
0,202.84,Unused,F,25,6.5
0,20.38,Unused,F,25,6.0
0,282.34,Unused,F,25,12.48
0,100.91,Unused,F,25,6.5
0,362.6,Unused,F,25,12.91
0,81.53,Unused,F,25,6.5
0,52.99,Unused,F,25,6.0
0,425.06,Unused,F,25,12.99
0,3.47,Unused,F,25,6.5
0,303.76,Unused,F,25,6.5
0,151.88,Unused,F,25,6.5
0,303.76,Unused,F,25,6.5
0,151.88,Unused,F,25,6.5
0,232.4,Unused,F,25,6.5
0,303.76,Unused,F,25,6.5
0,151.88,Unused,F,25,6.5
0,151.88,Unused,F,25,12.99
0,20.25,Unused,F,25,12.91
0,22.41,Unused,F,25,6.0
0,149.85,Unused,F,25,6.5
0,201.82,Unused,F,25,6.5
0,61.15,Unused,F,25,6.0
0,355.74,Unused,F,25,6.5
0,3.87,Unused,F,25,6.5
0,151.88,Unused,F,25,6.5
1,26.78,Used,F,22,6.5
0,10.99,Used,F,22,6.5
0,10.97,Used,F,22,6.5
0,19.99,Used,F,22,6.5
0,119.0,Used,F,22,6.5
0,27.18,Used,F,22,6.5
0,693.0,Used,F,22,6.5
0,19.99,Used,F,22,14.41
0,447.0,Used,F,22,6.5
0,149.0,Used,F,22,6.5
0,298.0,Used,F,22,6.5
0,149.0,Used,F,22,6.5
0,339.99,Unused,F,22,6.5
0,24.79,Unused,F,22,6.5
0,14.46,Unused,F,22,6.5
0,13.97,Unused,F,22,6.5
0,79.95,Unused,F,22,6.5
0,19.99,Unused,F,22,14.41
0,238.0,Unused,F,22,6.5
0,119.0,Unused,F,22,15.75
0,238.0,Unused,F,22,6.5
0,119.0,Unused,F,22,6.5
0,119.0,Unused,F,22,6.5
0,16.99,Unused,F,22,6.5
0,149.0,Unused,F,22,42.67
0,6.38,Unused,F,22,6.5
0,31.98,Unused,F,22,6.5
1,9.0,Used,F,22,6.0
0,17.58,Used,F,22,6.0
0,10.4,Used,F,22,6.0
0,12.0,Used,F,22,6.0
0,191.6,Used,F,22,85.33
0,48.54,Used,F,22,6.0
0,12.79,Used,F,22,6.0
0,47.91,Used,F,22,6.0
0,79.19,Used,F,22,6.0
0,119.0,Used,F,22,6.0
0,44.0,Used,F,22,6.0
0,15.19,Used,F,22,6.0
0,13.59,Used,F,22,6.0
0,447.0,Used,F,22,6.0
0,49.5,Unused,F,22,6.0
0,23.99,Unused,F,22,6.0
0,21.83,Unused,F,22,6.0
0,18.23,Unused,F,22,6.0
0,717.0,Unused,F,22,50.93
0,12.0,Unused,F,22,6.0
0,31.15,Unused,F,22,6.0
0,125.98,Unused,F,22,6.0
0,45.57,Unused,F,22,6.0
0,47.48,Unused,F,22,6.0
0,20.55,Unused,F,22,6.0
0,41.6,Unused,F,22,6.0
0,357.0,Unused,F,22,6.0
0,119.0,Unused,F,22,6.0
0,447.0,Unused,F,22,6.0
0,149.0,Unused,F,22,6.0
0,158.0,Unused,F,22,6.0
0,79.0,Unused,F,22,6.0
0,13.59,Unused,F,22,6.0
0,44.79,Unused,F,22,6.0
0,20.85,Unused,F,22,6.0
0,7.6,Unused,F,22,6.0
0,4.56,Unused,F,22,6.0
0,119.0,Unused,F,22,12.99
0,4.08,Unused,F,22,6.0
0,67.19,Unused,F,22,6.0
0,30.56,Unused,F,22,6.0
0,30.0,Unused,F,22,6.0
0,39.19,Used,F,22,6.0
0,33.98,Used,F,22,6.0
0,10.99,Unused,F,22,6.0
0,51.97,Unused,F,22,6.0
0,16.99,Unused,F,22,6.0
0,10.99,Unused,F,22,6.0
0,149.7,Unused,F,22,19.99
1,202.84,Used,F,22,6.5
0,17.93,Used,F,22,6.5
0,91.31,Used,F,22,12.99
0,121.3,Used,F,22,6.5
0,121.3,Used,F,22,19.99
0,121.3,Used,F,22,12.99
0,303.76,Used,F,22,6.5
0,151.88,Used,F,22,6.5
0,199.8,Unused,F,22,6.5
0,2.55,Unused,F,22,6.0
0,48.92,Unused,F,22,6.5
0,100.91,Unused,F,22,19.99
0,201.82,Unused,F,22,12.99
0,353.7,Unused,F,22,6.5
0,22.41,Unused,F,22,6.0
0,17.93,Unused,F,22,6.5
0,48.92,Unused,F,22,6.5
0,42.39,Unused,F,22,6.5
0,6.1,Unused,F,22,6.0
0,151.88,Unused,F,22,6.5
0,151.88,Unused,F,22,6.5
0,151.88,Unused,F,22,19.99
0,4.07,Unused,F,22,6.0
0,48.92,Unused,F,22,6.5
0,11.4,Unused,F,22,6.5
0,121.3,Unused,F,22,6.5
0,355.74,Unused,F,22,6.5
0,151.88,Unused,F,22,6.5
0,151.88,Unused,F,22,6.5
0,151.88,Unused,F,22,12.99
1,12.79,Used,M,42,6.0
0,11.4,Used,M,42,12.99
0,119.0,Used,M,42,6.0
0,238.0,Used,M,42,6.0
0,19.99,Used,M,42,6.0
0,79.0,Used,M,42,6.0
0,30.0,Used,M,42,6.0
0,398.0,Unused,M,42,6.0
0,42.61,Unused,M,42,6.0
0,19.11,Unused,M,42,6.0
0,83.25,Unused,M,42,20.85
0,17.58,Unused,M,42,6.0
0,22.8,Unused,M,42,12.99
0,119.0,Unused,M,42,6.0
0,16.99,Unused,M,42,6.0
0,6.98,Unused,M,42,12.99
0,37.09,Used,M,42,6.0
0,9.99,Unused,M,42,6.0
1,303.75,Used,F,50,6.5
0,73.2,Used,F,50,12.91
0,151.88,Used,F,50,8.7
0,244.5,Unused,F,50,12.91
0,20.38,Unused,F,50,6.0
0,151.88,Unused,F,50,6.5
0,151.88,Unused,F,50,6.5
0,97.8,Unused,F,50,6.5
0,121.3,Unused,F,50,6.5
1,52.35,Used,F,18,6.5
0,43.98,Used,F,18,6.5
0,103.54,Unused,F,18,6.5
0,357.0,Unused,F,18,6.5
0,238.0,Unused,F,18,6.5
0,16.99,Unused,F,18,6.5
0,21.99,Unused,F,18,6.5
0,55.93,Unused,F,18,6.5
0,21.99,Unused,F,18,6.5
1,63.6,Used,M,9,86.74
0,1.59,Used,M,9,6.5
0,1.59,Used,M,9,6.5
0,357.0,Used,M,9,6.5
0,357.0,Used,M,9,6.5
0,16.99,Used,M,9,6.5
0,149.0,Used,M,9,6.5
0,149.0,Used,M,9,6.5
0,15.95,Unused,M,9,13.78
0,52.78,Unused,M,9,6.5
0,7.16,Unused,M,9,6.5
0,1.2,Unused,M,9,6.5
0,612.5,Unused,M,9,6.5
0,8.79,Unused,M,9,86.74
0,119.0,Unused,M,9,6.5
0,119.0,Unused,M,9,6.5
0,119.0,Unused,M,9,6.5
0,95.99,Unused,M,9,6.5
0,158.0,Unused,M,9,6.5
0,79.0,Unused,M,9,6.5
0,149.0,Unused,M,9,6.5
0,149.0,Unused,M,9,6.5
0,298.0,Unused,M,9,6.5
0,43.95,Unused,M,9,13.78
0,19.99,Unused,M,9,16.65
0,703.2,Unused,M,9,86.74
0,1.59,Unused,M,9,6.5
0,238.0,Unused,M,9,6.5
0,15.99,Unused,M,9,6.5
0,149.0,Unused,M,9,6.5
1,4.89,Used,M,40,6.0
0,4.99,Used,M,40,6.0
0,119.0,Used,M,40,6.0
0,158.0,Used,M,40,12.99
0,52.49,Used,M,40,6.0
0,149.0,Used,M,40,6.0
0,29.97,Unused,M,40,6.0
0,119.0,Unused,M,40,6.0
0,17.49,Unused,M,40,6.0
0,198.0,Unused,M,40,6.0
0,6.99,Unused,M,40,6.0
0,149.0,Unused,M,40,6.0
1,297.0,Used,M,40,12.48
0,119.0,Used,M,40,6.0
0,297.0,Unused,M,40,6.0
0,158.0,Unused,M,40,12.48
1,17.93,Unused,M,40,6.5
0,100.91,Unused,M,40,19.99
0,2.44,Unused,M,40,6.5
1,37.2,Used,F,36,6.0
0,53.2,Used,F,36,12.91
0,199.0,Used,F,36,6.0
0,23.89,Used,F,36,6.0
0,44.79,Used,F,36,30.0
0,4.56,Used,F,36,6.0
0,18.24,Used,F,36,6.0
0,119.0,Used,F,36,6.0
0,119.0,Used,F,36,6.0
0,385.78,Used,F,36,6.0
0,79.0,Used,F,36,6.0
0,158.0,Used,F,36,6.0
0,26.4,Used,F,36,6.0
0,49.61,Unused,F,36,6.0
0,22.38,Unused,F,36,6.0
0,264.3,Unused,F,36,12.91
0,44.79,Unused,F,36,30.0
0,44.79,Unused,F,36,30.0
0,44.79,Unused,F,36,30.0
0,299.75,Unused,F,36,14.85
0,40.98,Unused,F,36,12.99
0,13.92,Unused,F,36,6.0
0,9.51,Unused,F,36,6.0
0,4.56,Unused,F,36,6.0
0,28.78,Unused,F,36,6.0
0,48.0,Unused,F,36,6.0
0,395.0,Unused,F,36,6.0
0,149.0,Unused,F,36,6.0
0,4.99,Unused,F,36,12.99
0,119.0,Unused,F,36,6.0
0,149.0,Unused,F,36,6.0
0,149.0,Unused,F,36,6.0
1,279.0,Used,F,36,6.0
0,71.7,Unused,F,36,15.75
0,14.34,Unused,F,36,15.75
0,15.99,Unused,F,36,6.0
1,238.0,Used,F,40,6.0
0,30.0,Used,F,40,6.0
0,298.0,Used,F,40,6.0
0,134.32,Unused,F,40,6.0
0,52.5,Unused,F,40,6.0
0,119.0,Unused,F,40,6.0
0,15.19,Unused,F,40,6.0
1,33.59,Used,F,8,6.0
0,274.35,Used,F,8,6.0
0,24.99,Used,F,8,6.0
0,119.0,Used,F,8,6.0
0,114.8,Unused,F,8,6.0
0,149.0,Unused,F,8,12.99
0,79.0,Unused,F,8,6.0
0,119.0,Unused,F,8,6.0
0,237.0,Used,F,8,6.0
0,238.0,Unused,F,8,6.0
0,349.0,Unused,F,8,6.0
1,47.75,Used,F,26,12.91
0,144.25,Unused,F,26,12.91
0,16.99,Unused,F,26,6.0
1,4.99,Used,F,20,6.0
0,15.99,Used,F,20,6.0
0,47.17,Used,F,20,12.99
0,238.0,Used,F,20,6.0
0,149.0,Used,F,20,6.0
0,40.77,Used,F,20,6.5
0,149.0,Used,F,20,6.0
0,13.59,Unused,F,20,6.5
0,97.52,Unused,F,20,12.99
0,119.0,Unused,F,20,6.0
0,119.0,Unused,F,20,6.0
0,119.0,Unused,F,20,6.0
0,13.29,Unused,F,20,6.0
0,13.59,Unused,F,20,6.0
0,149.0,Unused,F,20,6.0
0,119.0,Unused,F,20,6.0
0,119.0,Unused,F,20,6.0
0,238.0,Unused,F,20,6.0
0,158.0,Unused,F,20,6.0
0,27.18,Unused,F,20,6.5
0,149.0,Unused,F,20,6.0
1,24.99,Used,F,34,6.5
0,19.99,Unused,F,34,6.5
1,10.63,Used,F,34,6.0
1,179.91,Used,F,34,6.0
0,29.37,Unused,F,34,6.0
0,14.0,Unused,F,34,6.0
1,17.66,Used,M,16,6.0
0,10.63,Used,M,16,6.0
0,199.0,Used,M,16,8.7
0,10.39,Unused,M,16,6.0
0,54.78,Unused,M,16,6.0
0,10.63,Unused,M,16,6.0
0,79.99,Unused,M,16,6.0
0,27.99,Unused,M,16,6.0
0,398.0,Unused,M,16,8.7
1,3.99,Used,M,16,6.0
0,25.83,Used,M,16,6.0
0,238.0,Used,M,16,6.0
0,149.0,Used,M,16,6.0
0,316.0,Used,M,16,6.0
0,16.99,Used,M,16,6.0
0,149.0,Used,M,16,6.0
0,6.38,Unused,M,16,6.0
0,39.98,Unused,M,16,6.0
0,238.0,Unused,M,16,6.0
0,31.82,Unused,M,16,6.0
0,79.0,Unused,M,16,6.0
0,26.0,Unused,M,16,6.5
0,298.0,Unused,M,16,19.99
0,12.0,Unused,M,16,6.0
0,10.39,Unused,M,16,6.5
0,14.16,Unused,M,16,6.0
0,149.0,Unused,M,16,6.0
0,2.99,Used,M,16,6.0
0,61.5,Used,M,16,12.91
0,20.47,Unused,M,16,6.0
0,55.89,Unused,M,16,12.91
0,15.99,Unused,M,16,6.0
0,149.0,Unused,M,16,6.0
0,149.0,Unused,M,16,6.0
0,1.99,Unused,M,16,6.0
0,4.8,Unused,M,16,6.0
1,39.5,Used,F,16,33.94
0,8.79,Used,F,16,6.0
0,142.8,Used,F,16,19.99
0,419.11,Used,F,16,14.96
0,30.0,Used,F,16,20.22
0,11.75,Used,F,16,6.0
0,79.99,Used,F,16,6.0
0,98.99,Used,F,16,6.0
0,268.0,Used,F,16,6.0
0,119.0,Used,F,16,6.0
0,119.0,Used,F,16,6.0
0,149.0,Used,F,16,6.0
0,111.8,Unused,F,16,20.22
0,39.8,Unused,F,16,6.0
0,72.0,Unused,F,16,19.99
0,33.01,Unused,F,16,6.0
0,399.5,Unused,F,16,33.94
0,1.99,Unused,F,16,6.0
0,44.79,Unused,F,16,30.0
0,12.31,Unused,F,16,6.0
0,119.0,Unused,F,16,6.0
0,61.59,Unused,F,16,6.0
0,447.0,Unused,F,16,6.0
0,149.0,Unused,F,16,6.0
0,119.0,Unused,F,16,6.0
0,238.0,Unused,F,16,6.5
0,79.0,Unused,F,16,6.0
1,238.0,Used,M,46,6.0
0,238.0,Used,M,46,6.0
0,15.19,Used,M,46,6.0
0,238.0,Unused,M,46,6.0
0,19.99,Unused,M,46,6.0
0,298.0,Unused,M,46,12.99
0,17.59,Unused,M,46,6.0
1,8.79,Used,M,25,6.5
0,5.6,Used,M,25,6.5
0,119.0,Used,M,25,6.5
0,5.6,Unused,M,25,6.5
0,119.0,Unused,M,25,6.5
0,163.08,Unused,M,25,6.5
0,15.19,Unused,M,25,6.5
0,237.0,Unused,M,25,6.5
0,149.0,Unused,M,25,6.5
0,2.39,Unused,M,25,6.5
0,119.0,Unused,M,25,6.5
0,149.0,Unused,M,25,6.5
1,237.0,Unused,M,25,6.0
0,31.9,Used,M,25,6.0
0,229.29,Unused,M,25,6.0
0,68.72,Unused,M,25,6.0
0,149.0,Used,M,25,6.0
0,357.0,Unused,M,25,6.0
1,6.2,Used,M,25,6.0
0,2.8,Used,M,25,6.0
0,198.0,Used,M,25,6.0
0,279.0,Used,M,25,6.0
0,228.0,Used,M,25,6.0
0,228.0,Used,M,25,6.0
0,8.79,Unused,M,25,6.0
0,2.8,Unused,M,25,6.0
0,18.79,Unused,M,25,6.0
0,199.0,Unused,M,25,6.0
0,79.0,Unused,M,25,6.0
0,13.59,Unused,M,25,6.0
0,149.0,Unused,M,25,6.0
0,13.59,Unused,M,25,6.0
1,4.99,Used,M,22,6.0
0,57.48,Unused,M,22,34.16
0,238.0,Unused,M,22,6.0
0,17.59,Unused,M,22,6.0
0,149.0,Unused,M,22,6.0
1,24.99,Unused,M,22,6.0
0,18.99,Unused,M,22,6.0
1,18.99,Used,M,34,6.5
0,13.59,Used,M,34,6.5
0,37.98,Unused,M,34,6.5
0,15.19,Unused,M,34,6.5
0,25.0,Used,M,34,0.0
0,79.75,Used,M,34,22.71
0,37.98,Used,M,34,6.5
0,23.99,Unused,M,34,6.5
0,30.0,Unused,M,34,22.71
0,87.5,Unused,M,34,6.5
0,119.0,Unused,M,34,6.5
0,119.0,Unused,M,34,6.5
0,119.0,Unused,M,34,6.5
0,119.0,Unused,M,34,6.5
0,47.8,Unused,M,34,22.71
0,39.99,Unused,M,34,6.5
0,79.19,Unused,M,34,6.5
1,22.4,Used,M,34,6.5
0,1079.66,Used,M,34,6.0
0,19.19,Used,M,34,6.5
0,119.0,Used,M,34,12.99
0,103.79,Unused,M,34,6.0
0,19.19,Unused,M,34,6.5
0,19.19,Unused,M,34,6.5
0,13.29,Unused,M,34,6.0
1,8.97,Used,M,34,6.0
0,199.0,Used,M,34,6.0
0,81.49,Used,M,34,6.0
0,4.08,Used,M,34,6.0
0,149.0,Used,M,34,12.48
0,149.0,Used,M,34,6.0
0,33.0,Used,M,34,6.0
0,34.92,Unused,M,34,6.0
0,119.0,Unused,M,34,6.0
0,298.0,Unused,M,34,6.0
0,99.0,Unused,M,34,12.99
0,119.0,Unused,M,34,12.48
0,55.0,Unused,M,34,6.0
0,99.0,Used,M,34,12.99
0,257.0,Used,M,34,6.0
0,18.99,Used,M,34,6.0
0,149.0,Used,M,34,8.7
0,50.37,Used,M,34,6.0
0,357.0,Unused,M,34,6.0
0,316.0,Unused,M,34,12.99
0,199.0,Unused,M,34,8.7
1,122.77,Unused,F,26,6.5
0,245.54,Unused,F,26,6.5
0,153.71,Unused,F,26,6.5
1,8.38,Used,F,26,6.0
0,5.58,Unused,F,26,6.0
1,8.16,Used,F,26,6.0
0,14.34,Unused,F,26,6.0
1,119.0,Used,F,36,6.0
1,15.99,Used,F,36,6.0
1,3.99,Used,M,32,6.0
0,238.0,Used,M,32,6.0
0,21.99,Unused,M,32,19.99
0,2.39,Unused,M,32,6.0
0,99.99,Unused,M,32,12.99
0,43.98,Unused,M,32,6.0
0,119.0,Unused,M,32,6.0
0,119.0,Unused,M,32,6.0
0,79.0,Unused,M,32,6.0
0,119.0,Unused,M,32,6.0
1,19.99,Used,M,29,6.0
0,809.93,Used,M,29,6.0
0,13.59,Used,M,29,6.0
0,149.0,Used,M,29,6.0
0,10.63,Used,M,29,6.0
0,233.61,Unused,M,29,6.0
0,83.85,Unused,M,29,12.91
0,1268.25,Unused,M,29,6.0
0,21.26,Unused,M,29,6.0
0,238.0,Unused,M,29,6.0
0,357.0,Unused,M,29,6.0
0,119.0,Unused,M,29,6.0
0,149.0,Unused,M,29,6.0
0,10.63,Unused,M,29,6.0
0,8.79,Unused,M,29,6.0
0,79.08,Unused,M,29,6.0
0,44.79,Unused,M,29,6.0
0,119.0,Unused,M,29,6.0
0,2088.9,Unused,M,29,6.0
0,149.0,Unused,M,29,6.0
1,199.5,Used,M,29,13.38
0,207.55,Used,M,29,23.62
0,9.47,Used,M,29,6.0
0,119.0,Used,M,29,6.0
0,238.0,Used,M,29,6.0
0,19.63,Used,M,29,6.0
0,5.5,Used,M,29,6.0
0,4.49,Unused,M,29,6.0
0,191.71,Unused,M,29,23.62
0,6.0,Unused,M,29,6.0
0,99.0,Unused,M,29,6.0
0,99.0,Unused,M,29,6.0
0,99.0,Unused,M,29,6.0
0,119.5,Unused,M,29,13.38
0,38.04,Unused,M,29,6.0
0,238.0,Unused,M,29,6.0
0,119.0,Unused,M,29,6.0
0,357.0,Unused,M,29,6.0
0,349.0,Unused,M,29,6.0
0,149.0,Unused,M,29,6.0
0,474.0,Unused,M,29,6.0
0,149.0,Unused,M,29,6.0
0,1.98,Unused,M,29,6.0
0,119.0,Unused,M,29,6.0
0,349.0,Unused,M,29,6.0
0,237.0,Unused,M,29,6.0
0,149.0,Unused,M,29,6.0
0,149.0,Unused,M,29,6.0
1,40.38,Used,F,25,6.0
0,12.5,Used,F,25,6.0
0,30.78,Used,F,25,12.99
0,37.17,Unused,F,25,6.0
0,54.03,Unused,F,25,6.0
0,9.49,Unused,F,25,6.0
0,357.0,Unused,F,25,6.0
0,15.19,Unused,F,25,12.99
0,149.0,Unused,F,25,6.0
0,25.49,Unused,F,25,6.0
1,449.1,Used,F,9,6.5
0,445.07,Used,F,9,6.5
0,174.96,Used,F,9,6.5
0,15.99,Used,F,9,6.5
0,18.99,Used,F,9,6.5
0,191.7,Used,F,9,15.72
0,119.0,Used,F,9,6.5
0,31.98,Used,F,9,6.5
0,29.58,Used,F,9,15.75
0,149.0,Used,F,9,6.5
0,149.0,Used,F,9,6.5
0,7.98,Unused,F,9,6.5
0,174.35,Unused,F,9,6.5
0,8.97,Unused,F,9,6.5
0,1055.4,Unused,F,9,15.72
0,27.99,Unused,F,9,6.5
0,30.38,Unused,F,9,6.5
0,119.4,Unused,F,9,6.5
0,89.55,Unused,F,9,6.5
0,75.98,Unused,F,9,6.5
0,137.44,Unused,F,9,6.5
0,1.99,Unused,F,9,6.5
0,119.0,Unused,F,9,6.5
0,387.0,Unused,F,9,58.93
0,215.7,Unused,F,9,15.72
0,105.0,Unused,F,9,6.5
0,54.33,Unused,F,9,6.5
0,53.97,Unused,F,9,6.5
0,63.6,Unused,F,9,6.5
0,18.99,Unused,F,9,6.5
0,28.78,Unused,F,9,15.75
0,6.0,Unused,F,9,6.5
1,11.19,Used,F,2,6.5
0,104.38,Used,F,2,6.5
0,99.95,Used,F,2,35.89
0,1.59,Used,F,2,6.5
0,25.0,Unused,F,2,0.0
0,45.17,Unused,F,2,6.5
0,349.8,Unused,F,2,6.5
0,99.95,Unused,F,2,35.89
0,186.89,Unused,F,2,6.5
0,30.0,Unused,F,2,6.5
0,149.0,Unused,F,2,6.5
1,13.59,Used,F,2,12.99
0,158.0,Used,F,2,12.99
0,158.0,Used,F,2,6.0
0,33.98,Unused,F,2,12.99
0,220.15,Used,F,2,6.0
0,9.09,Unused,F,2,12.99
0,13.29,Unused,F,2,6.0
0,21.26,Unused,F,2,12.99
0,20.99,Unused,F,2,6.0
0,15.19,Unused,F,2,6.0
1,12.0,Used,F,2,6.0
0,27.18,Used,F,2,6.5
0,34.83,Unused,F,2,6.5
0,13.59,Unused,F,2,6.5
0,17.4,Unused,F,2,6.0
1,51.51,Used,M,10,6.5
0,122.77,Used,M,10,6.5
0,122.77,Used,M,10,6.5
0,136.79,Used,M,10,6.5
0,81.5,Used,M,10,6.5
0,153.71,Used,M,10,6.5
0,19.59,Used,M,10,6.5
0,18.54,Unused,M,10,6.5
0,31.35,Unused,M,10,12.76
0,153.71,Unused,M,10,6.5
0,153.71,Unused,M,10,6.5
0,153.71,Unused,M,10,6.5
0,307.42,Unused,M,10,6.5
0,153.71,Unused,M,10,6.5
0,61.8,Unused,M,10,6.5
1,11.97,Used,F,36,12.99
0,6.15,Used,F,36,6.0
0,119.9,Used,F,36,12.91
0,79.0,Used,F,36,6.0
0,71.8,Unused,F,36,12.91
0,79.0,Unused,F,36,6.0
0,3.6,Unused,F,36,6.0
1,82.38,Used,M,47,6.0
0,149.0,Used,M,47,6.0
0,61.59,Used,M,47,6.0
0,91.97,Unused,M,47,6.0
0,15.19,Unused,M,47,6.0
1,28.97,Used,M,6,6.5
0,20.39,Used,M,6,6.5
0,11.19,Unused,M,6,6.5
0,12.98,Unused,M,6,6.5
1,103.14,Used,M,6,6.0
0,5.97,Unused,M,6,6.0
0,268.63,Unused,M,6,6.0
0,298.34,Unused,M,6,6.0
0,129.74,Unused,M,6,6.0
0,103.18,Unused,M,6,6.0
1,223.75,Used,M,6,12.91
0,17.98,Used,M,6,12.99
0,25.18,Used,M,6,6.0
0,13.29,Used,M,6,6.0
0,27.18,Used,M,6,6.0
0,33.0,Used,M,6,6.0
0,5175.24,Unused,M,6,6.0
0,131.55,Unused,M,6,12.91
0,436.02,Unused,M,6,62.71
0,1.4,Unused,M,6,12.99
0,18.99,Unused,M,6,6.0
0,5.7,Unused,M,6,6.0
0,149.0,Unused,M,6,6.0
0,2307.0,Unused,M,6,6.0
0,9.99,Unused,M,6,6.0
0,20.99,Unused,M,6,6.0
0,5.7,Unused,M,6,6.0
0,28.0,Unused,M,6,12.91
1,53.76,Used,M,6,6.5
0,405.68,Used,M,6,6.5
0,17.93,Used,M,6,18.36
0,101.93,Used,M,6,0.0
0,5.1,Used,M,6,6.0
0,17.93,Used,M,6,6.5
0,73.32,Used,M,6,6.0
0,151.88,Used,M,6,6.5
0,151.88,Used,M,6,6.5
0,241.56,Used,M,6,12.99
0,2.02,Unused,M,6,6.0
0,40.74,Unused,M,6,6.5
0,120.62,Unused,M,6,12.99
0,22.41,Unused,M,6,6.0
0,100.91,Unused,M,6,6.5
0,394.48,Unused,M,6,6.5
0,355.74,Unused,M,6,12.99
0,80.52,Unused,M,6,6.5
0,151.88,Unused,M,6,6.5
0,134.4,Unused,M,6,6.0
0,49.95,Unused,M,6,12.99
0,17.93,Unused,M,6,18.36
0,75.4,Unused,M,6,6.0
0,151.88,Unused,M,6,12.99
1,7.42,Used,F,10,6.5
0,122.77,Used,F,10,6.5
0,153.71,Used,F,10,6.5
0,153.71,Used,F,10,6.5
0,40.21,Unused,F,10,6.5
0,122.77,Unused,F,10,6.5
0,153.71,Unused,F,10,6.5
0,153.71,Unused,F,10,6.5
0,307.42,Unused,F,10,6.5
0,153.71,Unused,F,10,6.5
0,153.71,Unused,F,10,6.5
0,307.42,Unused,F,10,6.5
1,27.84,Used,F,2,6.5
0,19.59,Used,F,2,6.5
0,368.31,Used,F,2,6.5
0,19.59,Used,F,2,6.5
0,96.94,Unused,F,2,6.5
0,15.38,Unused,F,2,6.5
0,153.71,Unused,F,2,6.5
0,41.26,Unused,F,2,6.5
0,46.21,Unused,F,2,6.5
1,307.95,Used,F,2,6.5
0,8.79,Used,F,2,6.5
0,32.78,Used,F,2,17.96
0,8.97,Used,F,2,20.74
0,9.58,Used,F,2,6.5
0,19.99,Used,F,2,6.5
0,114.96,Used,F,2,18.47
0,114.37,Used,F,2,64.01
0,3.98,Used,F,2,6.5
0,238.0,Used,F,2,6.5
0,476.0,Used,F,2,6.5
0,15.19,Used,F,2,6.5
0,149.0,Used,F,2,6.5
0,149.0,Used,F,2,6.5
0,447.0,Used,F,2,6.5
0,149.0,Used,F,2,6.5
0,298.0,Used,F,2,6.5
0,298.0,Used,F,2,6.5
0,149.0,Used,F,2,6.5
0,43.91,Unused,F,2,20.74
0,294.49,Unused,F,2,6.5
0,11.99,Unused,F,2,17.96
0,185.56,Unused,F,2,64.01
0,55.99,Unused,F,2,6.5
0,30.38,Unused,F,2,6.5
0,119.0,Unused,F,2,6.5
0,119.0,Unused,F,2,6.5
0,357.0,Unused,F,2,6.5
0,238.0,Unused,F,2,6.5
0,119.0,Unused,F,2,6.5
0,119.0,Unused,F,2,6.5
0,752.0,Unused,F,2,6.5
0,238.0,Unused,F,2,6.5
0,15.19,Unused,F,2,6.5
0,15.19,Unused,F,2,6.5
0,16.99,Unused,F,2,6.5
0,34.99,Unused,F,2,6.5
0,149.0,Unused,F,2,6.5
0,149.0,Unused,F,2,6.5
0,149.0,Unused,F,2,6.5
0,3.5,Unused,F,2,20.74
0,7.19,Unused,F,2,6.5
0,39.99,Unused,F,2,6.5
0,4.4,Unused,F,2,17.96
0,238.0,Unused,F,2,6.5
0,16.99,Unused,F,2,6.5
0,79.0,Unused,F,2,6.5
0,79.0,Unused,F,2,6.5
0,79.96,Unused,F,2,6.5
0,35.18,Unused,F,2,6.5
1,101.75,Used,F,2,27.62
0,224.0,Used,F,2,12.91
0,199.0,Used,F,2,6.0
0,47.15,Used,F,2,6.0
0,145.46,Used,F,2,49.5
0,177.23,Used,F,2,29.95
0,119.0,Used,F,2,6.0
0,22.0,Used,F,2,6.0
0,119.0,Used,F,2,6.0
0,119.0,Used,F,2,6.5
0,349.0,Used,F,2,6.0
0,349.0,Used,F,2,6.0
0,79.0,Used,F,2,6.0
0,199.5,Unused,F,2,12.91
0,153.35,Unused,F,2,27.62
0,199.0,Unused,F,2,6.0
0,199.0,Unused,F,2,6.0
0,79.99,Unused,F,2,6.0
0,119.0,Unused,F,2,6.0
0,19.0,Unused,F,2,6.0
0,119.0,Unused,F,2,12.99
0,39.19,Unused,F,2,6.0
0,14.0,Unused,F,2,6.0
0,316.0,Unused,F,2,6.0
0,79.0,Unused,F,2,6.5
0,59.45,Unused,F,2,27.62
0,3.98,Unused,F,2,6.0
0,44.0,Unused,F,2,6.0
0,149.0,Unused,F,2,6.0
1,489.65,Used,M,44,6.0
0,476.0,Used,M,44,6.0
0,119.0,Used,M,44,6.0
0,27.18,Used,M,44,6.0
0,1.59,Unused,M,44,6.0
0,1198.0,Unused,M,44,6.0
0,69.9,Unused,M,44,6.0
0,31.35,Unused,M,44,6.0
0,22.8,Unused,M,44,6.0
1,6.38,Used,F,32,12.99
0,63.99,Used,F,32,6.5
0,59.75,Used,F,32,33.04
0,14.69,Used,F,32,6.0
0,58.79,Used,F,32,6.0
0,13.29,Used,F,32,6.0
0,79.0,Used,F,32,6.0
0,149.0,Used,F,32,6.0
0,64.77,Unused,F,32,12.99
0,219.75,Unused,F,32,33.04
0,13.29,Unused,F,32,6.0
0,182.68,Unused,F,32,6.0
0,357.0,Unused,F,32,6.0
0,238.0,Unused,F,32,6.0
0,10.63,Unused,F,32,6.0
0,79.0,Unused,F,32,6.0
0,127.98,Unused,F,32,6.5
0,3.99,Unused,F,32,12.99
0,41.99,Unused,F,32,6.0
1,4.95,Used,F,32,6.0
0,175.08,Used,F,32,12.48
0,22.8,Used,F,32,12.48
0,119.0,Used,F,32,6.5
0,349.0,Used,F,32,6.5
0,349.0,Used,F,32,6.5
0,8.49,Used,F,32,6.0
0,3.8,Used,F,32,6.5
0,47.05,Unused,F,32,12.48
0,40.78,Unused,F,32,6.5
0,796.0,Unused,F,32,6.5
0,99.0,Unused,F,32,6.5
0,124.77,Unused,F,32,20.85
0,279.0,Unused,F,32,6.5
0,23.98,Unused,F,32,6.0
0,8.97,Unused,F,32,6.0
0,238.0,Unused,F,32,6.5
0,119.0,Unused,F,32,6.5
0,119.0,Unused,F,32,6.5
0,119.0,Unused,F,32,6.5
0,149.0,Unused,F,32,6.5
0,149.0,Unused,F,32,6.5
0,149.0,Unused,F,32,6.5
0,149.0,Unused,F,32,6.5
0,149.0,Unused,F,32,6.5
0,395.0,Unused,F,32,12.99
0,79.0,Unused,F,32,6.5
0,149.0,Unused,F,32,6.5
0,83.18,Unused,F,32,20.85
0,47.7,Unused,F,32,6.5
0,35.88,Unused,F,32,6.0
0,19.12,Unused,F,32,12.48
0,149.0,Unused,F,32,6.5
0,149.0,Unused,F,32,6.5
1,15.47,Used,F,43,50.0
0,30.41,Unused,F,43,50.0
1,164.7,Used,F,43,6.5
0,117.86,Unused,F,43,6.5
0,94.95,Unused,F,43,6.5
0,238.0,Used,F,43,6.5
0,119.0,Used,F,43,6.5
0,99.99,Unused,F,43,6.5
0,61.59,Unused,F,43,6.5
0,13.96,Unused,F,43,6.5
0,31.98,Unused,F,43,6.5
1,237.0,Unused,F,43,6.0
0,1.59,Used,F,43,6.0
0,2.39,Unused,F,43,6.0
0,2.39,Unused,F,43,6.0
0,12.0,Used,F,43,6.0
0,8.0,Unused,F,43,49.73
0,10.63,Used,F,43,6.0
0,1.2,Unused,F,43,6.0
0,79.0,Unused,F,43,6.0
0,149.0,Unused,F,43,6.0
0,238.0,Unused,F,43,6.0
0,103.92,Used,F,43,6.0
0,39.19,Used,F,43,6.0
0,119.0,Used,F,43,6.0
0,447.0,Unused,F,43,6.0
0,398.0,Unused,F,43,6.0
0,44.79,Unused,F,43,6.0
1,298.0,Unused,F,43,6.0
0,237.0,Unused,F,43,6.0
0,52.8,Unused,F,43,6.0
0,149.0,Unused,F,43,6.0
0,4.2,Used,F,43,6.0
0,45.79,Unused,F,43,6.0
1,151.88,Used,F,43,12.99
0,22.41,Unused,F,43,6.0
0,121.3,Unused,F,43,6.5
1,23.9,Used,F,42,12.91
0,199.98,Used,F,42,6.0
0,31.35,Used,F,42,19.99
0,149.0,Used,F,42,6.0
0,79.0,Used,F,42,6.0
0,149.0,Used,F,42,19.99
0,9.95,Unused,F,42,6.0
0,21.98,Unused,F,42,6.0
0,55.9,Unused,F,42,12.91
0,119.0,Unused,F,42,6.0
0,119.0,Unused,F,42,6.0
0,119.0,Unused,F,42,12.99
0,85.99,Unused,F,42,6.0
0,387.0,Unused,F,42,6.0
0,237.0,Unused,F,42,6.0
0,74.97,Unused,F,42,6.0
1,67.0,Used,M,38,12.99
0,534.0,Unused,M,38,12.99
0,1.99,Unused,M,38,12.99
1,89.55,Used,F,8,12.99
0,33.59,Used,F,8,6.0
0,67.18,Used,F,8,6.0
0,33.59,Used,F,8,6.0
0,33.59,Used,F,8,6.0
0,41.99,Used,F,8,6.0
0,10.99,Used,F,8,6.0
0,122.99,Used,F,8,6.0
0,399.0,Used,F,8,12.91
0,86.22,Used,F,8,6.0
0,55.43,Used,F,8,6.0
0,27.19,Used,F,8,6.0
0,14.69,Used,F,8,6.0
0,30.37,Used,F,8,6.0
0,49.9,Used,F,8,6.0
0,22.38,Used,F,8,6.0
0,44.79,Used,F,8,6.0
0,44.79,Used,F,8,6.0
0,279.65,Used,F,8,6.0
0,10.63,Used,F,8,6.0
0,238.0,Used,F,8,6.0
0,238.0,Used,F,8,6.0
0,119.0,Used,F,8,6.0
0,119.0,Used,F,8,19.99
0,25.82,Used,F,8,6.0
0,11.89,Used,F,8,6.0
0,27.18,Used,F,8,6.0
0,79.0,Used,F,8,6.0
0,16.99,Used,F,8,6.0
0,298.0,Used,F,8,6.0
0,33.59,Unused,F,8,6.0
0,67.18,Unused,F,8,6.0
0,209.95,Unused,F,8,6.0
0,109.39,Unused,F,8,25.37
0,50.0,Unused,F,8,0.0
0,129.16,Unused,F,8,6.0
0,18.67,Unused,F,8,12.99
0,18.37,Unused,F,8,20.0
0,2.79,Unused,F,8,6.0
0,24.62,Unused,F,8,6.0
0,26.38,Unused,F,8,6.0
0,9.99,Unused,F,8,6.0
0,44.79,Unused,F,8,19.99
0,39.87,Unused,F,8,6.0
0,31.35,Unused,F,8,6.0
0,238.0,Unused,F,8,6.0
0,119.0,Unused,F,8,6.0
0,119.0,Unused,F,8,6.0
0,119.0,Unused,F,8,6.0
0,56.2,Unused,F,8,6.0
0,18.99,Unused,F,8,6.0
0,19.99,Unused,F,8,6.0
0,842.0,Unused,F,8,6.0
0,158.0,Unused,F,8,6.0
0,16.79,Unused,F,8,12.99
0,13.59,Unused,F,8,6.0
0,298.0,Unused,F,8,6.0
0,149.0,Unused,F,8,6.0
0,33.59,Unused,F,8,6.0
0,33.59,Unused,F,8,6.0
0,17.01,Unused,F,8,6.0
0,7.17,Unused,F,8,6.0
0,56.77,Unused,F,8,6.0
0,6.99,Unused,F,8,12.99
0,23.99,Unused,F,8,6.0
0,244.65,Unused,F,8,6.0
0,13.99,Unused,F,8,6.0
0,119.0,Unused,F,8,6.0
0,15.99,Unused,F,8,6.0
0,298.0,Unused,F,8,6.0
0,33.59,Used,F,8,6.0
0,33.59,Used,F,8,6.0
0,33.59,Used,F,8,6.0
0,33.59,Used,F,8,6.0
0,2.8,Used,F,8,6.0
0,42.27,Used,F,8,6.0
0,119.0,Used,F,8,6.0
0,35.98,Used,F,8,6.0
0,79.0,Used,F,8,6.0
0,10.77,Unused,F,8,6.0
0,33.59,Unused,F,8,6.0
0,33.59,Unused,F,8,6.0
0,33.59,Unused,F,8,6.0
0,84.94,Unused,F,8,6.0
0,24.39,Unused,F,8,6.0
0,119.0,Unused,F,8,6.0
0,238.0,Unused,F,8,6.0
0,16.99,Unused,F,8,6.0
0,149.0,Unused,F,8,12.99
0,33.59,Unused,F,8,6.0
0,3.98,Unused,F,8,6.0
0,13.99,Unused,F,8,6.0
1,13.57,Used,F,8,6.0
0,11.99,Used,F,8,6.0
0,59.59,Used,F,8,6.0
0,109.95,Used,F,8,12.91
0,64.8,Used,F,8,12.91
0,6.0,Used,F,8,6.0
0,49.49,Used,F,8,6.0
0,147.0,Used,F,8,6.0
0,238.0,Used,F,8,6.0
0,119.0,Used,F,8,6.0
0,31.98,Used,F,8,6.0
0,149.0,Used,F,8,6.0
0,1.99,Unused,F,8,6.0
0,17.66,Unused,F,8,6.0
0,3.99,Unused,F,8,6.0
0,123.0,Unused,F,8,6.0
0,79.99,Unused,F,8,6.0
0,74.98,Unused,F,8,6.0
0,153.93,Unused,F,8,13.38
0,237.0,Unused,F,8,6.0
0,386.0,Unused,F,8,6.0
0,79.0,Unused,F,8,6.0
0,13.59,Unused,F,8,19.99
0,149.0,Unused,F,8,6.0
0,79.99,Unused,F,8,6.0
0,12.99,Unused,F,8,6.0
0,1.99,Unused,F,8,6.0
0,119.0,Unused,F,8,6.0
0,119.0,Unused,F,8,6.0
0,67.14,Unused,F,8,12.91
0,18.99,Unused,F,8,6.0
0,158.0,Unused,F,8,6.5
0,3.0,Unused,F,8,6.0
1,219.75,Used,F,37,35.96
0,3.19,Used,F,37,6.5
0,119.0,Used,F,37,6.5
0,79.0,Used,F,37,6.5
0,149.0,Used,F,37,6.5
0,178.88,Unused,F,37,117.7
0,18.99,Unused,F,37,6.5
0,13.59,Unused,F,37,6.5
0,298.0,Unused,F,37,6.5
0,149.0,Unused,F,37,6.5
0,55.95,Unused,F,37,35.96
0,18.99,Unused,F,37,6.5
0,17.59,Unused,F,37,6.5
0,298.0,Unused,F,37,6.5
1,115.66,Unused,F,37,19.99
0,395.0,Unused,F,37,19.99
0,219.45,Unused,F,37,19.99
0,252.7,Used,F,37,13.35
0,190.48,Unused,F,37,13.35
0,47.98,Unused,F,37,6.0
0,4.78,Unused,F,37,13.35
1,47.86,Used,F,37,6.0
0,14.38,Used,F,37,6.0
0,5.7,Used,F,37,6.0
0,62.38,Used,F,37,6.0
0,19.99,Used,F,37,19.99
0,54.51,Unused,F,37,6.0
0,16.8,Unused,F,37,6.0
0,2.99,Unused,F,37,6.0
0,181.9,Unused,F,37,19.99
0,13.2,Unused,F,37,6.0
0,39.98,Unused,F,37,19.99
1,79.0,Used,F,37,6.0
0,99.0,Unused,F,37,12.99
0,149.0,Unused,F,37,6.0
0,149.0,Unused,F,37,6.0
0,99.0,Unused,F,37,6.0
0,121.39,Unused,F,37,6.0
0,29.95,Used,F,37,6.0
0,18.6,Used,F,37,6.0
0,25.9,Used,F,37,6.0
0,357.0,Used,F,37,6.0
0,149.0,Used,F,37,6.0
0,228.0,Used,F,37,6.0
0,149.0,Used,F,37,6.0
0,16.68,Unused,F,37,6.0
0,1037.4,Unused,F,37,19.99
0,558.0,Unused,F,37,6.0
0,238.0,Unused,F,37,6.0
0,12.0,Unused,F,37,6.0
0,149.0,Unused,F,37,6.0
0,119.0,Unused,F,37,6.0
1,44.9,Used,F,25,6.0
0,99.0,Unused,F,25,6.0
0,99.0,Unused,F,25,6.0
1,18.4,Used,F,48,6.0
0,14.16,Unused,F,48,6.0
0,7.6,Unused,F,48,6.0
0,44.79,Unused,F,48,6.0
0,15.19,Unused,F,48,6.0
1,119.0,Used,F,21,6.5
0,149.0,Used,F,21,6.5
0,149.0,Used,F,21,6.5
0,149.0,Used,F,21,6.5
0,300.8,Unused,F,21,6.5
0,37.96,Unused,F,21,6.0
0,198.0,Unused,F,21,6.5
0,456.0,Unused,F,21,6.5
0,99.0,Unused,F,21,6.5
0,149.0,Unused,F,21,6.5
0,149.0,Unused,F,21,6.5
0,386.0,Unused,F,21,6.5
0,149.0,Unused,F,21,12.99
0,19.99,Used,F,21,6.0
0,149.0,Used,F,21,6.5
0,402.0,Unused,F,21,8.7
0,119.0,Unused,F,21,6.5
0,79.0,Unused,F,21,6.5
0,447.0,Unused,F,21,6.5
1,164.83,Used,F,18,6.5
0,122.77,Used,F,18,6.5
0,145.94,Unused,F,18,6.5
0,276.48,Unused,F,18,6.5
0,22.26,Unused,F,18,6.5
1,24.99,Used,M,34,6.0
0,119.0,Used,M,34,6.0
0,119.0,Unused,M,34,6.0
0,28.5,Unused,M,34,6.0
0,238.0,Unused,M,34,19.99
0,119.0,Unused,M,34,19.99
0,15.99,Unused,M,34,6.0
0,24.99,Used,M,34,6.0
0,149.0,Unused,M,34,6.0
1,125.98,Used,F,23,6.0
0,1000.45,Used,F,23,40.74
0,14.16,Used,F,23,6.0
0,44.79,Used,F,23,6.0
0,34.99,Used,F,23,6.0
0,22.33,Used,F,23,6.5
0,16.79,Used,F,23,6.0
0,149.0,Used,F,23,8.7
0,13.99,Used,F,23,6.0
0,59.99,Used,F,23,6.0
0,1312.69,Unused,F,23,40.74
0,99.99,Unused,F,23,6.0
0,45.32,Unused,F,23,6.0
0,14.38,Unused,F,23,20.85
0,42.0,Unused,F,23,6.0
0,38.38,Unused,F,23,6.0
0,5.7,Unused,F,23,6.0
0,119.0,Unused,F,23,6.0
0,13.99,Unused,F,23,6.0
0,15.99,Unused,F,23,6.0
0,18.99,Unused,F,23,6.0
0,8.0,Unused,F,23,6.0
0,149.0,Unused,F,23,6.0
0,542.85,Unused,F,23,6.0
0,100.0,Unused,F,23,6.0
0,42.37,Unused,F,23,6.0
0,15.99,Unused,F,23,6.0
0,39.98,Unused,F,23,6.0
0,238.0,Unused,F,23,6.0
0,13.59,Unused,F,23,6.0
1,47.03,Used,M,40,6.5
0,23.92,Used,M,40,6.5
0,7.18,Used,M,40,6.5
0,652.0,Used,M,40,6.5
0,17.53,Used,M,40,6.5
0,153.71,Used,M,40,6.5
0,31.34,Unused,M,40,6.5
0,73.21,Unused,M,40,6.5
0,368.31,Unused,M,40,6.5
0,205.3,Unused,M,40,6.5
0,205.3,Unused,M,40,6.5
0,205.3,Unused,M,40,6.5
0,205.3,Unused,M,40,6.5
0,19.59,Unused,M,40,6.5
1,139.98,Used,M,40,49.73
0,30.39,Used,M,40,6.5
0,199.0,Used,M,40,42.67
0,199.0,Used,M,40,44.06
0,447.0,Used,M,40,6.5
0,149.0,Used,M,40,6.5
0,67.93,Unused,M,40,44.06
0,44.79,Unused,M,40,6.5
0,105.56,Unused,M,40,28.51
0,31.99,Unused,M,40,14.41
0,119.0,Unused,M,40,6.5
0,119.0,Unused,M,40,15.75
0,119.0,Unused,M,40,15.75
0,238.0,Unused,M,40,6.5
0,149.0,Unused,M,40,6.5
0,149.0,Unused,M,40,6.5
0,149.0,Unused,M,40,6.5
0,119.0,Unused,M,40,6.5
1,12.99,Unused,M,40,6.0
0,13.29,Unused,M,40,6.0
1,149.0,Unused,M,40,6.0
0,149.0,Unused,M,40,6.0
0,21.98,Used,M,40,6.0
0,407.15,Used,M,40,21.29
0,41.59,Used,M,40,6.0
0,119.0,Used,M,40,6.0
0,57.18,Used,M,40,12.48
0,47.97,Used,M,40,12.99
0,79.0,Used,M,40,6.0
0,3.5,Unused,M,40,6.0
0,28.22,Unused,M,40,6.0
0,111.72,Unused,M,40,6.0
0,191.14,Unused,M,40,12.48
0,119.0,Unused,M,40,6.0
0,119.0,Unused,M,40,6.0
0,59.99,Unused,M,40,6.0
0,149.0,Unused,M,40,6.0
0,119.5,Unused,M,40,22.29
0,10.63,Unused,M,40,6.0
0,59.99,Unused,M,40,12.48
1,27.65,Used,F,19,58.49
0,67.18,Used,F,19,6.0
0,33.59,Used,F,19,6.0
0,33.59,Used,F,19,6.0
0,22.4,Used,F,19,6.5
0,62.5,Used,F,19,6.0
0,161.31,Used,F,19,6.0
0,21.26,Used,F,19,6.0
0,100.77,Unused,F,19,6.0
0,33.59,Unused,F,19,6.0
0,22.4,Unused,F,19,6.5
0,71.1,Unused,F,19,6.0
0,140.82,Unused,F,19,6.0
0,119.0,Unused,F,19,6.0
0,119.0,Unused,F,19,6.0
0,33.59,Unused,F,19,6.0
0,28.62,Unused,F,19,6.5
0,249.75,Unused,F,19,6.0
0,10.63,Unused,F,19,6.0
0,29.5,Unused,F,19,6.0
0,316.0,Unused,F,19,6.0
1,558.0,Used,F,19,6.5
0,119.0,Used,F,19,6.5
0,149.0,Used,F,19,6.5
0,149.0,Used,F,19,6.5
0,55.99,Unused,F,19,6.5
0,776.0,Unused,F,19,6.5
0,99.0,Unused,F,19,6.5
0,119.0,Unused,F,19,6.5
0,238.0,Unused,F,19,6.5
0,349.0,Unused,F,19,12.48
0,149.0,Unused,F,19,6.5
0,149.0,Unused,F,19,6.5
0,149.0,Unused,F,19,6.5
0,99.0,Unused,F,19,6.5
0,149.0,Unused,F,19,6.5
0,149.0,Unused,F,19,6.5
0,149.0,Unused,F,19,6.5
0,11.48,Used,F,19,6.0
0,276.0,Used,F,19,12.99
0,149.0,Used,F,19,6.5
0,79.0,Used,F,19,6.5
0,149.0,Used,F,19,6.5
0,238.0,Unused,F,19,6.5
0,317.0,Unused,F,19,6.5
0,349.0,Unused,F,19,6.5
0,149.0,Unused,F,19,6.5
0,8.0,Unused,F,19,12.99
0,298.0,Unused,F,19,12.99
0,41.59,Unused,F,19,6.5
0,119.0,Unused,F,19,6.5
1,98.31,Unused,M,14,24.49
0,39.96,Unused,M,14,24.49
1,279.96,Used,M,14,6.0
0,21.99,Used,M,14,6.0
0,216.9,Used,M,14,6.0
0,11.95,Used,M,14,6.5
0,468.0,Used,M,14,6.5
0,349.0,Used,M,14,6.5
0,149.0,Used,M,14,6.5
0,139.7,Unused,M,14,6.0
0,99.19,Unused,M,14,6.0
0,19.95,Unused,M,14,6.5
0,349.0,Unused,M,14,6.5
0,158.0,Unused,M,14,6.5
0,149.0,Unused,M,14,6.5
0,298.0,Unused,M,14,6.5
0,149.7,Unused,M,14,6.0
0,158.0,Unused,M,14,6.5
1,19.99,Used,F,21,6.5
0,3.98,Unused,F,21,6.5
0,44.79,Unused,F,21,6.5
1,98.4,Unused,F,19,6.0
1,12.31,Used,F,3,6.5
0,119.0,Used,F,3,6.5
0,11.19,Unused,F,3,6.5
0,23.5,Unused,F,3,6.5
1,313.53,Unused,M,9,16.47
1,49.49,Unused,F,4,6.0
0,46.5,Unused,F,4,6.0
1,51.11,Used,F,46,35.3
0,239.25,Used,F,46,102.79
0,119.0,Used,F,46,6.5
0,238.0,Used,F,46,6.5
0,149.0,Used,F,46,6.5
0,38.32,Unused,F,46,35.3
0,52.07,Unused,F,46,6.5
0,238.0,Unused,F,46,6.5
0,119.0,Unused,F,46,6.5
0,149.0,Unused,F,46,35.3
0,179.25,Unused,F,46,102.79
0,238.0,Unused,F,46,6.5
0,149.0,Unused,F,46,6.5
1,199.98,Used,F,22,26.43
0,13.59,Used,F,22,6.5
0,567.49,Unused,F,22,6.5
0,149.0,Unused,F,22,6.5
0,79.6,Unused,F,22,6.5
0,7.19,Unused,F,22,6.5
1,149.0,Unused,F,22,6.0
1,37.98,Used,F,14,6.5
0,18.99,Used,F,14,6.5
0,18.99,Unused,F,14,6.5
0,56.97,Unused,F,14,6.5
0,69.98,Unused,F,14,6.5
1,12.96,Used,F,14,6.0
0,44.79,Used,F,14,6.0
0,158.0,Used,F,14,6.0
0,6.98,Unused,F,14,6.0
0,42.62,Unused,F,14,6.0
0,7.99,Unused,F,14,6.0
0,119.0,Unused,F,14,6.0
0,127.92,Unused,F,14,6.0
0,298.0,Unused,F,14,6.0
0,10.63,Unused,F,14,6.0
1,102.76,Unused,F,14,6.0
0,322.81,Unused,F,14,6.0
0,33.98,Unused,F,14,6.0
0,149.0,Used,F,14,6.0
0,149.0,Used,F,14,6.0
0,55.99,Unused,F,14,6.0
0,119.0,Unused,F,14,6.0
0,13.29,Unused,F,14,12.99
0,22.63,Used,F,14,6.0
0,44.79,Used,F,14,6.0
0,16.99,Used,F,14,6.0
0,28.0,Unused,F,14,6.0
0,76.78,Unused,F,14,6.0
0,15.0,Unused,F,14,6.0
1,49.98,Used,F,18,6.5
0,119.0,Used,F,18,6.5
0,238.0,Used,F,18,6.5
0,119.0,Used,F,18,6.5
0,15.99,Used,F,18,6.5
0,119.0,Used,F,18,6.5
0,268.0,Used,F,18,6.5
0,24.99,Used,F,18,6.5
0,158.0,Used,F,18,6.5
0,149.0,Used,F,18,6.5
0,10.99,Unused,F,18,6.5
0,55.99,Unused,F,18,6.5
0,99.99,Unused,F,18,6.5
0,119.0,Unused,F,18,6.5
0,277.0,Unused,F,18,6.5
0,59.99,Unused,F,18,6.5
1,8.79,Used,F,18,6.5
0,2.8,Used,F,18,6.5
0,35.97,Used,F,18,49.73
0,55.99,Used,F,18,6.5
0,238.0,Used,F,18,6.5
0,19.99,Used,F,18,6.5
0,74.97,Used,F,18,22.71
0,34.99,Used,F,18,42.67
0,149.0,Used,F,18,6.5
0,149.0,Used,F,18,6.5
0,34.93,Unused,F,18,49.73
0,94.29,Unused,F,18,22.71
0,24.77,Unused,F,18,6.5
0,35.98,Unused,F,18,42.67
0,358.78,Unused,F,18,6.5
0,39.98,Unused,F,18,6.5
0,238.0,Unused,F,18,6.5
0,119.0,Unused,F,18,6.5
0,59.99,Unused,F,18,6.5
0,44.79,Unused,F,18,6.5
0,19.99,Unused,F,18,6.5
1,23.99,Used,F,18,12.99
0,84.59,Unused,F,18,6.0
0,536.0,Unused,F,18,6.0
0,395.0,Unused,F,18,6.0
0,316.0,Unused,F,18,6.0
0,79.0,Unused,F,18,6.0
0,147.04,Used,F,18,40.25
0,14.94,Used,F,18,30.0
0,16.99,Used,F,18,19.99
0,360.97,Unused,F,18,40.25
0,679.66,Unused,F,18,52.22
0,10.63,Unused,F,18,12.99
0,33.98,Unused,F,18,6.0
0,71.96,Unused,F,18,19.99
0,38.37,Unused,F,18,12.99
0,81.57,Unused,F,18,40.25
0,18.99,Unused,F,18,30.0
0,35.98,Unused,F,18,19.99
0,79.0,Unused,F,18,6.0
0,149.0,Unused,F,18,19.99
0,149.0,Unused,F,18,6.0
1,17.33,Used,F,18,6.0
0,42.39,Used,F,18,6.5
0,121.3,Used,F,18,12.99
0,80.52,Used,F,18,6.5
0,121.3,Unused,F,18,6.5
0,121.3,Unused,F,18,12.99
0,4.33,Unused,F,18,6.0
0,355.74,Unused,F,18,6.5
0,355.74,Unused,F,18,12.99
0,151.88,Unused,F,18,6.5
0,100.91,Unused,F,18,6.5
0,100.91,Unused,F,18,6.5
0,3.05,Unused,F,18,6.0
1,106.38,Used,M,4,6.5
0,9.51,Used,M,4,6.5
0,29.58,Unused,M,4,6.5
0,158.0,Unused,M,4,6.5
1,119.0,Used,M,4,6.0
0,238.0,Used,M,4,6.0
0,349.0,Unused,M,4,6.0
0,79.0,Unused,M,4,6.0
0,119.0,Unused,M,4,6.0
1,13.29,Used,M,41,6.0
0,24.0,Used,M,41,6.0
0,280.88,Unused,M,41,6.0
0,149.0,Unused,M,41,6.0
0,134.64,Unused,M,41,6.0
1,14.72,Used,F,32,6.0
0,16.8,Unused,F,32,6.0
1,9.98,Used,F,35,6.0
0,239.8,Used,F,35,44.22
0,238.0,Used,F,35,6.0
0,9.99,Unused,F,35,6.0
1,3.5,Used,F,13,6.0
0,589.8,Used,F,13,6.0
0,7.0,Unused,F,13,6.0
0,199.0,Unused,F,13,6.0
0,4.99,Unused,F,13,6.0
0,36.3,Unused,F,13,6.0
0,3.5,Unused,F,13,6.0
0,4.99,Unused,F,13,6.0
1,1.5,Used,M,33,6.0
0,153.98,Used,M,33,6.0
0,149.0,Used,M,33,6.0
0,22.96,Unused,M,33,6.0
0,4.98,Unused,M,33,6.0
1,36.4,Used,M,33,6.5
0,349.0,Used,M,33,6.0
0,33.6,Unused,M,33,6.5
0,199.0,Unused,M,33,12.99
0,216.58,Unused,M,33,6.0
0,29.9,Unused,M,33,6.0
0,349.0,Unused,M,33,6.0
0,349.0,Unused,M,33,6.0
0,447.0,Unused,M,33,6.0
0,279.0,Unused,M,33,6.0
0,149.0,Unused,M,33,6.0
0,316.0,Unused,M,33,12.99
1,82.0,Used,M,33,6.0
0,199.0,Used,M,33,6.0
0,16.0,Used,M,33,19.02
0,558.0,Used,M,33,6.0
0,119.0,Used,M,33,6.0
0,15.19,Used,M,33,6.0
0,149.0,Used,M,33,6.0
0,42.0,Unused,M,33,6.0
0,99.0,Unused,M,33,6.0
0,99.0,Unused,M,33,6.0
0,2.99,Unused,M,33,6.0
0,287.4,Unused,M,33,17.08
0,1674.0,Unused,M,33,6.0
0,238.0,Unused,M,33,6.0
0,119.0,Unused,M,33,6.0
0,238.0,Unused,M,33,12.99
0,79.0,Unused,M,33,6.0
0,158.0,Unused,M,33,6.0
0,149.0,Unused,M,33,6.0
0,42.0,Unused,M,33,6.0
0,2.5,Unused,M,33,6.0
0,198.0,Unused,M,33,6.0
0,47.9,Unused,M,33,19.02
1,363.9,Used,F,35,6.0
0,119.0,Used,F,35,6.5
0,7.6,Used,F,35,6.5
0,8.49,Used,F,35,6.0
0,52.77,Unused,F,35,6.5
0,5.5,Unused,F,35,6.0
0,349.0,Unused,F,35,6.5
0,298.0,Unused,F,35,6.5
0,149.0,Unused,F,35,6.5
0,8.79,Unused,F,35,6.5
0,1561.25,Unused,F,35,504.0
0,15.99,Unused,F,35,6.0
0,70.36,Unused,F,35,6.5
0,149.0,Unused,F,35,6.5
1,3.99,Used,F,2,6.0
0,22.33,Used,F,2,20.22
0,15.99,Used,F,2,6.0
0,19.19,Used,F,2,6.0
0,41.99,Used,F,2,12.99
0,22.33,Unused,F,2,20.22
0,37.81,Unused,F,2,6.0
0,13.99,Unused,F,2,6.0
0,25.19,Unused,F,2,6.0
0,13.59,Unused,F,2,6.0
1,69.99,Unused,F,24,6.0
1,44.79,Unused,F,24,6.0
1,199.0,Used,F,24,6.0
0,199.0,Used,F,24,6.0
0,12.0,Used,F,24,6.0
0,138.2,Used,F,24,6.0
0,5.7,Used,F,24,6.0
0,298.0,Used,F,24,6.0
0,149.0,Used,F,24,6.0
0,395.0,Used,F,24,12.99
0,158.0,Used,F,24,6.0
0,149.0,Used,F,24,6.0
0,149.0,Used,F,24,12.99
0,447.0,Used,F,24,6.0
0,39.96,Unused,F,24,6.0
0,32.95,Unused,F,24,6.0
0,10.99,Unused,F,24,6.0
0,8.99,Unused,F,24,6.0
0,16.86,Unused,F,24,6.0
0,55.99,Unused,F,24,19.99
0,32.78,Unused,F,24,6.0
0,31.99,Unused,F,24,6.0
0,76.74,Unused,F,24,6.5
0,45.98,Unused,F,24,6.0
0,149.0,Unused,F,24,6.0
0,149.0,Unused,F,24,6.0
0,149.0,Unused,F,24,12.99
0,79.0,Unused,F,24,6.0
0,149.0,Unused,F,24,6.0
0,149.0,Unused,F,24,6.0
0,199.0,Unused,F,24,6.0
0,119.0,Unused,F,24,6.0
0,27.98,Unused,F,24,6.0
0,15.39,Unused,F,24,6.0
1,309.0,Used,F,16,6.0
0,17.4,Used,F,16,6.0
0,3.99,Used,F,16,6.0
0,49.9,Used,F,16,6.0
0,52.08,Used,F,16,12.48
0,22.71,Used,F,16,6.0
0,26.38,Used,F,16,6.0
0,238.0,Used,F,16,6.0
0,119.0,Used,F,16,6.0
0,119.0,Used,F,16,6.0
0,15.99,Used,F,16,6.0
0,18.0,Used,F,16,6.0
0,149.0,Used,F,16,6.0
0,79.0,Used,F,16,6.0
0,13.59,Used,F,16,6.0
0,24.6,Unused,F,16,12.48
0,360.0,Unused,F,16,6.0
0,40.55,Unused,F,16,6.0
0,27.2,Unused,F,16,6.0
0,12.79,Unused,F,16,6.0
0,19.99,Unused,F,16,6.0
0,9.49,Unused,F,16,6.0
0,119.0,Unused,F,16,6.0
0,119.0,Unused,F,16,6.0
0,119.0,Unused,F,16,6.0
0,238.0,Unused,F,16,6.0
0,119.0,Unused,F,16,6.0
0,119.0,Unused,F,16,6.0
0,4.08,Unused,F,16,6.0
0,13.59,Unused,F,16,6.0
0,10.63,Unused,F,16,6.0
0,17.2,Unused,F,16,6.0
0,149.0,Unused,F,16,6.0
0,298.0,Unused,F,16,6.0
0,149.0,Unused,F,16,6.0
0,50.71,Unused,F,16,6.0
0,11.76,Unused,F,16,6.0
0,4.8,Unused,F,16,6.0
0,9.51,Unused,F,16,6.0
0,2.99,Unused,F,16,19.99
0,119.0,Unused,F,16,6.0
0,44.0,Unused,F,16,6.0
0,149.0,Unused,F,16,12.99
0,237.0,Unused,F,16,6.0
0,210.0,Used,F,16,20.91
0,14.1,Used,F,16,6.0
0,12.99,Used,F,16,12.99
0,44.2,Used,F,16,6.0
0,9.51,Used,F,16,6.5
0,151.61,Used,F,16,6.5
0,7.6,Used,F,16,6.0
0,48.8,Used,F,16,6.0
0,13.29,Used,F,16,6.0
0,228.0,Used,F,16,6.0
0,33.96,Unused,F,16,12.99
0,630.0,Unused,F,16,20.91
0,27.57,Unused,F,16,6.0
0,103.9,Unused,F,16,13.35
0,288.28,Unused,F,16,6.5
0,655.0,Unused,F,16,6.0
0,228.0,Unused,F,16,6.0
0,316.0,Unused,F,16,6.0
0,50.0,Unused,F,16,0.0
0,12.99,Unused,F,16,6.0
0,421.08,Unused,F,16,20.91
0,21.59,Unused,F,16,6.0
0,27.18,Unused,F,16,6.5
0,395.0,Unused,F,16,6.0
1,55.42,Used,F,16,12.48
0,505.59,Used,F,16,6.5
0,99.9,Used,F,16,6.5
0,34.23,Used,F,16,22.71
0,22.41,Used,F,16,6.0
0,100.91,Used,F,16,6.5
0,100.91,Used,F,16,6.5
0,100.91,Used,F,16,6.5
0,33.14,Used,F,16,6.0
0,20.38,Used,F,16,6.0
0,121.3,Used,F,16,6.5
0,121.3,Used,F,16,6.5
0,121.3,Used,F,16,12.99
0,121.3,Used,F,16,6.5
0,121.3,Used,F,16,6.5
0,121.3,Used,F,16,6.5
0,363.9,Used,F,16,6.5
0,151.88,Used,F,16,6.5
0,151.88,Used,F,16,12.99
0,455.64,Used,F,16,6.5
0,151.88,Used,F,16,6.5
0,40.78,Unused,F,16,6.5
0,17.93,Unused,F,16,6.5
0,19.54,Unused,F,16,6.5
0,169.52,Unused,F,16,12.48
0,202.84,Unused,F,16,12.99
0,202.84,Unused,F,16,12.99
0,99.9,Unused,F,16,6.5
0,86.39,Unused,F,16,22.71
0,79.99,Unused,F,16,6.0
0,22.41,Unused,F,16,6.0
0,48.92,Unused,F,16,6.5
0,19.56,Unused,F,16,6.5
0,2.03,Unused,F,16,6.0
0,19.56,Unused,F,16,12.99
0,97.6,Unused,F,16,12.91
0,121.3,Unused,F,16,6.5
0,121.3,Unused,F,16,6.5
0,121.3,Unused,F,16,6.5
0,121.3,Unused,F,16,12.99
0,121.3,Unused,F,16,6.5
0,121.3,Unused,F,16,6.5
0,121.3,Unused,F,16,12.99
0,121.3,Unused,F,16,6.5
0,121.3,Unused,F,16,6.5
0,485.2,Unused,F,16,12.99
0,121.3,Unused,F,16,12.99
0,11.82,Unused,F,16,12.99
0,151.88,Unused,F,16,6.5
0,151.88,Unused,F,16,6.5
0,241.56,Unused,F,16,6.5
0,151.88,Unused,F,16,6.5
0,4.07,Unused,F,16,6.0
0,202.84,Unused,F,16,6.5
0,811.36,Unused,F,16,12.99
0,121.3,Unused,F,16,6.5
0,121.3,Unused,F,16,12.99
0,151.88,Unused,F,16,6.5
0,151.88,Unused,F,16,6.5
1,34.38,Used,M,31,6.0
0,36.54,Used,M,31,6.0
0,28.0,Used,M,31,6.0
0,199.0,Unused,M,31,6.0
0,25.89,Unused,M,31,6.0
0,60.38,Unused,M,31,6.0
0,13.59,Unused,M,31,6.0
0,74.4,Unused,M,31,6.0
0,238.0,Unused,M,31,6.0
0,15.19,Unused,M,31,6.0
0,4.08,Unused,M,31,6.0
0,79.0,Unused,M,31,6.0
0,149.0,Unused,M,31,6.0
1,16.95,Used,M,22,6.5
0,119.0,Used,M,22,20.85
0,298.0,Used,M,22,6.5
0,298.0,Used,M,22,6.5
0,10.99,Unused,M,22,6.5
0,52.07,Unused,M,22,6.5
0,119.0,Unused,M,22,6.5
0,119.0,Unused,M,22,6.5
0,238.0,Unused,M,22,6.5
0,119.0,Unused,M,22,6.5
0,149.0,Unused,M,22,6.5
0,149.0,Unused,M,22,6.5
1,99.5,Used,M,24,6.5
0,259.85,Unused,M,24,6.5
1,18.96,Unused,M,24,6.0
0,119.0,Unused,M,24,6.0
1,13.59,Used,F,49,6.0
0,19.99,Unused,F,49,6.5
0,7.6,Unused,F,49,6.0
0,13.29,Unused,F,49,6.0
0,7.6,Unused,F,49,6.5
1,14.78,Used,F,20,6.0
0,23.44,Unused,F,20,6.0
1,3.99,Used,F,9,6.0
1,16.0,Used,F,9,6.0
0,36.58,Unused,F,9,6.0
0,12.0,Unused,F,9,6.0
1,79.0,Used,F,9,6.0
0,6.99,Unused,F,9,6.0
1,15.98,Used,F,12,26.43
0,99.99,Used,F,12,6.5
0,1.99,Used,F,12,20.0
0,35.2,Used,F,12,6.5
0,238.0,Used,F,12,6.5
0,15.99,Used,F,12,6.5
0,31.18,Used,F,12,6.5
0,149.0,Used,F,12,6.5
0,75.18,Unused,F,12,6.5
0,238.0,Unused,F,12,6.5
0,18.99,Unused,F,12,6.5
0,19.99,Unused,F,12,6.5
0,79.0,Unused,F,12,26.43
0,158.0,Unused,F,12,6.5
0,16.99,Unused,F,12,6.5
0,149.0,Unused,F,12,6.5
0,149.0,Unused,F,12,6.5
0,23.09,Unused,F,12,26.43
0,44.79,Unused,F,12,6.5
0,51.99,Unused,F,12,6.5
0,119.0,Unused,F,12,6.5
0,15.98,Used,F,12,6.5
0,48.94,Used,F,12,44.06
0,158.0,Used,F,12,6.5
0,104.0,Used,F,12,8.7
0,149.0,Used,F,12,6.5
0,101.9,Unused,F,12,44.06
0,8.99,Unused,F,12,6.5
0,119.0,Unused,F,12,6.5
0,21.99,Unused,F,12,6.5
0,238.0,Unused,F,12,6.5
1,6.99,Unused,F,12,6.0
1,15.96,Used,F,12,6.0
0,199.0,Used,F,12,6.0
0,398.0,Used,F,12,6.0
0,19.99,Used,F,12,6.0
0,11.48,Used,F,12,6.0
0,79.0,Used,F,12,6.0
0,79.0,Used,F,12,6.0
0,398.0,Used,F,12,8.7
0,9.6,Unused,F,12,6.0
0,20.89,Unused,F,12,6.0
0,119.0,Unused,F,12,6.0
0,119.0,Unused,F,12,6.0
0,119.0,Unused,F,12,6.0
0,119.0,Unused,F,12,6.0
0,13.59,Unused,F,12,6.0
0,149.0,Unused,F,12,6.0
0,79.0,Unused,F,12,6.0
0,119.0,Unused,F,12,6.0
0,5.7,Unused,F,12,6.0
0,149.0,Unused,F,12,6.0
0,41.99,Unused,F,12,6.0
0,64.8,Used,F,12,26.43
0,398.0,Used,F,12,6.0
0,28.0,Unused,F,12,26.43
0,23.96,Unused,F,12,6.0
0,19.99,Unused,F,12,6.0
0,149.0,Unused,F,12,6.0
1,13.48,Used,F,12,6.0
0,10.99,Unused,F,12,6.0
1,44.79,Used,M,12,12.48
0,35.85,Used,M,12,58.49
0,31.98,Used,M,12,6.0
0,24.22,Used,M,12,6.5
0,395.0,Used,M,12,6.0
0,298.0,Used,M,12,6.0
0,149.0,Used,M,12,6.0
0,33.59,Unused,M,12,6.0
0,33.59,Unused,M,12,6.5
0,59.75,Unused,M,12,58.49
0,313.53,Unused,M,12,12.48
0,383.2,Unused,M,12,21.92
0,35.25,Unused,M,12,6.5
0,132.59,Unused,M,12,6.0
0,1209.0,Unused,M,12,6.0
0,119.0,Unused,M,12,6.0
0,43.98,Unused,M,12,6.0
0,59.99,Unused,M,12,6.0
0,149.0,Unused,M,12,6.0
0,158.0,Unused,M,12,6.0
0,149.0,Unused,M,12,12.99
0,119.0,Unused,M,12,6.0
0,119.0,Unused,M,12,6.0
0,15.19,Unused,M,12,6.5
0,149.0,Unused,M,12,6.0
1,11.19,Used,M,12,6.0
0,149.0,Used,M,12,6.5
0,113.62,Unused,M,12,6.0
0,149.0,Unused,M,12,6.0
0,11.19,Unused,M,12,6.0
0,119.0,Unused,M,12,6.0
1,44.8,Used,F,29,6.5
0,31.17,Used,F,29,6.5
0,19.98,Used,F,29,6.0
0,44.07,Used,F,29,6.0
0,30.28,Used,F,29,6.0
0,149.0,Used,F,29,6.0
0,79.0,Used,F,29,6.0
0,22.4,Unused,F,29,6.5
0,46.18,Unused,F,29,6.0
0,16.79,Unused,F,29,6.0
0,119.0,Unused,F,29,6.0
0,15.99,Unused,F,29,6.0
0,18.99,Unused,F,29,6.0
0,21.26,Unused,F,29,6.5
0,2.0,Unused,F,29,6.0
0,17.8,Unused,F,29,6.0
0,15.39,Unused,F,29,6.0
0,44.76,Unused,F,29,6.5
0,298.0,Unused,F,29,12.99
1,151.88,Used,M,4,6.5
0,121.3,Unused,M,4,6.5
1,14.02,Used,F,28,6.5
1,76.73,Used,F,28,12.48
1,238.0,Used,F,13,6.5
0,228.0,Used,F,13,6.5
0,54.36,Used,F,13,6.5
0,16.58,Unused,F,13,6.5
0,56.26,Unused,F,13,6.5
0,24.78,Unused,F,13,6.5
0,19.99,Unused,F,13,6.5
0,119.0,Unused,F,13,6.5
0,237.0,Unused,F,13,6.5
0,81.54,Unused,F,13,6.5
0,149.0,Unused,F,13,6.5
0,149.0,Unused,F,13,6.5
0,12.99,Unused,F,13,6.5
0,2.99,Unused,F,13,6.5
0,27.18,Unused,F,13,6.5
0,149.0,Unused,F,13,6.5
1,60.97,Used,M,26,42.67
0,5.99,Used,M,26,6.5
0,47.17,Used,M,26,6.5
0,298.0,Used,M,26,8.7
0,298.0,Used,M,26,8.7
0,39.98,Used,M,26,42.67
0,119.0,Used,M,26,6.5
0,119.0,Used,M,26,6.5
0,16.99,Used,M,26,42.67
0,237.0,Used,M,26,19.02
0,13.59,Used,M,26,6.5
0,13.59,Used,M,26,6.5
0,9.95,Unused,M,26,42.67
0,51.17,Unused,M,26,6.5
0,7.5,Unused,M,26,42.67
0,62.38,Unused,M,26,6.5
0,2.99,Unused,M,26,6.5
0,119.0,Unused,M,26,6.5
0,298.0,Unused,M,26,8.7
0,387.0,Unused,M,26,6.5
0,35.98,Unused,M,26,42.67
0,18.99,Unused,M,26,42.67
0,18.99,Unused,M,26,42.67
0,298.0,Unused,M,26,6.5
0,149.0,Unused,M,26,6.5
0,18.99,Unused,M,26,6.5
0,447.0,Unused,M,26,8.7
0,119.0,Unused,M,26,6.5
0,84.98,Unused,M,26,42.67
0,15.99,Unused,M,26,6.5
1,17.58,Used,M,26,6.0
0,10.39,Used,M,26,6.0
0,471.41,Used,M,26,21.92
0,238.0,Used,M,26,6.0
0,119.0,Used,M,26,12.99
0,37.6,Used,M,26,6.0
0,13.59,Used,M,26,6.5
0,149.0,Used,M,26,6.0
0,15.19,Unused,M,26,6.0
0,21.26,Unused,M,26,6.0
0,23.0,Unused,M,26,6.0
0,125.7,Unused,M,26,6.0
0,184.7,Unused,M,26,13.38
0,18.47,Unused,M,26,21.92
0,76.78,Unused,M,26,6.0
0,7.6,Unused,M,26,6.0
0,119.0,Unused,M,26,6.0
0,317.0,Unused,M,26,12.99
0,119.0,Unused,M,26,6.0
0,13.59,Unused,M,26,6.0
0,16.99,Unused,M,26,12.99
0,149.0,Unused,M,26,6.0
0,55.96,Unused,M,26,6.5
0,298.0,Unused,M,26,6.0
0,199.0,Unused,M,26,8.7
0,14.69,Unused,M,26,12.99
0,119.0,Unused,M,26,6.0
0,119.0,Unused,M,26,6.0
0,10.63,Unused,M,26,6.5
0,312.0,Unused,M,26,8.7
0,12.31,Unused,M,26,6.0
0,149.0,Unused,M,26,12.99
1,45.97,Used,F,4,6.0
0,2.99,Used,F,4,6.0
0,159.0,Used,F,4,22.71
0,2.99,Used,F,4,6.0
0,13.99,Used,F,4,6.0
0,13.59,Used,F,4,6.0
0,84.92,Unused,F,4,6.0
0,34.44,Unused,F,4,6.0
0,12.96,Unused,F,4,6.0
0,139.65,Unused,F,4,19.99
0,2.99,Unused,F,4,6.0
0,447.0,Unused,F,4,19.99
0,2.99,Unused,F,4,6.0
0,139.65,Unused,F,4,19.99
0,1.99,Unused,F,4,6.0
0,47.56,Unused,F,4,6.0
0,39.98,Unused,F,4,6.0
1,111.98,Used,F,7,6.5
0,65.47,Used,F,7,13.75
0,239.8,Used,F,7,14.42
0,15.9,Unused,F,7,13.75
0,79.19,Unused,F,7,6.5
0,67.0,Unused,F,7,14.42
0,30.39,Unused,F,7,6.0
0,119.0,Unused,F,7,6.0
0,158.0,Unused,F,7,6.0
0,383.7,Unused,F,7,32.08
1,119.0,Used,M,41,6.5
0,238.0,Unused,M,41,6.5
1,19.98,Used,F,31,6.0
0,249.4,Used,F,31,6.0
0,49.58,Used,F,31,6.5
0,54.85,Used,F,31,6.0
0,11.75,Used,F,31,6.0
0,16.79,Used,F,31,6.0
0,3.98,Used,F,31,6.0
0,19.99,Used,F,31,6.0
0,13.29,Used,F,31,6.0
0,149.0,Used,F,31,6.0
0,30.38,Used,F,31,12.91
0,30.79,Used,F,31,6.0
0,149.0,Used,F,31,6.0
0,229.26,Unused,F,31,6.0
0,7.96,Unused,F,31,6.0
0,100.77,Unused,F,31,6.5
0,111.98,Unused,F,31,12.91
0,98.24,Unused,F,31,6.0
0,528.8,Unused,F,31,6.0
0,29.38,Unused,F,31,6.0
0,13.99,Unused,F,31,6.0
0,31.99,Unused,F,31,6.0
0,42.62,Unused,F,31,6.0
0,9.99,Unused,F,31,6.0
0,149.0,Unused,F,31,8.7
0,238.0,Unused,F,31,6.0
0,26.38,Unused,F,31,6.0
0,149.0,Unused,F,31,6.0
0,199.4,Unused,F,31,6.0
0,39.9,Unused,F,31,6.0
0,39.19,Unused,F,31,6.0
0,16.99,Unused,F,31,6.0
1,79.99,Used,F,31,6.0
0,12.99,Used,F,31,6.0
0,394.94,Used,F,31,6.0
0,357.0,Used,F,31,6.0
0,66.06,Used,F,31,6.0
0,395.0,Used,F,31,12.99
0,79.0,Used,F,31,6.0
0,298.0,Used,F,31,6.0
0,24.98,Unused,F,31,6.0
0,24.62,Unused,F,31,6.0
0,79.98,Unused,F,31,6.0
0,17.6,Unused,F,31,6.0
0,238.0,Unused,F,31,6.0
0,119.0,Unused,F,31,6.0
0,119.0,Unused,F,31,6.0
0,119.0,Unused,F,31,6.0
0,238.0,Unused,F,31,6.0
0,34.99,Unused,F,31,6.0
0,18.99,Unused,F,31,6.0
0,149.0,Unused,F,31,6.0
0,298.0,Unused,F,31,6.0
0,79.98,Unused,F,31,6.0
0,18.99,Unused,F,31,6.0
0,15.39,Unused,F,31,6.0
0,13.58,Used,F,31,6.0
0,18.99,Used,F,31,6.0
0,34.4,Used,F,31,6.0
0,19.99,Used,F,31,20.85
0,526.0,Used,F,31,6.0
0,15.39,Used,F,31,6.0
0,28.76,Unused,F,31,6.0
0,32.39,Unused,F,31,6.0
0,15.36,Unused,F,31,6.0
0,64.08,Unused,F,31,6.0
0,396.0,Unused,F,31,6.0
0,119.0,Unused,F,31,6.0
0,28.0,Unused,F,31,20.85
0,298.0,Unused,F,31,6.0
0,298.0,Unused,F,31,6.0
0,7.2,Unused,F,31,6.0
0,198.0,Unused,F,31,6.0
1,4.5,Used,F,31,6.0
0,7.6,Used,F,31,6.0
0,31.19,Used,F,31,6.0
0,82.28,Unused,F,31,6.0
0,53.5,Unused,F,31,6.0
0,2.39,Unused,F,31,6.0
0,119.0,Unused,F,31,6.0
0,13.59,Unused,F,31,6.0
1,10.99,Used,F,28,6.0
0,19.19,Used,F,28,6.0
0,149.0,Used,F,28,12.99
0,13.99,Unused,F,28,6.0
1,3.98,Used,F,28,6.0
0,36.87,Used,F,28,6.0
0,16.79,Unused,F,28,6.0
0,18.99,Unused,F,28,6.0
0,18.99,Unused,F,28,6.0
0,6.99,Unused,F,28,6.0
0,3.0,Used,F,28,6.0
0,3.5,Unused,F,28,6.0
0,3.0,Unused,F,28,6.0
0,2.99,Unused,F,28,6.0
1,23.17,Used,M,16,6.5
0,149.0,Used,M,16,6.5
0,38.37,Unused,M,16,6.5
0,6.39,Unused,M,16,6.5
0,119.0,Unused,M,16,6.5
0,238.0,Unused,M,16,6.5
0,15.19,Unused,M,16,6.5
0,149.0,Unused,M,16,6.5
0,7.99,Unused,M,16,6.5
0,155.85,Used,M,16,16.1
0,28.0,Unused,M,16,16.1
1,40.97,Unused,M,16,6.0
1,6.48,Used,M,16,12.99
0,37.75,Used,M,16,12.99
0,199.0,Used,M,16,6.0
0,76.91,Used,M,16,6.0
0,99.0,Used,M,16,6.0
0,297.0,Used,M,16,12.99
0,297.0,Used,M,16,6.0
0,99.0,Used,M,16,6.0
0,99.0,Used,M,16,6.0
0,3.99,Used,M,16,6.0
0,1.99,Used,M,16,6.0
0,238.0,Used,M,16,12.99
0,119.0,Used,M,16,6.0
0,44.0,Used,M,16,6.0
0,349.0,Used,M,16,6.0
0,596.0,Used,M,16,6.0
0,10.5,Unused,M,16,6.0
0,99.0,Unused,M,16,6.0
0,99.0,Unused,M,16,6.0
0,99.0,Unused,M,16,6.0
0,198.0,Unused,M,16,6.0
0,6.97,Unused,M,16,6.0
0,287.4,Unused,M,16,39.46
0,203.8,Unused,M,16,34.16
0,95.8,Unused,M,16,23.17
0,25.47,Unused,M,16,12.99
0,1759.0,Unused,M,16,37.04
0,24.99,Unused,M,16,6.0
0,4.56,Unused,M,16,6.0
0,279.0,Unused,M,16,6.0
0,37.2,Unused,M,16,6.0
0,119.0,Unused,M,16,6.0
0,13.59,Unused,M,16,6.0
0,398.0,Unused,M,16,6.0
0,5.98,Unused,M,16,12.99
0,2.39,Unused,M,16,6.0
0,349.0,Unused,M,16,6.0
0,149.0,Unused,M,16,6.0
0,79.0,Unused,M,16,6.0
0,149.0,Unused,M,16,6.0
0,149.0,Unused,M,16,6.0
1,13.98,Used,F,24,6.0
0,13.99,Used,F,24,6.0
0,357.0,Unused,F,24,6.0
0,149.0,Unused,F,24,6.0
0,10.63,Unused,F,24,6.0
1,15.39,Unused,F,24,6.0
1,0.4,Used,F,24,6.0
0,2.39,Unused,F,24,6.0
1,119.0,Unused,M,31,6.5
0,79.0,Unused,M,31,6.5
0,8.79,Unused,M,31,6.5
1,30.38,Unused,M,31,6.0
0,13.59,Unused,M,31,6.0
0,4.49,Unused,M,31,6.0
0,11.96,Unused,M,31,6.0
1,19.99,Unused,M,31,6.0
0,15.99,Unused,M,31,6.0
0,149.0,Unused,M,31,6.0
1,158.0,Unused,F,40,6.0
0,13.59,Unused,F,40,6.0
1,10.5,Used,F,7,6.0
1,12.0,Used,F,45,6.0
0,14.69,Unused,F,45,6.0
1,42.39,Used,F,7,6.5
0,1.23,Unused,F,7,6.5
1,204.27,Used,M,42,6.5
0,245.54,Unused,M,42,6.5
0,245.54,Unused,M,42,6.5
0,327.04,Unused,M,42,6.5
0,245.54,Used,M,42,6.5
0,122.77,Used,M,42,6.5
0,276.48,Used,M,42,6.5
0,153.71,Used,M,42,6.5
0,28.87,Unused,M,42,6.5
0,122.77,Unused,M,42,6.5
0,81.5,Unused,M,42,6.5
0,153.71,Unused,M,42,6.5
0,122.77,Unused,M,42,6.5
1,67.19,Used,M,42,6.5
0,21.99,Used,M,42,6.5
0,149.0,Used,M,42,6.5
0,6.36,Unused,M,42,6.5
0,119.0,Unused,M,42,6.5
0,175.92,Unused,M,42,6.5
0,21.99,Unused,M,42,6.5
0,79.0,Unused,M,42,6.5
0,43.98,Unused,M,42,6.5
1,5.05,Used,M,42,6.0
0,44.82,Used,M,42,6.5
0,121.3,Used,M,42,6.5
0,3.47,Used,M,42,6.5
0,22.41,Unused,M,42,6.0
0,53.79,Unused,M,42,6.5
0,20.87,Unused,M,42,6.0
0,35.86,Unused,M,42,6.5
0,4.58,Unused,M,42,6.0
0,154.32,Unused,M,42,6.5
0,121.3,Unused,M,42,6.5
0,303.76,Unused,M,42,6.5
1,153.71,Used,M,41,6.5
0,7.42,Unused,M,41,6.5
1,17.98,Used,M,2,6.5
0,23.99,Used,M,2,6.5
0,31.98,Used,M,2,6.5
0,24.99,Used,M,2,6.5
0,23.99,Unused,M,2,6.5
0,36.96,Unused,M,2,6.5
0,238.0,Unused,M,2,6.5
0,2.99,Unused,M,2,6.5
1,131.96,Used,F,50,6.46
0,10.5,Used,F,50,6.48
0,65.98,Unused,F,50,6.46
0,14.0,Unused,F,50,6.48
0,24.99,Unused,F,50,6.5
0,40.77,Unused,F,50,6.51
0,65.98,Unused,F,50,6.46
0,24.99,Unused,F,50,6.5
0,3.5,Unused,F,50,6.48
1,35.86,Used,F,50,6.5
0,22.41,Used,F,50,6.0
0,61.15,Used,F,50,6.0
0,2.44,Used,F,50,6.5
0,121.3,Used,F,50,6.5
0,242.6,Used,F,50,6.5
0,151.88,Used,F,50,6.5
0,151.88,Used,F,50,6.5
0,10.18,Unused,F,50,6.0
0,405.68,Unused,F,50,6.5
0,202.84,Unused,F,50,6.5
0,202.84,Unused,F,50,6.5
0,202.84,Unused,F,50,6.5
0,363.88,Unused,F,50,6.5
0,202.84,Unused,F,50,6.5
0,100.91,Unused,F,50,6.5
0,100.91,Unused,F,50,6.5
0,201.82,Unused,F,50,6.5
0,355.74,Unused,F,50,6.5
0,151.88,Unused,F,50,6.5
0,303.76,Unused,F,50,6.5
0,5.09,Unused,F,50,6.0
0,4.87,Unused,F,50,6.5
1,21.51,Used,F,9,12.91
0,5.5,Used,F,9,6.0
0,149.0,Used,F,9,6.0
0,198.0,Unused,F,9,6.0
0,99.0,Unused,F,9,6.0
0,2.39,Unused,F,9,12.91
0,623.0,Unused,F,9,6.0
0,79.0,Unused,F,9,6.0
0,199.0,Unused,F,9,8.7
0,0.99,Unused,F,9,6.0
0,2.39,Unused,F,9,12.91
1,90.15,Used,F,19,14.85
0,68.11,Unused,F,19,14.85
0,33.98,Unused,F,19,6.0
1,47.85,Used,F,7,13.78
0,2.5,Used,F,7,6.5
0,149.0,Used,F,7,6.5
0,71.9,Unused,F,7,20.74
0,238.0,Unused,F,7,6.5
0,7.98,Unused,F,7,6.5
0,238.0,Unused,F,7,6.5
0,15.19,Unused,F,7,13.78
0,149.0,Unused,F,7,6.5
1,2.39,Used,F,7,6.0
0,336.0,Used,F,7,101.26
0,119.7,Used,F,7,109.91
0,238.0,Used,F,7,6.0
0,238.0,Used,F,7,6.0
0,13.29,Used,F,7,6.0
0,149.0,Used,F,7,6.0
0,79.0,Used,F,7,6.0
0,298.0,Used,F,7,6.0
0,755.3,Unused,F,7,101.26
0,19.98,Unused,F,7,6.0
0,6.66,Unused,F,7,6.0
0,167.7,Unused,F,7,109.91
0,238.0,Unused,F,7,12.48
0,16.56,Unused,F,7,6.0
0,149.0,Unused,F,7,6.0
0,11.4,Unused,F,7,6.0
0,119.0,Unused,F,7,6.0
1,17.88,Used,F,7,6.0
0,12.99,Used,F,7,6.0
0,21.0,Used,F,7,6.0
0,1.99,Unused,F,7,6.0
0,279.0,Unused,F,7,6.0
0,119.0,Unused,F,7,6.0
0,22.0,Unused,F,7,6.0
0,199.0,Unused,F,7,6.0
0,23.0,Unused,F,7,6.0
0,3.99,Unused,F,7,6.0
0,119.0,Unused,F,7,6.0
1,215.15,Used,M,41,14.96
0,10.99,Used,M,41,6.0
0,34.99,Used,M,41,6.0
0,149.0,Used,M,41,6.0
0,463.96,Unused,M,41,14.96
0,19.99,Unused,M,41,6.0
0,105.54,Unused,M,41,14.96
0,79.0,Unused,M,41,6.0
1,128.8,Used,M,41,18.12
0,79.99,Used,M,41,6.0
0,59.97,Used,M,41,6.5
0,97.02,Used,M,41,19.99
0,349.0,Used,M,41,6.0
0,3.19,Unused,M,41,6.0
0,42.0,Unused,M,41,18.12
0,15.99,Unused,M,41,6.0
0,100.06,Unused,M,41,19.99
0,238.0,Unused,M,41,6.0
0,119.0,Unused,M,41,19.99
0,149.0,Unused,M,41,6.0
0,41.99,Unused,M,41,6.0
0,307.0,Unused,M,41,6.0
0,149.0,Unused,M,41,6.0
0,22.0,Unused,M,41,19.99
1,2.8,Used,M,41,6.0
0,23.17,Used,M,41,6.0
0,42.0,Used,M,41,6.0
0,15.76,Used,M,41,6.0
0,33.33,Unused,M,41,6.0
0,9.12,Unused,M,41,6.0
0,2.39,Unused,M,41,6.0
0,18.99,Unused,M,41,6.0
0,158.0,Unused,M,41,19.99
0,23.76,Unused,M,41,6.0
0,12.78,Unused,M,41,6.0
0,79.0,Unused,M,41,19.99
1,6.98,Unused,M,41,6.0
0,149.0,Unused,M,41,6.0
1,131.7,Used,F,37,12.99
0,55.99,Used,F,37,6.0
0,16.94,Used,F,37,6.0
0,357.0,Used,F,37,6.0
0,15.02,Unused,F,37,6.0
0,12.0,Unused,F,37,12.99
0,460.2,Unused,F,37,106.38
0,238.0,Unused,F,37,6.0
0,685.0,Unused,F,37,6.0
0,307.0,Unused,F,37,6.0
0,149.0,Unused,F,37,6.0
0,44.55,Unused,F,37,6.0
0,68.05,Unused,F,37,6.0
0,149.0,Unused,F,37,6.0
0,149.0,Unused,F,37,6.0
1,41.27,Used,F,37,12.91
0,299.75,Used,F,37,16.1
0,29.58,Used,F,37,6.0
0,77.0,Unused,F,37,16.1
0,30.79,Unused,F,37,6.0
0,23.58,Unused,F,37,12.91
0,149.0,Unused,F,37,6.0
0,73.8,Unused,F,37,12.91
0,39.9,Unused,F,37,16.1
0,15.19,Unused,F,37,6.0
1,99.5,Used,M,20,6.0
0,24.22,Used,M,20,6.0
0,13.59,Used,M,20,12.99
0,238.0,Used,M,20,6.0
0,33.98,Used,M,20,6.0
0,199.73,Unused,M,20,6.0
0,597.0,Unused,M,20,12.99
0,735.5,Unused,M,20,6.0
0,238.0,Unused,M,20,6.0
0,19.27,Unused,M,20,6.0
0,12.0,Unused,M,20,6.0
0,149.0,Unused,M,20,6.0
0,149.5,Unused,M,20,6.0
0,13.59,Unused,M,20,6.0
1,17.93,Used,M,20,6.5
0,18.32,Used,M,20,6.0
0,355.74,Used,M,20,6.5
0,151.88,Used,M,20,19.99
0,71.34,Unused,M,20,6.0
0,17.93,Unused,M,20,6.5
0,131.27,Unused,M,20,6.5
0,558.58,Unused,M,20,19.99
0,201.82,Unused,M,20,6.5
0,8.16,Unused,M,20,6.5
0,360.62,Unused,M,20,6.5
0,121.3,Unused,M,20,6.5
0,121.3,Unused,M,20,6.5
0,151.88,Unused,M,20,6.5
0,151.88,Unused,M,20,6.5
0,151.88,Unused,M,20,6.5
0,1.01,Unused,M,20,6.0
0,242.6,Unused,M,20,6.5
0,34.7,Unused,M,20,6.5
1,149.0,Used,F,44,6.0
0,10.5,Unused,F,44,6.0
0,158.0,Unused,F,44,6.0
0,237.0,Unused,F,44,6.0
0,79.0,Unused,F,44,6.0
1,122.77,Used,M,49,6.5
0,21.65,Unused,M,49,6.5
0,18.55,Unused,M,49,6.5
0,235.21,Unused,M,49,6.5
0,153.71,Unused,M,49,6.5
0,153.71,Unused,M,49,6.5
0,2.05,Unused,M,49,6.5
0,2.05,Unused,M,49,6.5
0,122.77,Unused,M,49,6.5
0,235.21,Unused,M,49,6.5
1,1.99,Used,M,49,6.5
0,1.5,Used,M,49,6.5
0,79.0,Used,M,49,6.5
0,38.36,Unused,M,49,6.5
0,119.0,Unused,M,49,6.5
0,237.0,Unused,M,49,6.5
0,596.0,Unused,M,49,6.5
0,17.58,Unused,M,49,6.5
0,149.0,Unused,M,49,6.5
1,22.96,Used,M,49,6.0
0,60.98,Unused,M,49,6.0
1,27.19,Used,M,49,6.0
0,15.19,Used,M,49,6.0
0,26.3,Unused,M,49,6.0
0,27.18,Unused,M,49,6.0
1,199.0,Unused,M,49,19.99
1,394.48,Used,M,49,6.5
0,402.6,Unused,M,49,19.99
0,405.68,Unused,M,49,19.99
1,119.0,Unused,M,11,6.0
0,395.0,Unused,M,11,6.0
0,149.0,Unused,M,11,6.0
1,79.0,Used,F,23,6.0
0,13.59,Unused,F,23,6.0
1,18.21,Used,F,22,6.0
0,43.49,Used,F,22,6.0
0,66.45,Used,F,22,6.0
0,9.51,Used,F,22,6.0
0,13.29,Used,F,22,6.0
0,10.99,Unused,F,22,6.0
0,8.78,Unused,F,22,6.0
0,79.99,Unused,F,22,6.0
0,23.96,Unused,F,22,6.0
0,4.56,Unused,F,22,6.0
0,4.8,Unused,F,22,6.0
0,28.88,Unused,F,22,6.0
0,31.89,Unused,F,22,6.0
0,20.99,Unused,F,22,6.0
0,149.0,Unused,F,22,6.0
0,2.39,Unused,F,22,6.0
0,238.0,Unused,F,22,6.0
1,25.0,Used,F,17,6.0
0,26.38,Used,F,17,6.0
0,19.95,Used,F,17,19.99
0,159.5,Used,F,17,53.78
0,23.98,Used,F,17,6.0
0,7.99,Used,F,17,6.0
0,149.0,Used,F,17,8.7
0,19.19,Unused,F,17,6.5
0,13.02,Unused,F,17,6.0
0,19.19,Unused,F,17,6.5
0,8.99,Unused,F,17,6.0
0,57.17,Unused,F,17,6.0
0,164.92,Unused,F,17,6.0
0,25.64,Unused,F,17,6.0
0,19.95,Unused,F,17,19.99
0,15.99,Unused,F,17,6.0
0,44.61,Unused,F,17,6.0
0,396.0,Unused,F,17,6.0
0,119.0,Unused,F,17,6.0
0,53.19,Unused,F,17,6.0
0,119.0,Unused,F,17,6.0
0,119.0,Unused,F,17,19.99
0,119.98,Unused,F,17,6.5
0,15.99,Unused,F,17,6.0
0,149.0,Unused,F,17,6.0
0,199.86,Unused,F,17,6.0
0,59.75,Unused,F,17,6.0
0,11.18,Unused,F,17,6.0
0,3.99,Unused,F,17,6.0
0,25.82,Unused,F,17,6.0
0,11.96,Unused,F,17,6.0
0,149.0,Unused,F,17,6.0
1,10.63,Used,F,29,6.5
0,23.98,Used,F,29,49.73
0,79.0,Used,F,29,6.0
0,395.0,Used,F,29,6.0
0,30.0,Used,F,29,6.0
0,13.29,Unused,F,29,6.0
0,10.63,Unused,F,29,6.5
0,16.99,Unused,F,29,6.0
0,89.39,Unused,F,29,49.73
0,238.0,Unused,F,29,6.0
0,60.79,Unused,F,29,6.5
0,8.8,Unused,F,29,6.0
0,149.0,Unused,F,29,6.0
0,237.0,Unused,F,29,6.0
0,13.59,Unused,F,29,6.0
1,35.86,Used,F,29,6.5
0,320.06,Used,F,29,6.5
0,121.3,Used,F,29,6.5
0,151.88,Unused,F,29,6.5
0,17.93,Unused,F,29,6.5
0,100.91,Unused,F,29,6.5
1,57.76,Used,F,8,6.5
0,122.77,Used,F,8,6.5
0,14.02,Used,F,8,106.0
0,25.78,Unused,F,8,6.5
0,327.64,Unused,F,8,6.5
0,140.2,Unused,F,8,106.0
0,307.42,Unused,F,8,6.5
0,307.42,Unused,F,8,6.5
0,46.21,Unused,F,8,6.5
0,70.1,Unused,F,8,106.0
1,1.99,Used,F,8,6.0
0,19.19,Used,F,8,6.5
0,11.99,Used,F,8,6.0
0,9.91,Used,F,8,6.0
0,119.0,Used,F,8,6.0
0,30.38,Used,F,8,6.0
0,26.4,Used,F,8,6.0
0,28.82,Unused,F,8,6.0
0,23.82,Unused,F,8,6.0
0,59.97,Unused,F,8,6.0
0,4.56,Unused,F,8,6.0
0,317.0,Unused,F,8,6.0
0,10.63,Unused,F,8,6.0
0,13.59,Unused,F,8,6.5
0,298.0,Unused,F,8,6.0
1,28.59,Used,F,8,6.0
0,698.0,Used,F,8,6.0
0,349.0,Used,F,8,6.0
0,161.48,Unused,F,8,6.0
0,1590.0,Unused,F,8,6.0
0,198.0,Unused,F,8,6.0
1,55.99,Used,F,32,6.0
0,357.0,Used,F,32,6.0
0,149.0,Used,F,32,6.0
0,79.0,Used,F,32,6.0
0,298.0,Used,F,32,6.0
0,149.0,Used,F,32,6.5
0,161.5,Unused,F,32,6.5
0,88.0,Unused,F,32,6.0
0,558.0,Unused,F,32,6.0
0,15.99,Unused,F,32,6.5
0,13.59,Unused,F,32,6.0
0,31.98,Unused,F,32,6.5
1,100.91,Unused,F,32,6.5
1,2.05,Used,F,21,6.5
0,122.77,Used,F,21,6.5
0,14.02,Used,F,21,6.5
0,11.34,Unused,F,21,6.5
0,245.54,Unused,F,21,6.5
0,39.6,Used,F,21,6.5
0,46.21,Used,F,21,6.5
0,46.21,Used,F,21,6.5
0,68.06,Used,F,21,35.3
0,4.08,Unused,F,21,6.5
0,27.83,Unused,F,21,35.3
0,19.59,Unused,F,21,6.5
0,14.02,Unused,F,21,6.5
0,61.88,Unused,F,21,18.47
0,15.67,Unused,F,21,6.5
0,2.05,Unused,F,21,6.5
0,25.78,Unused,F,21,35.3
1,21.99,Used,F,21,6.5
0,129.48,Used,F,21,12.91
0,119.0,Used,F,21,6.5
0,1.99,Unused,F,21,6.5
0,6.36,Unused,F,21,12.91
0,119.0,Unused,F,21,6.5
0,447.0,Unused,F,21,6.5
0,149.0,Unused,F,21,6.5
0,2.39,Unused,F,21,12.91
0,149.0,Unused,F,21,6.5
1,6.69,Used,F,21,6.0
0,18.38,Unused,F,21,6.0
0,2.8,Unused,F,21,49.73
0,24.99,Used,F,21,6.0
0,149.0,Used,F,21,6.0
0,14.38,Unused,F,21,6.0
0,89.7,Unused,F,21,12.99
0,149.0,Unused,F,21,6.0
0,79.0,Unused,F,21,6.0
0,158.0,Unused,F,21,6.0
0,221.9,Used,F,21,12.91
0,2.51,Used,F,21,6.0
0,5.59,Used,F,21,34.94
0,12.54,Unused,F,21,6.0
0,383.7,Unused,F,21,49.5
0,91.14,Unused,F,21,12.91
0,595.0,Unused,F,21,12.91
0,8.79,Unused,F,21,6.0
0,119.0,Used,F,21,6.0
0,199.0,Unused,F,21,6.0
0,316.0,Unused,F,21,6.0
0,79.0,Unused,F,21,6.0
0,395.0,Unused,F,21,6.0
1,7.99,Used,F,29,6.0
0,19.19,Used,F,29,6.0
0,238.0,Used,F,29,6.0
0,41.68,Used,F,29,6.0
0,4.8,Used,F,29,6.0
0,596.0,Used,F,29,6.0
0,91.18,Unused,F,29,6.0
0,17.2,Unused,F,29,6.0
0,357.0,Unused,F,29,6.0
0,119.0,Unused,F,29,6.0
0,16.79,Unused,F,29,6.0
0,149.0,Unused,F,29,6.0
0,16.99,Used,F,29,6.0
0,28.28,Unused,F,29,6.0
0,238.0,Unused,F,29,6.0
1,199.98,Used,F,29,6.0
0,79.0,Used,F,29,6.0
0,122.99,Unused,F,29,6.0
0,99.0,Unused,F,29,6.0
0,302.59,Unused,F,29,6.0
0,79.0,Unused,F,29,6.0
1,3.61,Used,F,6,6.5
0,2.47,Used,F,6,6.5
0,252.11,Used,F,6,6.5
0,122.77,Used,F,6,6.5
0,14.02,Used,F,6,6.5
0,209.42,Unused,F,6,6.5
0,9.88,Unused,F,6,6.5
0,21.64,Unused,F,6,6.5
0,122.77,Unused,F,6,6.5
0,254.67,Unused,F,6,64.01
0,28.04,Unused,F,6,6.5
0,153.71,Unused,F,6,6.5
0,43.92,Unused,F,6,64.01
0,123.38,Unused,F,6,6.5
1,1.99,Used,F,6,6.5
0,158.0,Used,F,6,6.5
1,50.76,Used,F,25,6.0
0,19.99,Used,F,25,30.0
0,238.0,Used,F,25,6.0
0,16.99,Used,F,25,6.0
0,79.99,Unused,F,25,6.0
0,4.79,Unused,F,25,6.0
0,12.98,Unused,F,25,6.0
0,237.0,Unused,F,25,6.0
1,39.12,Used,M,29,6.5
0,30.97,Used,M,29,6.5
0,186.11,Used,M,29,6.5
0,22.41,Used,M,29,6.0
0,17.32,Used,M,29,6.0
0,100.91,Used,M,29,6.5
0,195.16,Used,M,29,12.48
0,6.1,Used,M,29,6.0
0,242.6,Used,M,29,6.5
0,355.74,Used,M,29,6.5
0,355.74,Used,M,29,6.5
0,7.74,Used,M,29,6.5
0,151.88,Used,M,29,6.5
0,151.88,Used,M,29,6.5
0,303.76,Used,M,29,6.5
0,151.88,Used,M,29,6.5
0,303.76,Used,M,29,6.5
0,43.19,Unused,M,29,6.5
0,84.78,Unused,M,29,6.5
0,17.93,Unused,M,29,6.5
0,268.77,Unused,M,29,12.48
0,12.72,Unused,M,29,6.0
0,558.58,Unused,M,29,6.5
0,202.84,Unused,M,29,6.5
0,16.3,Unused,M,29,6.5
0,19.88,Unused,M,29,6.0
0,181.43,Unused,M,29,12.99
0,100.91,Unused,M,29,6.5
0,201.82,Unused,M,29,6.5
0,16.3,Unused,M,29,6.5
0,42.39,Unused,M,29,6.5
0,121.3,Unused,M,29,6.5
0,212.02,Unused,M,29,8.7
0,161.04,Unused,M,29,6.5
0,80.52,Unused,M,29,6.5
0,151.88,Unused,M,29,6.5
0,151.88,Unused,M,29,6.5
0,324.14,Unused,M,29,6.5
0,121.3,Unused,M,29,6.5
0,121.3,Unused,M,29,6.5
0,5.9,Used,M,29,6.5
0,26.48,Used,M,29,6.0
0,22.41,Used,M,29,6.0
0,17.93,Used,M,29,6.5
0,811.36,Used,M,29,12.99
0,0.41,Used,M,29,6.5
0,100.91,Used,M,29,6.5
0,100.91,Used,M,29,6.5
0,52.99,Used,M,29,6.0
0,16.3,Used,M,29,6.5
0,6.1,Used,M,29,6.0
0,121.3,Used,M,29,6.5
0,151.88,Used,M,29,6.5
0,455.64,Used,M,29,12.48
0,151.88,Used,M,29,6.5
0,151.88,Used,M,29,12.99
0,44.82,Unused,M,29,6.0
0,35.86,Unused,M,29,6.5
0,96.98,Unused,M,29,6.5
0,11.2,Unused,M,29,6.0
0,274.19,Unused,M,29,8.7
0,20.17,Unused,M,29,6.5
0,100.91,Unused,M,29,6.5
0,100.91,Unused,M,29,6.5
0,17.93,Unused,M,29,6.5
0,81.53,Unused,M,29,6.5
0,42.39,Unused,M,29,12.99
0,121.3,Unused,M,29,12.99
0,121.3,Unused,M,29,6.5
0,121.3,Unused,M,29,6.5
0,355.74,Unused,M,29,6.5
0,355.74,Unused,M,29,6.5
0,355.74,Unused,M,29,6.5
0,151.88,Unused,M,29,6.5
0,151.88,Unused,M,29,6.5
0,151.88,Unused,M,29,6.5
0,80.52,Unused,M,29,12.99
0,151.88,Unused,M,29,6.5
0,202.84,Unused,M,29,8.7
0,22.41,Unused,M,29,6.0
0,17.1,Unused,M,29,6.5
0,242.6,Unused,M,29,6.5
0,121.3,Unused,M,29,6.5
0,121.3,Unused,M,29,6.5
0,121.3,Unused,M,29,6.5
0,11.82,Unused,M,29,6.5
0,355.74,Unused,M,29,12.99
0,161.04,Unused,M,29,6.5
0,303.76,Unused,M,29,6.5
1,8.79,Used,F,22,6.0
0,21.0,Used,F,22,6.0
0,596.0,Used,F,22,6.0
0,51.6,Unused,F,22,6.0
0,297.0,Unused,F,22,6.0
0,149.0,Unused,F,22,6.0
0,15.0,Unused,F,22,6.0
0,41.58,Used,F,22,6.5
0,31.98,Unused,F,22,6.5
1,19.19,Unused,F,17,6.0
1,17.59,Unused,F,37,62.74
0,161.94,Used,F,37,41.3
0,15.96,Used,F,37,6.5
0,238.0,Used,F,37,6.5
0,158.0,Used,F,37,6.5
0,298.0,Used,F,37,6.5
0,114.99,Unused,F,37,18.47
0,230.16,Unused,F,37,41.3
0,50.0,Unused,F,37,0.0
0,104.93,Unused,F,37,6.5
0,24.97,Unused,F,37,6.5
0,26.97,Unused,F,37,6.5
0,3.18,Unused,F,37,12.76
0,119.0,Unused,F,37,6.5
0,317.0,Unused,F,37,6.5
1,60.8,Unused,F,37,6.0
1,2.05,Used,M,50,6.5
0,307.42,Used,M,50,6.5
0,4.1,Unused,M,50,6.5
0,4.92,Unused,M,50,6.5
0,122.77,Unused,M,50,6.5
0,122.77,Unused,M,50,6.5
1,4.8,Unused,F,8,6.0
1,59.64,Used,F,8,6.0
0,2.8,Used,F,8,6.0
0,6.98,Used,F,8,12.99
0,35.98,Used,F,8,6.0
0,5.7,Used,F,8,6.0
0,119.0,Used,F,8,6.0
0,119.0,Used,F,8,6.0
0,198.0,Used,F,8,6.0
0,476.0,Used,F,8,6.0
0,238.0,Used,F,8,6.0
0,5.7,Used,F,8,6.0
0,19.99,Used,F,8,6.0
0,149.0,Used,F,8,6.0
0,395.0,Used,F,8,6.0
0,79.0,Used,F,8,6.0
0,12.4,Unused,F,8,6.0
0,398.0,Unused,F,8,6.5
0,29.98,Unused,F,8,12.99
0,12.94,Unused,F,8,6.0
0,48.0,Unused,F,8,6.0
0,21.64,Unused,F,8,6.0
0,4.99,Unused,F,8,6.0
0,9.49,Unused,F,8,6.0
0,2.99,Unused,F,8,6.0
0,6.0,Unused,F,8,6.0
0,46.5,Unused,F,8,6.0
0,119.0,Unused,F,8,6.0
0,119.0,Unused,F,8,6.0
0,10.63,Unused,F,8,6.0
0,228.0,Unused,F,8,6.0
0,158.0,Unused,F,8,6.0
0,15.99,Unused,F,8,6.0
0,149.0,Unused,F,8,6.0
0,5.55,Unused,F,8,6.0
0,79.99,Unused,F,8,6.0
0,15.99,Unused,F,8,6.0
0,15.49,Unused,F,8,6.0
0,119.0,Unused,F,8,6.0
0,5.7,Unused,F,8,6.0
0,19.99,Unused,F,8,6.0
0,395.0,Unused,F,8,6.0
0,149.0,Unused,F,8,6.0
0,5.7,Used,F,8,19.99
0,8.16,Used,F,8,6.0
0,101.0,Unused,F,8,6.0
0,15.99,Unused,F,8,19.99
0,8.8,Unused,F,8,6.0
0,199.0,Unused,F,8,6.0
1,79.0,Used,F,8,6.0
0,79.0,Used,F,8,6.0
0,632.0,Used,F,8,6.0
0,198.0,Unused,F,8,6.0
0,238.0,Unused,F,8,6.0
1,28.78,Used,M,39,6.5
1,16.99,Used,M,39,6.0
0,238.0,Unused,M,39,12.99
0,11.89,Unused,M,39,6.0
0,119.0,Unused,M,39,6.0
1,100.91,Unused,M,39,6.5
0,23.43,Used,M,39,6.0
0,101.08,Used,M,39,6.5
0,100.91,Used,M,39,6.5
0,42.39,Unused,M,39,6.5
1,103.8,Used,F,45,12.48
0,5.58,Used,F,45,6.0
0,60.0,Used,F,45,12.91
0,149.0,Used,F,45,6.0
0,11.17,Unused,F,45,6.0
0,8.0,Unused,F,45,12.48
0,79.0,Unused,F,45,6.0
0,15.99,Unused,F,45,6.0
0,44.8,Unused,F,45,12.91
0,4.78,Unused,F,45,6.0
0,1.6,Used,F,45,6.5
0,12.79,Unused,F,45,6.5
0,298.0,Unused,F,45,6.5
1,244.5,Used,M,4,6.5
0,5.78,Unused,M,4,6.5
0,153.71,Unused,M,4,6.5
0,245.54,Unused,M,4,6.5
1,15.99,Unused,M,4,13.75
0,15.9,Unused,M,4,13.75
0,19.03,Unused,M,4,6.0
0,299.97,Unused,M,4,6.0
1,99.95,Used,M,4,18.59
0,16.32,Unused,M,4,18.59
1,199.0,Used,M,4,6.0
0,13.59,Unused,M,4,6.0
1,103.81,Used,M,30,6.0
0,238.0,Used,M,30,6.0
0,119.0,Used,M,30,6.0
0,10.99,Unused,M,30,6.0
0,47.6,Unused,M,30,6.0
0,268.0,Unused,M,30,6.0
0,149.0,Unused,M,30,6.0
0,119.0,Unused,M,30,6.0
0,5.7,Unused,M,30,6.0
0,238.0,Unused,M,30,6.0
1,16.5,Unused,F,33,6.5
1,8.98,Used,F,33,6.0
0,191.4,Unused,F,33,17.08
0,24.98,Unused,F,33,6.0
0,238.0,Unused,F,33,6.0
0,66.98,Unused,F,33,6.0
0,119.0,Unused,F,33,6.0
0,79.0,Unused,F,33,6.0
1,36.95,Used,F,38,6.5
0,29.9,Used,F,38,15.75
0,317.0,Used,F,38,6.5
0,119.0,Used,F,38,6.5
0,119.0,Used,F,38,26.43
0,21.98,Unused,F,38,6.5
0,49.9,Unused,F,38,15.75
0,24.99,Unused,F,38,6.5
0,59.7,Unused,F,38,42.67
0,119.0,Unused,F,38,6.5
0,357.0,Unused,F,38,6.5
0,357.0,Unused,F,38,6.5
0,238.0,Unused,F,38,6.5
0,97.57,Unused,F,38,6.5
0,16.99,Unused,F,38,6.5
0,16.99,Unused,F,38,6.5
0,18.99,Unused,F,38,6.5
0,77.26,Unused,F,38,6.5
0,119.0,Unused,F,38,6.5
0,465.0,Unused,F,38,6.5
0,149.0,Unused,F,38,6.5
1,18.15,Used,F,38,6.5
0,18.39,Unused,F,38,6.5
0,149.0,Unused,F,38,6.0
0,13.59,Unused,F,38,6.5
1,30.39,Used,F,31,6.5
0,15.19,Used,F,31,6.0
0,44.79,Used,F,31,6.0
0,119.0,Used,F,31,6.0
0,238.0,Used,F,31,6.0
0,67.19,Used,F,31,6.0
0,16.99,Used,F,31,6.0
0,30.98,Used,F,31,6.0
0,149.0,Used,F,31,6.0
0,149.0,Used,F,31,6.0
0,149.0,Used,F,31,6.0
0,30.98,Unused,F,31,6.0
0,119.0,Unused,F,31,6.0
0,119.0,Unused,F,31,6.0
0,119.0,Unused,F,31,6.0
0,149.0,Unused,F,31,6.0
0,149.0,Unused,F,31,6.0
0,67.19,Unused,F,31,6.0
0,307.0,Unused,F,31,6.0
0,36.39,Unused,F,31,6.0
0,13.59,Unused,F,31,12.99
0,149.0,Unused,F,31,6.0
0,10.39,Unused,F,31,12.99
0,18.99,Unused,F,31,6.0
0,119.0,Unused,F,31,6.0
1,499.0,Used,F,3,6.5
0,6.93,Used,F,3,6.5
0,20.78,Used,F,3,6.5
0,61.55,Used,F,3,6.5
0,79.99,Used,F,3,6.5
0,119.0,Used,F,3,6.5
0,15.19,Used,F,3,6.5
0,149.0,Used,F,3,6.5
0,298.0,Used,F,3,6.5
0,149.0,Used,F,3,6.5
0,149.0,Used,F,3,6.5
0,55.99,Unused,F,3,6.5
0,14.38,Unused,F,3,6.5
0,2.99,Unused,F,3,6.5
0,43.97,Unused,F,3,6.5
0,62.5,Unused,F,3,6.5
0,44.79,Unused,F,3,6.5
0,63.96,Unused,F,3,6.5
0,22.99,Unused,F,3,6.5
0,28.98,Unused,F,3,6.5
0,149.7,Unused,F,3,19.02
0,30.39,Unused,F,3,6.5
0,71.96,Unused,F,3,6.5
0,15.99,Unused,F,3,6.5
0,5.97,Unused,F,3,6.5
0,83.18,Unused,F,3,6.5
0,119.0,Unused,F,3,6.5
0,119.0,Unused,F,3,6.5
0,476.0,Unused,F,3,6.5
0,99.0,Unused,F,3,6.5
0,465.0,Unused,F,3,6.5
0,316.0,Unused,F,3,6.5
0,13.59,Unused,F,3,6.5
0,16.79,Unused,F,3,6.5
0,12.79,Unused,F,3,6.5
0,124.77,Unused,F,3,6.5
0,13.59,Unused,F,3,6.5
1,30.77,Used,F,3,6.0
0,10.63,Used,F,3,6.0
0,15.19,Unused,F,3,6.0
0,10.63,Unused,F,3,6.0
0,745.0,Unused,F,3,6.0
0,72.02,Used,F,3,6.0
0,4.5,Used,F,3,6.0
0,99.99,Used,F,3,6.0
0,18.99,Used,F,3,6.0
0,79.0,Used,F,3,6.0
0,149.0,Used,F,3,6.0
0,59.7,Unused,F,3,6.0
0,153.98,Unused,F,3,6.0
0,37.58,Unused,F,3,12.99
0,414.19,Unused,F,3,6.0
0,41.18,Unused,F,3,6.0
0,2.99,Unused,F,3,6.0
0,79.0,Unused,F,3,6.0
0,149.0,Unused,F,3,6.0
0,171.6,Unused,F,3,6.0
0,45.0,Unused,F,3,6.0
0,3.99,Unused,F,3,6.0
0,24.98,Unused,F,3,6.0
0,149.0,Unused,F,3,6.0
1,214.16,Used,F,3,73.71
0,250.0,Used,F,3,0.0
0,250.0,Used,F,3,0.0
0,250.0,Used,F,3,0.0
0,250.0,Used,F,3,0.0
0,5.5,Used,F,3,12.99
0,49.98,Used,F,3,6.0
0,9.49,Used,F,3,6.0
0,199.0,Used,F,3,12.99
0,199.0,Used,F,3,12.99
0,119.0,Used,F,3,12.99
0,149.0,Used,F,3,6.0
0,81.84,Unused,F,3,6.0
0,199.0,Unused,F,3,19.99
0,250.0,Unused,F,3,0.0
0,250.0,Unused,F,3,0.0
0,29.91,Unused,F,3,6.0
0,159.98,Unused,F,3,73.71
0,811.0,Unused,F,3,6.0
0,5.5,Unused,F,3,6.0
0,45.58,Unused,F,3,6.0
0,279.0,Unused,F,3,6.0
0,298.0,Unused,F,3,8.7
0,149.0,Unused,F,3,8.7
0,199.0,Unused,F,3,12.99
0,199.0,Unused,F,3,12.99
0,199.0,Unused,F,3,19.99
0,199.0,Unused,F,3,12.99
0,238.0,Unused,F,3,6.0
0,349.0,Unused,F,3,12.99
0,298.0,Unused,F,3,6.0
0,149.0,Unused,F,3,6.0
0,33.98,Unused,F,3,6.0
0,149.0,Unused,F,3,6.0
0,149.0,Unused,F,3,6.0
0,14.0,Unused,F,3,6.0
0,250.0,Unused,F,3,0.0
0,250.0,Unused,F,3,0.0
0,37.5,Unused,F,3,6.0
0,99.0,Unused,F,3,12.99
0,316.0,Unused,F,3,6.0
0,12.31,Unused,F,3,6.0
1,79.0,Used,F,41,6.5
0,19.19,Unused,F,41,39.27
0,149.0,Unused,F,41,8.7
0,149.0,Unused,F,41,6.5
0,119.0,Unused,F,41,6.5
0,18.99,Unused,F,41,6.5
1,22.41,Used,F,24,6.0
0,42.39,Used,F,24,6.5
0,17.93,Used,F,24,6.5
0,151.88,Used,F,24,6.5
0,11.2,Unused,F,24,6.0
0,202.84,Unused,F,24,19.99
0,48.92,Unused,F,24,6.5
0,355.74,Unused,F,24,6.5
0,151.88,Unused,F,24,6.5
0,303.76,Unused,F,24,6.5
0,4.33,Unused,F,24,6.0
0,4.87,Unused,F,24,6.5
0,405.68,Unused,F,24,6.5
0,100.91,Unused,F,24,6.5
0,32.6,Unused,F,24,6.5
0,48.92,Unused,F,24,6.5
1,200.0,Used,M,24,0.0
0,22.94,Used,M,24,6.5
0,28.53,Used,M,24,12.99
0,47.63,Unused,M,24,6.5
0,177.15,Unused,M,24,12.99
0,21.26,Unused,M,24,12.99
0,119.0,Unused,M,24,19.99
1,27.8,Used,F,3,6.0
0,238.0,Used,F,3,6.0
0,149.0,Used,F,3,6.0
0,15.19,Used,F,3,6.0
0,13.59,Used,F,3,6.0
0,149.0,Used,F,3,6.0
0,769.45,Used,F,3,24.92
0,31.98,Unused,F,3,6.0
0,238.0,Unused,F,3,6.0
0,149.0,Unused,F,3,6.0
0,149.0,Unused,F,3,6.0
0,149.0,Unused,F,3,6.0
0,228.0,Unused,F,3,6.0
0,395.0,Unused,F,3,6.0
0,15.19,Unused,F,3,6.0
0,42.69,Unused,F,3,6.0
0,17.45,Unused,F,3,6.0
0,9.51,Unused,F,3,6.0
1,71.97,Used,F,3,6.0
0,19.99,Unused,F,3,6.0
0,5.7,Unused,F,3,6.0
1,153.71,Used,M,12,6.5
0,153.71,Used,M,12,6.5
0,245.54,Unused,M,12,6.5
0,81.5,Unused,M,12,6.5
0,153.71,Unused,M,12,6.5
0,153.71,Unused,M,12,6.5
0,153.71,Unused,M,12,6.5
0,613.85,Unused,M,12,6.5
0,122.77,Unused,M,12,6.5
1,84.0,Used,M,32,13.75
0,25.0,Used,M,32,0.0
0,119.85,Used,M,32,12.91
0,15.19,Used,M,32,12.99
0,126.07,Unused,M,32,12.91
0,161.29,Unused,M,32,13.75
0,41.59,Unused,M,32,6.0
0,10.63,Unused,M,32,12.99
0,119.0,Unused,M,32,6.0
0,149.0,Unused,M,32,6.0
0,149.0,Unused,M,32,6.0
0,15.19,Unused,M,32,12.99
1,35.58,Used,F,40,44.06
0,13.9,Used,F,40,6.0
0,119.0,Used,F,40,6.0
0,387.0,Used,F,40,6.0
0,79.0,Used,F,40,6.0
0,13.2,Unused,F,40,6.0
0,69.18,Unused,F,40,44.06
0,41.9,Unused,F,40,6.0
0,6.0,Unused,F,40,6.0
0,2.99,Unused,F,40,6.0
0,119.0,Unused,F,40,6.0
0,16.99,Unused,F,40,6.0
0,17.5,Unused,F,40,6.0
0,5.7,Unused,F,40,6.0
0,34.48,Unused,F,40,6.0
0,8.0,Used,F,40,6.0
1,14.99,Used,M,29,6.0
0,8.8,Used,M,29,6.0
0,13.29,Used,M,29,12.99
0,4.8,Used,M,29,6.0
0,7.6,Used,M,29,6.0
0,476.0,Used,M,29,12.99
0,119.0,Used,M,29,6.0
0,238.0,Used,M,29,6.0
0,13.99,Used,M,29,6.0
0,15.99,Used,M,29,6.0
0,237.0,Used,M,29,6.0
0,149.0,Used,M,29,6.0
0,159.2,Unused,M,29,6.0
0,80.78,Unused,M,29,6.0
0,96.0,Unused,M,29,23.01
0,14.4,Unused,M,29,6.0
0,15.19,Unused,M,29,6.0
0,46.38,Unused,M,29,6.0
0,8.8,Unused,M,29,6.0
0,79.99,Unused,M,29,6.5
0,3.99,Unused,M,29,6.0
0,32.98,Unused,M,29,12.99
0,6.0,Unused,M,29,6.0
0,15.19,Unused,M,29,6.0
0,119.0,Unused,M,29,6.0
0,119.0,Unused,M,29,6.0
0,238.0,Unused,M,29,19.99
0,15.19,Unused,M,29,6.0
0,10.39,Unused,M,29,6.0
0,198.0,Unused,M,29,23.01
0,21.26,Unused,M,29,6.0
0,149.0,Unused,M,29,6.0
0,15.99,Unused,M,29,6.0
0,11.19,Unused,M,29,6.0
0,13.59,Unused,M,29,6.0
0,4.56,Used,M,29,6.0
1,121.3,Used,M,26,6.5
0,485.2,Used,M,26,19.99
0,355.74,Used,M,26,6.5
0,35.86,Unused,M,26,6.5
0,100.91,Unused,M,26,6.5
0,151.88,Unused,M,26,6.5
1,1.2,Unused,F,24,6.0
1,76.68,Used,M,10,35.3
0,55.9,Unused,M,10,35.3
0,79.0,Unused,M,10,6.5
1,119.0,Unused,M,10,6.0
0,33.98,Unused,M,10,6.0
1,33.59,Used,F,15,6.0
0,55.99,Used,F,15,6.0
0,24.58,Used,F,15,6.0
0,33.59,Unused,F,15,6.0
0,2.99,Unused,F,15,6.0
0,14.69,Unused,F,15,6.0
0,11.19,Unused,F,15,6.0
0,119.0,Unused,F,15,6.0
0,52.49,Unused,F,15,6.0
0,149.0,Unused,F,15,6.0
0,149.0,Unused,F,15,6.0
0,99.99,Unused,F,15,6.0
0,33.98,Unused,F,15,6.0
1,3.5,Used,F,15,12.99
0,143.92,Used,F,15,6.0
0,13.4,Used,F,15,12.91
0,139.93,Used,F,15,32.18
0,149.0,Used,F,15,8.7
0,123.56,Used,F,15,6.0
0,7.72,Unused,F,15,12.99
0,34.79,Unused,F,15,6.0
0,152.86,Unused,F,15,6.0
0,119.0,Unused,F,15,12.99
0,316.0,Unused,F,15,6.0
0,8.0,Unused,F,15,6.0
0,298.0,Unused,F,15,6.0
0,99.96,Unused,F,15,6.0
0,6.0,Unused,F,15,12.99
0,14.4,Unused,F,15,6.0
0,119.0,Unused,F,15,6.0
0,16.99,Unused,F,15,6.0
1,11.2,Used,F,15,6.0
0,8.96,Used,F,15,6.5
0,100.91,Used,F,15,12.99
0,11.82,Used,F,15,6.5
0,303.76,Used,F,15,6.5
0,151.88,Used,F,15,12.99
0,52.16,Unused,F,15,6.5
0,261.95,Unused,F,15,6.5
0,201.82,Unused,F,15,6.5
0,284.99,Unused,F,15,12.99
0,121.3,Unused,F,15,6.5
0,151.88,Unused,F,15,6.5
0,192.4,Unused,F,15,6.5
1,129.69,Used,F,3,12.99
0,19.19,Used,F,3,12.99
0,250.0,Used,F,3,0.0
0,9.12,Used,F,3,6.0
0,119.0,Used,F,3,6.0
0,87.15,Used,F,3,6.0
0,298.0,Used,F,3,6.0
0,149.0,Used,F,3,6.0
0,158.0,Used,F,3,6.0
0,26.0,Used,F,3,6.0
0,547.0,Unused,F,3,6.0
0,250.0,Unused,F,3,0.0
0,138.04,Unused,F,3,12.99
0,99.0,Unused,F,3,6.0
0,99.0,Unused,F,3,6.0
0,5.7,Unused,F,3,6.0
0,119.0,Unused,F,3,6.0
0,8.16,Unused,F,3,6.0
0,316.0,Unused,F,3,6.0
0,26.0,Unused,F,3,6.0
0,35.16,Unused,F,3,6.0
0,126.45,Unused,F,3,12.99
0,119.0,Unused,F,3,6.0
0,119.0,Unused,F,3,6.0
0,149.0,Unused,F,3,6.0
0,158.0,Unused,F,3,6.0
0,149.0,Unused,F,3,6.0
0,5.98,Used,F,3,6.0
0,34.95,Unused,F,3,6.0
1,10.99,Used,F,4,6.0
0,8.79,Used,F,4,6.0
0,104.21,Used,F,4,12.48
0,324.48,Used,F,4,6.0
0,30.39,Used,F,4,6.0
0,32.3,Used,F,4,6.0
0,238.0,Used,F,4,6.0
0,23.99,Used,F,4,6.0
0,199.0,Used,F,4,19.05
0,104.5,Unused,F,4,6.0
0,141.05,Unused,F,4,6.0
0,38.84,Unused,F,4,12.48
0,33.59,Unused,F,4,6.0
0,99.99,Unused,F,4,6.0
0,79.99,Unused,F,4,19.99
0,79.19,Unused,F,4,6.5
0,13.59,Unused,F,4,6.0
0,149.0,Unused,F,4,8.7
0,119.0,Unused,F,4,6.0
0,119.0,Unused,F,4,6.0
0,119.0,Unused,F,4,6.0
0,119.0,Unused,F,4,6.0
0,52.07,Unused,F,4,6.5
0,67.19,Unused,F,4,6.5
0,67.19,Unused,F,4,12.48
0,149.0,Unused,F,4,6.0
0,49.5,Unused,F,4,6.0
0,20.29,Unused,F,4,6.0
0,10.63,Unused,F,4,6.0
0,119.0,Unused,F,4,12.99
0,335.95,Unused,F,4,12.48
1,37.68,Used,F,21,19.99
0,22.93,Unused,F,21,19.99
0,38.4,Unused,F,21,12.48
0,38.4,Unused,F,21,12.48
1,15.19,Unused,F,43,6.5
1,0.5,Used,M,12,6.0
0,99.0,Used,M,12,6.0
0,6.99,Used,M,12,6.0
0,119.0,Used,M,12,6.0
0,349.0,Used,M,12,6.0
0,298.0,Used,M,12,12.99
0,263.85,Unused,M,12,12.48
0,548.0,Unused,M,12,6.0
0,99.0,Unused,M,12,6.0
0,35.85,Unused,M,12,6.5
0,268.0,Unused,M,12,6.0
0,119.0,Unused,M,12,6.0
0,52.77,Unused,M,12,12.48
0,99.0,Unused,M,12,6.0
0,35.85,Unused,M,12,6.5
0,20.79,Unused,M,12,6.0
0,119.0,Unused,M,12,6.0
0,238.0,Unused,M,12,6.0
0,149.0,Unused,M,12,6.0
1,17.93,Used,F,36,6.5
0,80.52,Used,F,36,6.5
0,90.42,Unused,F,36,6.5
0,42.37,Unused,F,36,6.5
0,11.73,Unused,F,36,6.0
0,151.88,Unused,F,36,8.7
0,151.88,Unused,F,36,6.5
0,100.91,Unused,F,36,6.5
0,151.88,Unused,F,36,6.5
1,119.0,Used,F,4,6.5
0,238.0,Used,F,4,6.5
0,119.0,Used,F,4,6.5
0,19.99,Used,F,4,6.5
0,63.18,Unused,F,4,6.5
0,119.0,Unused,F,4,6.5
0,268.0,Unused,F,4,6.5
0,13.59,Unused,F,4,6.5
0,41.99,Unused,F,4,6.5
0,149.0,Unused,F,4,6.5
0,87.99,Unused,F,4,6.5
0,199.0,Unused,F,4,8.7
0,19.19,Unused,F,4,6.5
0,119.0,Unused,F,4,6.5
0,476.0,Unused,F,4,6.5
0,79.0,Unused,F,4,6.5
0,13.59,Unused,F,4,6.5
1,17.53,Used,F,34,6.5
0,153.71,Used,F,34,6.5
0,307.42,Used,F,34,6.5
0,45.38,Used,F,34,6.5
0,21.43,Unused,F,34,6.5
0,81.7,Unused,F,34,6.5
0,368.31,Unused,F,34,6.5
0,122.77,Unused,F,34,6.5
0,122.77,Unused,F,34,6.5
0,122.77,Unused,F,34,28.78
0,14.02,Unused,F,34,6.5
0,326.0,Unused,F,34,6.5
0,81.5,Unused,F,34,6.5
0,153.71,Unused,F,34,6.5
0,5.76,Unused,F,34,6.5
0,82.52,Unused,F,34,6.5
0,81.5,Unused,F,34,6.5
1,47.18,Used,F,46,6.0
0,108.37,Used,F,46,51.99
0,2.39,Used,F,46,6.0
0,119.0,Used,F,46,6.0
0,119.0,Used,F,46,6.0
0,238.0,Used,F,46,12.99
0,119.0,Used,F,46,6.0
0,298.0,Used,F,46,6.0
0,298.0,Used,F,46,6.0
0,447.0,Used,F,46,6.0
0,149.0,Used,F,46,12.99
0,23.98,Unused,F,46,6.0
0,2.39,Unused,F,46,6.0
0,28.78,Unused,F,46,6.0
0,51.17,Unused,F,46,6.0
0,149.0,Unused,F,46,8.7
0,119.0,Unused,F,46,12.99
0,238.0,Unused,F,46,6.0
0,119.0,Unused,F,46,6.0
0,39.19,Unused,F,46,6.0
0,12.31,Unused,F,46,6.0
0,745.0,Unused,F,46,6.0
0,149.0,Unused,F,46,6.0
0,158.0,Unused,F,46,6.0
0,149.0,Unused,F,46,51.99
0,149.0,Unused,F,46,6.0
0,1.59,Unused,F,46,6.0
0,1.2,Unused,F,46,6.0
0,10.63,Unused,F,46,6.0
0,119.0,Unused,F,46,19.99
0,119.0,Unused,F,46,6.0
0,10.63,Unused,F,46,6.0
0,9.51,Unused,F,46,6.0
0,149.0,Unused,F,46,12.99
0,476.0,Unused,F,46,12.99
0,12.31,Unused,F,46,6.0
1,79.0,Unused,F,29,6.0
0,149.0,Unused,F,29,6.0
0,119.0,Unused,F,29,6.0
1,107.4,Used,F,40,26.43
0,31.17,Used,F,40,6.5
0,1.99,Used,F,40,6.5
0,41.49,Unused,F,40,6.5
0,74.98,Unused,F,40,6.5
0,23.97,Unused,F,40,6.5
0,133.95,Unused,F,40,44.06
0,357.0,Unused,F,40,6.5
0,57.99,Unused,F,40,44.06
0,237.0,Unused,F,40,6.5
0,228.0,Unused,F,40,6.5
0,149.0,Unused,F,40,6.5
1,15.99,Used,F,9,6.5
0,99.0,Used,F,9,6.5
0,83.18,Used,F,9,14.41
0,83.18,Used,F,9,19.02
0,413.99,Unused,F,9,6.5
0,374.31,Unused,F,9,19.02
0,83.18,Unused,F,9,20.85
0,893.0,Unused,F,9,6.5
0,149.0,Unused,F,9,6.5
0,41.59,Unused,F,9,14.41
0,119.0,Unused,F,9,6.5
0,149.0,Unused,F,9,6.5
1,158.0,Used,F,6,6.0
0,312.0,Used,F,6,22.44
0,119.0,Unused,F,6,6.0
0,33.98,Unused,F,6,19.99
0,27.19,Unused,F,6,6.5
0,298.0,Unused,F,6,6.0
0,31.17,Used,F,6,6.0
0,28.48,Used,F,6,6.0
0,22.3,Unused,F,6,12.99
0,277.0,Unused,F,6,6.0
0,119.0,Unused,F,6,6.0
1,134.46,Used,F,23,6.0
0,151.88,Used,F,23,8.7
0,100.91,Used,F,23,12.99
0,4.48,Used,F,23,6.5
0,121.3,Used,F,23,6.5
0,121.3,Used,F,23,12.99
0,758.38,Used,F,23,6.5
0,151.88,Used,F,23,6.5
0,151.88,Used,F,23,6.5
0,161.04,Used,F,23,6.5
0,80.52,Used,F,23,12.99
0,151.88,Used,F,23,6.5
0,202.84,Unused,F,23,12.99
0,99.9,Unused,F,23,6.5
0,254.75,Unused,F,23,6.0
0,242.6,Unused,F,23,6.5
0,121.3,Unused,F,23,12.99
0,121.3,Unused,F,23,6.5
0,355.74,Unused,F,23,12.99
0,303.76,Unused,F,23,6.5
0,761.42,Unused,F,23,6.5
0,42.39,Unused,F,23,6.5
0,7.12,Unused,F,23,6.0
0,242.6,Unused,F,23,12.99
0,121.3,Unused,F,23,12.99
0,151.88,Unused,F,23,6.5
1,16.78,Used,F,22,6.5
0,25.98,Used,F,22,6.5
0,39.81,Used,F,22,6.5
0,45.87,Used,F,22,6.5
0,476.0,Used,F,22,6.5
0,62.99,Used,F,22,6.5
0,10.63,Used,F,22,6.5
0,149.0,Used,F,22,6.5
0,63.5,Unused,F,22,6.5
0,13.29,Unused,F,22,6.5
0,41.01,Unused,F,22,6.5
0,119.0,Unused,F,22,6.5
0,119.0,Unused,F,22,6.5
0,238.0,Unused,F,22,6.5
0,67.19,Unused,F,22,6.5
0,55.43,Unused,F,22,6.5
0,158.0,Unused,F,22,6.5
0,16.79,Unused,F,22,6.5
0,16.99,Unused,F,22,6.5
0,149.0,Unused,F,22,6.5
0,7.16,Unused,F,22,6.5
0,2.39,Unused,F,22,6.5
0,24.99,Unused,F,22,6.5
0,119.0,Unused,F,22,6.5
0,59.99,Unused,F,22,6.5
0,13.99,Unused,F,22,6.5
0,10.99,Used,F,22,6.5
0,11.19,Used,F,22,6.5
0,95.94,Used,F,22,22.29
0,149.0,Used,F,22,6.5
0,19.58,Unused,F,22,6.5
0,10.63,Unused,F,22,6.5
0,59.97,Unused,F,22,22.29
0,15.19,Unused,F,22,6.5
0,489.5,Unused,F,22,6.5
1,9.99,Used,F,22,6.0
0,10.71,Used,F,22,6.0
0,42.0,Used,F,22,6.0
0,22.32,Used,F,22,6.0
0,119.0,Used,F,22,6.0
0,37.9,Unused,F,22,6.0
0,11.2,Unused,F,22,6.0
0,37.64,Unused,F,22,6.0
0,34.2,Unused,F,22,6.0
0,119.0,Unused,F,22,6.0
0,312.0,Unused,F,22,8.7
0,8.8,Unused,F,22,6.0
0,32.99,Unused,F,22,6.0
0,8.88,Unused,F,22,6.0
0,9.6,Unused,F,22,6.0
0,298.0,Unused,F,22,6.0
0,26.4,Unused,F,22,6.0
1,18.99,Used,M,8,6.0
0,94.78,Used,M,8,6.0
0,34.95,Used,M,8,6.0
0,13.29,Used,M,8,6.0
0,8.7,Used,M,8,6.0
0,55.5,Used,M,8,6.5
0,20.99,Used,M,8,6.0
0,298.0,Used,M,8,6.0
0,6.49,Unused,M,8,6.0
0,13.29,Unused,M,8,6.0
0,185.74,Unused,M,8,6.0
0,21.0,Unused,M,8,6.0
0,70.0,Unused,M,8,6.5
0,323.57,Unused,M,8,6.0
0,6.0,Unused,M,8,6.0
0,298.0,Unused,M,8,6.0
0,298.0,Unused,M,8,6.0
0,69.99,Unused,M,8,6.0
0,13.29,Unused,M,8,6.0
0,2.99,Unused,M,8,6.0
0,16.99,Unused,M,8,6.0
0,149.0,Unused,M,8,12.99
0,96.0,Unused,M,8,6.0
0,149.0,Unused,M,8,6.0
1,191.4,Used,M,21,84.7
0,33.59,Used,M,21,6.5
0,5.98,Used,M,21,6.5
0,357.0,Used,M,21,6.5
0,119.0,Used,M,21,6.5
0,59.99,Used,M,21,6.5
0,79.0,Used,M,21,6.5
0,298.0,Used,M,21,6.5
0,33.59,Unused,M,21,6.5
0,33.59,Unused,M,21,6.5
0,48.78,Unused,M,21,6.5
0,71.7,Unused,M,21,84.7
0,20.99,Unused,M,21,6.5
0,474.75,Unused,M,21,6.5
0,79.0,Unused,M,21,6.5
0,79.0,Unused,M,21,6.5
0,79.0,Unused,M,21,6.5
0,149.0,Unused,M,21,6.5
0,95.7,Unused,M,21,84.7
0,119.0,Unused,M,21,6.5
1,154.4,Used,M,21,140.68
0,572.76,Unused,M,21,140.68
0,127.14,Unused,M,21,14.85
0,74.37,Unused,M,21,14.85
0,75.12,Unused,M,21,140.68
1,76.82,Used,M,21,19.99
0,202.84,Used,M,21,6.5
0,121.3,Used,M,21,6.5
0,121.3,Used,M,21,19.99
0,151.88,Used,M,21,6.5
0,22.41,Unused,M,21,6.0
0,202.84,Unused,M,21,6.5
0,17.93,Unused,M,21,19.99
0,151.88,Unused,M,21,6.5
0,58.68,Unused,M,21,19.99
1,17.53,Unused,F,13,6.5
0,4.94,Unused,F,13,6.5
1,8.23,Used,M,25,6.5
0,57.76,Used,M,25,50.0
0,82.52,Used,M,25,6.5
0,8.24,Used,M,25,6.5
0,2.05,Used,M,25,6.5
0,245.54,Used,M,25,6.5
0,122.77,Used,M,25,6.5
0,122.77,Used,M,25,6.5
0,20.62,Used,M,25,6.5
0,75.91,Used,M,25,6.5
0,2.05,Unused,M,25,6.5
0,54.64,Unused,M,25,6.5
0,98.91,Unused,M,25,13.78
0,164.98,Unused,M,25,6.5
0,57.76,Unused,M,25,6.5
0,122.77,Unused,M,25,6.5
0,245.54,Unused,M,25,6.5
0,122.77,Unused,M,25,6.5
0,78.35,Unused,M,25,13.78
0,81.5,Unused,M,25,6.5
0,153.71,Unused,M,25,6.5
0,153.71,Unused,M,25,6.5
0,153.71,Unused,M,25,6.5
0,153.71,Unused,M,25,6.5
0,237.22,Unused,M,25,6.5
0,1.55,Unused,M,25,6.5
0,60.23,Unused,M,25,6.5
0,7.21,Unused,M,25,6.5
0,17.53,Unused,M,25,6.5
1,3.99,Unused,M,25,6.0
1,22.95,Used,M,25,6.0
0,4.08,Unused,M,25,6.0
0,398.0,Used,M,25,6.0
0,119.0,Used,M,25,12.99
0,119.0,Used,M,25,6.0
0,149.0,Used,M,25,6.0
0,149.0,Used,M,25,6.0
0,149.0,Used,M,25,6.0
0,67.95,Used,M,25,18.59
0,40.77,Used,M,25,6.0
0,149.0,Used,M,25,6.0
0,199.0,Unused,M,25,6.0
0,19.19,Unused,M,25,6.5
0,141.71,Unused,M,25,6.0
0,7.6,Unused,M,25,6.0
0,119.0,Unused,M,25,6.0
0,79.0,Unused,M,25,6.0
0,27.18,Unused,M,25,6.0
0,199.0,Unused,M,25,12.99
0,199.0,Unused,M,25,6.0
1,36.78,Used,M,38,15.75
0,119.0,Used,M,38,6.5
0,41.99,Used,M,38,6.5
0,17.59,Unused,M,38,15.75
0,307.0,Unused,M,38,6.5
0,13.59,Unused,M,38,15.75
1,7.96,Used,M,38,6.0
0,37.98,Used,M,38,6.0
1,25.52,Used,F,31,33.94
0,55.99,Used,F,31,6.0
0,238.0,Used,F,31,6.0
0,199.0,Used,F,31,8.7
0,215.1,Unused,F,31,27.62
0,268.56,Unused,F,31,33.94
0,357.0,Unused,F,31,6.0
0,67.19,Unused,F,31,6.0
0,23.9,Unused,F,31,27.62
1,19.99,Used,F,31,6.0
1,30.79,Unused,M,47,6.0
0,13.59,Unused,M,47,6.0
0,76.76,Used,M,47,20.85
0,10.5,Used,M,47,6.0
0,44.79,Used,M,47,6.0
0,1.59,Used,M,47,6.0
0,18.99,Used,M,47,6.0
0,151.95,Used,M,47,6.0
0,30.62,Used,M,47,6.0
0,139.75,Used,M,47,30.92
0,85.53,Used,M,47,13.38
0,411.99,Used,M,47,6.0
0,357.0,Used,M,47,6.0
0,536.0,Used,M,47,19.99
0,119.0,Used,M,47,6.0
0,27.18,Used,M,47,6.0
0,149.0,Used,M,47,6.0
0,149.0,Used,M,47,6.0
0,298.0,Used,M,47,6.0
0,41.99,Used,M,47,6.0
0,12.31,Used,M,47,6.0
0,321.75,Unused,M,47,27.32
0,297.86,Unused,M,47,6.0
0,82.33,Unused,M,47,6.0
0,46.95,Unused,M,47,6.0
0,15.41,Unused,M,47,6.0
0,100.59,Unused,M,47,20.85
0,1026.87,Unused,M,47,62.5
0,453.88,Unused,M,47,13.38
0,465.15,Unused,M,47,6.0
0,119.0,Unused,M,47,6.0
0,119.0,Unused,M,47,6.0
0,119.0,Unused,M,47,6.0
0,56.97,Unused,M,47,6.0
0,67.19,Unused,M,47,6.0
0,16.99,Unused,M,47,6.0
0,298.0,Unused,M,47,6.0
0,149.0,Unused,M,47,6.0
0,199.0,Unused,M,47,8.7
0,9.98,Unused,M,47,6.0
0,15.19,Unused,M,47,6.0
0,38.38,Unused,M,47,20.85
0,1249.5,Unused,M,47,6.0
0,49.27,Unused,M,47,6.0
0,119.0,Unused,M,47,6.0
0,15.19,Unused,M,47,13.38
0,61.59,Unused,M,47,6.0
0,59.99,Unused,M,47,62.5
1,26.21,Used,M,47,6.0
0,39.86,Used,M,47,6.5
0,19.99,Used,M,47,6.5
0,119.0,Used,M,47,6.0
0,119.0,Used,M,47,6.0
0,13.99,Used,M,47,6.0
0,149.0,Used,M,47,19.99
0,149.0,Used,M,47,6.0
0,29.01,Unused,M,47,6.0
0,19.12,Unused,M,47,6.5
0,99.99,Unused,M,47,6.0
0,34.14,Unused,M,47,6.5
0,119.0,Unused,M,47,6.0
0,4.56,Unused,M,47,6.0
0,298.0,Unused,M,47,6.0
0,37.49,Unused,M,47,6.0
0,357.0,Unused,M,47,6.0
0,119.0,Unused,M,47,6.0
1,522.02,Unused,F,20,6.5
0,222.52,Unused,F,20,110.74
1,73.34,Unused,F,20,6.0
0,11.19,Unused,F,20,6.0
0,119.0,Unused,F,20,6.0
0,15.19,Unused,F,20,6.5
1,11.19,Used,F,20,6.0
0,26.39,Unused,F,20,6.0
0,15.19,Unused,F,20,6.0
0,79.99,Unused,F,20,6.0
0,5.1,Used,F,20,6.0
0,6.0,Unused,F,20,6.0
0,47.8,Unused,F,20,30.0
0,25.58,Unused,F,20,39.98
1,0.51,Used,F,20,6.0
1,133.53,Used,F,27,12.91
0,11.89,Used,F,27,6.0
0,149.0,Used,F,27,6.0
0,16.99,Unused,F,27,6.0
0,32.28,Unused,F,27,6.0
0,17.49,Unused,F,27,6.0
0,43.1,Unused,F,27,6.0
0,237.0,Unused,F,27,6.0
0,41.99,Unused,F,27,6.0
0,54.36,Unused,F,27,12.91
0,40.77,Unused,F,27,12.91
1,164.99,Used,F,27,6.0
0,13.59,Used,F,27,6.0
0,15.19,Unused,F,27,6.0
0,15.19,Unused,F,27,6.0
0,158.0,Unused,F,27,19.99
1,31.92,Used,F,49,6.5
0,238.0,Used,F,49,6.5
0,119.0,Used,F,49,6.5
0,19.99,Unused,F,49,30.0
0,13.59,Unused,F,49,6.5
1,61.59,Used,F,49,6.0
1,48.92,Used,F,44,6.5
1,17.5,Used,M,42,6.0
0,4.78,Used,M,42,12.99
0,79.8,Used,M,42,49.73
0,15.99,Used,M,42,6.0
0,2.39,Used,M,42,6.0
0,20.79,Used,M,42,6.0
0,119.0,Used,M,42,6.0
0,238.0,Used,M,42,6.0
0,237.0,Used,M,42,6.0
0,33.98,Used,M,42,6.0
0,7.0,Unused,M,42,6.0
0,87.97,Unused,M,42,6.0
0,14.34,Unused,M,42,12.99
0,2.78,Unused,M,42,6.0
0,19.99,Unused,M,42,6.0
0,47.8,Unused,M,42,49.73
0,11.6,Unused,M,42,6.0
0,13.59,Unused,M,42,6.0
0,119.0,Unused,M,42,6.0
0,119.0,Unused,M,42,6.0
0,119.0,Unused,M,42,6.0
0,119.0,Unused,M,42,6.0
0,33.98,Unused,M,42,6.0
0,79.0,Unused,M,42,6.0
0,596.0,Unused,M,42,6.0
0,7.0,Unused,M,42,6.0
0,43.96,Unused,M,42,6.0
0,24.49,Unused,M,42,6.0
0,31.8,Unused,M,42,49.73
0,119.0,Unused,M,42,6.0
0,119.0,Unused,M,42,6.0
0,27.18,Unused,M,42,6.0
0,27.18,Unused,M,42,6.0
0,149.0,Unused,M,42,6.0
0,68.66,Used,M,42,35.89
0,39.99,Unused,M,42,6.0
0,27.18,Unused,M,42,6.5
0,149.0,Unused,M,42,6.0
1,245.54,Used,F,38,6.5
0,245.54,Used,F,38,6.5
0,122.77,Used,F,38,6.5
0,163.0,Used,F,38,6.5
0,11.34,Unused,F,38,6.5
0,368.31,Unused,F,38,6.5
0,122.77,Unused,F,38,6.5
0,122.77,Unused,F,38,6.5
0,20.62,Unused,F,38,6.5
0,163.0,Unused,F,38,6.5
0,18.15,Unused,F,38,6.5
0,153.71,Unused,F,38,6.5
0,153.71,Unused,F,38,6.5
0,46.21,Unused,F,38,6.5
0,18.15,Unused,F,38,6.5
1,10.99,Used,F,38,6.0
0,16.99,Unused,F,38,6.0
1,70.0,Used,M,5,58.49
0,10.63,Used,M,5,6.0
0,407.7,Used,M,5,48.59
0,149.0,Used,M,5,6.0
0,140.0,Unused,M,5,58.49
0,7.95,Unused,M,5,12.48
0,39.98,Unused,M,5,6.0
0,372.05,Unused,M,5,48.59
0,79.0,Unused,M,5,6.0
0,70.0,Unused,M,5,58.49
0,416.45,Unused,M,5,48.59
1,36.0,Unused,F,2,55.73
1,18.96,Used,F,2,6.0
0,199.0,Unused,F,2,6.0
0,479.6,Unused,F,2,52.6
1,199.0,Unused,F,2,6.0
0,10.99,Unused,F,2,6.0
0,9.6,Unused,F,2,6.0
0,99.0,Unused,F,2,6.0
0,468.0,Unused,F,2,6.0
0,149.0,Unused,F,2,6.0
0,79.0,Unused,F,2,6.0
0,238.0,Unused,F,2,19.99
0,232.4,Unused,F,2,6.5
0,303.76,Unused,F,2,6.5
1,298.49,Used,F,9,74.74
0,3.87,Used,F,9,6.5
0,32.17,Used,F,9,6.5
0,307.42,Used,F,9,6.5
0,258.03,Unused,F,9,74.74
0,27.81,Unused,F,9,6.5
0,46.21,Unused,F,9,18.47
0,122.77,Unused,F,9,6.5
0,23.08,Unused,F,9,6.5
0,78.3,Unused,F,9,74.74
0,46.21,Unused,F,9,18.47
1,3.08,Unused,F,24,6.5
1,234.77,Used,F,24,6.5
0,119.0,Used,F,24,6.5
0,398.33,Unused,F,24,6.5
0,41.94,Unused,F,24,6.5
1,93.47,Unused,M,3,28.78
1,66.78,Used,M,8,12.48
0,3.47,Used,M,8,6.5
0,151.88,Used,M,8,6.5
0,22.81,Unused,M,8,6.5
0,35.86,Unused,M,8,19.99
0,134.4,Unused,M,8,6.5
0,426.07,Unused,M,8,8.7
0,169.52,Unused,M,8,12.48
0,61.15,Unused,M,8,6.0
0,56.04,Unused,M,8,6.0
0,355.74,Unused,M,8,6.5
0,303.76,Unused,M,8,6.5
0,161.04,Unused,M,8,6.5
0,161.04,Unused,M,8,6.5
0,151.88,Unused,M,8,19.99
0,17.93,Unused,M,8,12.99
0,17.93,Unused,M,8,6.5
1,46.21,Used,M,21,6.5
0,757.23,Used,M,21,6.5
0,245.54,Used,M,21,6.5
0,34.62,Used,M,21,35.3
0,14.02,Used,M,21,6.5
0,247.23,Unused,M,21,6.5
0,69.24,Unused,M,21,35.3
0,61.89,Unused,M,21,6.5
0,44.46,Unused,M,21,35.3
0,14.02,Unused,M,21,6.5
0,153.71,Unused,M,21,6.5
1,70.06,Used,M,21,12.99
0,17.93,Used,M,21,12.99
0,21.4,Used,M,21,6.5
0,19.56,Used,M,21,12.99
0,84.78,Used,M,21,12.99
0,17.93,Unused,M,21,12.99
0,35.86,Unused,M,21,12.99
0,202.84,Unused,M,21,12.99
0,20.38,Unused,M,21,12.99
0,100.91,Unused,M,21,6.5
0,21.8,Unused,M,21,6.5
0,651.78,Unused,M,21,14.25
0,16.3,Unused,M,21,12.99
1,149.0,Unused,M,32,6.5
0,79.0,Unused,M,32,6.5
1,76.98,Used,M,15,6.0
0,90.97,Unused,M,15,6.0
0,12.0,Unused,M,15,6.0
1,13.02,Used,M,32,6.0
0,184.5,Used,M,32,28.37
0,11.98,Used,M,32,6.0
0,595.0,Used,M,32,6.0
0,238.0,Used,M,32,6.0
0,149.0,Used,M,32,6.0
0,9.38,Unused,M,32,6.0
0,199.0,Unused,M,32,6.0
0,199.0,Unused,M,32,6.0
0,199.0,Unused,M,32,6.0
0,32.78,Unused,M,32,6.0
0,96.0,Unused,M,32,28.37
0,1.59,Unused,M,32,6.0
0,119.0,Unused,M,32,12.99
0,119.0,Unused,M,32,6.0
0,149.0,Unused,M,32,6.0
0,199.0,Unused,M,32,8.7
0,119.0,Unused,M,32,6.0
0,104.0,Unused,M,32,8.7
0,16.99,Unused,M,32,6.0
0,298.0,Unused,M,32,6.0
0,119.0,Unused,M,32,6.0
0,238.0,Unused,M,32,6.0
1,71.64,Used,M,4,28.78
0,18.54,Used,M,4,20.74
0,16.5,Used,M,4,6.5
0,57.76,Used,M,4,6.5
0,2.47,Used,M,4,8.91
0,245.54,Used,M,4,6.5
0,163.0,Used,M,4,6.5
0,61.89,Used,M,4,6.5
0,26.42,Unused,M,4,28.78
0,3.28,Unused,M,4,8.91
0,4.12,Unused,M,4,6.5
0,245.54,Unused,M,4,6.5
0,205.3,Unused,M,4,6.5
0,28.86,Unused,M,4,20.74
0,307.42,Unused,M,4,6.5
0,307.42,Unused,M,4,6.5
0,153.71,Unused,M,4,6.5
0,153.71,Unused,M,4,6.5
0,2.47,Unused,M,4,8.91
0,82.52,Unused,M,4,20.74
0,19.59,Unused,M,4,6.5
1,14.0,Used,M,4,6.0
0,34.2,Used,M,4,19.99
0,19.69,Used,M,4,6.0
0,28.78,Used,M,4,6.0
0,149.0,Used,M,4,6.0
0,13.59,Used,M,4,6.0
0,26.4,Used,M,4,6.0
0,50.78,Unused,M,4,6.0
0,28.0,Unused,M,4,6.0
0,199.0,Unused,M,4,6.0
0,21.78,Unused,M,4,6.0
0,44.79,Unused,M,4,6.0
0,29.11,Unused,M,4,6.0
0,22.8,Unused,M,4,19.99
0,4.8,Unused,M,4,6.0
0,119.0,Unused,M,4,6.0
0,119.0,Unused,M,4,6.0
0,22.8,Unused,M,4,6.0
0,119.0,Unused,M,4,6.0
0,13.59,Unused,M,4,6.0
0,13.59,Unused,M,4,6.0
0,13.59,Unused,M,4,6.0
0,149.0,Unused,M,4,6.0
0,10.63,Unused,M,4,6.0
0,18.0,Unused,M,4,6.0
0,13.59,Unused,M,4,6.0
0,27.18,Unused,M,4,6.0
0,13.2,Unused,M,4,6.0
1,11.2,Used,M,46,6.5
0,199.96,Used,M,46,6.5
0,1019.4,Used,M,46,6.5
0,13.59,Used,M,46,6.5
0,16.99,Used,M,46,6.5
0,29.19,Unused,M,46,6.5
0,41.56,Unused,M,46,6.5
0,310.75,Unused,M,46,6.5
0,215.55,Unused,M,46,53.78
0,55.97,Unused,M,46,6.5
0,476.0,Unused,M,46,6.5
0,119.0,Unused,M,46,6.5
0,10.39,Unused,M,46,6.5
0,33.98,Unused,M,46,6.5
1,201.45,Used,M,46,12.48
0,299.5,Used,M,46,6.0
0,119.0,Used,M,46,6.0
0,149.0,Used,M,46,6.0
0,149.0,Used,M,46,6.0
0,136.71,Unused,M,46,16.85
0,17.94,Unused,M,46,6.0
0,21.26,Unused,M,46,12.99
0,238.0,Unused,M,46,6.0
0,30.38,Unused,M,46,6.0
0,79.0,Unused,M,46,6.0
0,237.0,Unused,M,46,6.0
0,238.0,Unused,M,46,6.0
0,149.0,Unused,M,46,6.0
0,237.0,Unused,M,46,6.0
0,11.89,Used,M,46,6.0
1,95.18,Used,M,16,6.0
0,119.0,Used,M,16,6.0
0,25.56,Unused,M,16,6.0
0,4.56,Unused,M,16,6.0
0,30.0,Unused,M,16,6.0
1,4.77,Used,F,18,6.0
0,4.78,Unused,F,18,12.99
0,25.82,Unused,F,18,12.99
0,67.95,Unused,F,18,42.67
0,79.5,Unused,F,18,12.48
0,15.19,Unused,F,18,12.99
1,89.65,Used,M,32,12.99
0,57.0,Unused,M,32,12.99
0,52.8,Unused,M,32,12.99
1,15.99,Used,M,19,6.0
0,56.97,Unused,M,19,6.0
0,237.0,Unused,M,19,6.0
1,8.4,Used,M,19,6.5
0,19.19,Unused,M,19,6.5
0,1.68,Used,M,19,6.0
0,15.17,Unused,M,19,6.0
0,13.99,Unused,M,19,6.0
0,44.94,Unused,M,19,6.0
0,29.98,Used,M,19,19.99
0,4.56,Used,M,19,6.0
0,4.08,Used,M,19,6.0
0,23.97,Unused,M,19,19.99
0,16.51,Unused,M,19,6.0
0,25.98,Unused,M,19,19.99
0,4.56,Unused,M,19,6.0
0,237.0,Unused,M,19,6.0
1,199.0,Used,M,19,6.0
0,119.0,Unused,M,19,6.0
1,22.41,Used,M,19,6.0
0,84.53,Unused,M,19,6.0
0,3.47,Used,M,19,6.5
0,161.04,Used,M,19,6.5
0,4.07,Unused,M,19,6.5
0,6.93,Unused,M,19,6.5
1,45.57,Used,M,28,6.5
0,15.99,Unused,M,28,6.5
0,15.99,Unused,M,28,6.5
1,122.77,Unused,F,5,6.5
0,14.02,Unused,F,5,6.5
1,671.85,Used,F,46,13.75
0,28.68,Used,F,46,35.89
0,119.0,Used,F,46,19.99
0,16.99,Used,F,46,6.0
0,70.26,Unused,F,46,35.89
0,1.99,Unused,F,46,6.0
0,9.12,Unused,F,46,6.0
0,119.0,Unused,F,46,6.0
0,119.0,Unused,F,46,19.99
0,19.43,Unused,F,46,6.0
0,67.96,Unused,F,46,6.0
0,21.6,Unused,F,46,35.89
0,6.99,Unused,F,46,6.0
0,15.99,Unused,F,46,6.0
1,671.2,Used,M,27,26.2
0,21.1,Used,M,27,6.0
0,4.89,Used,M,27,6.0
0,17.59,Used,M,27,6.5
0,238.0,Used,M,27,6.0
0,238.0,Used,M,27,6.0
0,119.0,Used,M,27,6.0
0,119.0,Used,M,27,6.0
0,447.0,Used,M,27,6.0
0,149.0,Used,M,27,6.0
0,298.0,Used,M,27,6.0
0,3.98,Unused,M,27,6.0
0,14.38,Unused,M,27,6.0
0,19.19,Unused,M,27,6.5
0,79.5,Unused,M,27,6.0
0,191.6,Unused,M,27,26.2
0,79.2,Unused,M,27,12.48
0,149.0,Unused,M,27,6.0
0,18.99,Unused,M,27,6.0
0,16.99,Unused,M,27,6.0
0,16.99,Unused,M,27,6.0
0,298.0,Unused,M,27,6.0
0,149.0,Unused,M,27,6.0
0,149.0,Unused,M,27,6.0
0,27.19,Unused,M,27,6.0
0,143.82,Unused,M,27,12.48
0,238.0,Unused,M,27,6.0
1,279.95,Used,M,44,24.37
0,19.19,Used,M,44,6.5
0,119.0,Used,M,44,6.5
0,9.51,Used,M,44,6.5
0,15.99,Used,M,44,6.5
0,15.96,Unused,M,44,6.5
0,71.85,Unused,M,44,12.48
0,119.0,Unused,M,44,6.5
0,15.99,Unused,M,44,6.5
0,61.59,Unused,M,44,6.5
0,228.0,Unused,M,44,6.5
0,4.0,Unused,M,44,6.5
0,119.0,Unused,M,44,6.5
1,119.0,Used,M,44,12.99
0,301.35,Used,M,44,16.1
0,5.98,Used,M,44,6.0
0,43.37,Used,M,44,6.0
0,39.97,Unused,M,44,6.0
0,322.24,Unused,M,44,12.48
0,179.94,Unused,M,44,12.48
0,64.56,Unused,M,44,6.0
0,238.0,Unused,M,44,6.0
0,40.77,Unused,M,44,16.1
1,158.33,Used,M,34,19.02
0,15.99,Used,M,34,6.5
0,86.6,Unused,M,34,19.02
0,11.19,Unused,M,34,6.5
0,59.99,Unused,M,34,6.5
0,47.85,Unused,M,34,85.01
0,13.59,Unused,M,34,19.02
0,19.99,Unused,M,34,6.5
1,317.0,Used,F,8,6.0
0,16.79,Used,F,8,6.0
0,199.0,Unused,F,8,6.0
0,199.0,Unused,F,8,6.0
0,10.63,Unused,F,8,6.0
0,19.99,Unused,F,8,6.0
0,11.4,Unused,F,8,6.0
0,2.39,Unused,F,8,6.0
0,149.0,Unused,F,8,6.0
0,13.2,Unused,F,8,6.0
0,2.39,Unused,F,8,6.0
0,16.79,Unused,F,8,6.0
1,57.76,Used,F,17,6.5
0,6.17,Used,F,17,6.5
0,5.77,Used,F,17,6.5
0,42.77,Used,F,17,24.47
0,122.77,Used,F,17,6.5
0,19.59,Used,F,17,6.5
0,326.0,Used,F,17,6.5
0,153.71,Used,F,17,6.5
0,81.43,Unused,F,17,6.5
0,48.15,Unused,F,17,24.47
0,82.52,Unused,F,17,6.5
0,2.05,Unused,F,17,6.5
0,2.47,Unused,F,17,6.5
0,53.64,Unused,F,17,6.5
0,122.77,Unused,F,17,6.5
0,307.42,Unused,F,17,6.5
0,102.13,Unused,F,17,6.5
1,128.29,Unused,F,17,6.0
0,44.85,Unused,F,17,6.0
1,417.0,Used,F,17,6.0
0,46.76,Unused,F,17,6.0
0,99.99,Unused,F,17,6.0
1,84.78,Used,F,17,6.0
0,29.59,Used,F,17,6.0
0,67.19,Unused,F,17,6.0
0,27.18,Unused,F,17,6.0
0,21.99,Unused,F,17,6.0
1,598.8,Used,F,17,19.99
0,79.0,Used,F,17,6.0
0,2.8,Unused,F,17,19.99
0,34.08,Unused,F,17,6.0
1,2.85,Used,F,46,6.5
0,151.88,Used,F,46,6.5
0,100.91,Unused,F,46,6.5
0,2.85,Unused,F,46,6.5
0,363.9,Unused,F,46,6.5
1,8.99,Used,F,29,6.0
0,3.5,Used,F,29,6.0
0,15.19,Used,F,29,6.0
0,13.98,Used,F,29,6.0
0,20.97,Used,F,29,6.0
0,6.99,Used,F,29,6.0
0,6.99,Used,F,29,6.0
0,6.99,Used,F,29,6.0
0,6.99,Used,F,29,6.0
0,119.0,Used,F,29,6.0
0,238.0,Used,F,29,6.0
0,19.99,Used,F,29,6.0
0,17.59,Unused,F,29,6.0
0,6.97,Unused,F,29,6.0
0,6.98,Unused,F,29,6.0
0,44.79,Unused,F,29,6.0
0,27.19,Unused,F,29,6.0
0,11.98,Unused,F,29,6.0
0,6.99,Unused,F,29,6.0
0,6.99,Unused,F,29,6.0
0,6.99,Unused,F,29,6.0
0,6.99,Unused,F,29,6.0
0,13.98,Unused,F,29,6.0
0,6.99,Unused,F,29,6.0
0,52.37,Unused,F,29,6.0
0,13.29,Unused,F,29,6.0
0,198.0,Unused,F,29,6.0
0,357.0,Unused,F,29,6.0
0,238.0,Unused,F,29,6.0
0,149.0,Unused,F,29,12.99
0,298.0,Unused,F,29,6.0
0,316.0,Unused,F,29,6.0
0,149.0,Unused,F,29,6.0
0,6.99,Unused,F,29,6.0
0,5.97,Unused,F,29,6.0
0,23.99,Unused,F,29,6.0
0,2.99,Unused,F,29,6.0
0,357.0,Unused,F,29,6.0
0,35.38,Unused,F,29,6.0
1,44.79,Used,F,29,6.0
0,238.0,Used,F,29,6.0
0,119.0,Used,F,29,12.99
0,116.36,Unused,F,29,6.0
0,11.4,Unused,F,29,6.0
0,26.39,Unused,F,29,6.0
0,24.69,Unused,F,29,6.0
1,8.79,Used,F,29,6.0
0,198.0,Used,F,29,6.0
0,99.0,Used,F,29,6.0
0,238.0,Used,F,29,6.0
0,349.0,Used,F,29,6.0
0,149.0,Used,F,29,6.0
0,596.0,Used,F,29,6.0
0,198.0,Unused,F,29,6.0
0,575.0,Unused,F,29,6.0
0,198.0,Unused,F,29,19.99
0,149.0,Unused,F,29,6.0
0,79.0,Unused,F,29,6.0
0,149.0,Unused,F,29,6.0
0,714.0,Unused,F,29,6.0
0,349.0,Unused,F,29,6.0
0,79.0,Unused,F,29,6.0
0,298.0,Unused,F,29,6.0
1,123.69,Used,F,11,6.5
0,99.75,Used,F,11,6.5
0,14.99,Unused,F,11,6.0
0,119.0,Unused,F,11,6.0
0,119.0,Unused,F,11,6.0
1,2.0,Unused,F,11,6.0
0,35.1,Unused,F,11,6.0
0,349.0,Unused,F,11,6.0
0,558.0,Unused,F,11,6.5
1,173.94,Used,F,26,6.5
0,11.97,Used,F,26,6.5
0,20.78,Used,F,26,6.5
0,238.0,Used,F,26,6.5
0,16.99,Used,F,26,6.5
0,298.0,Used,F,26,6.5
0,291.35,Unused,F,26,6.5
0,98.99,Unused,F,26,20.85
0,119.0,Unused,F,26,6.5
0,357.0,Unused,F,26,6.5
0,238.0,Unused,F,26,6.5
0,237.0,Unused,F,26,6.5
1,2.8,Used,M,18,6.0
0,199.0,Used,M,18,12.99
0,56.54,Used,M,18,6.0
0,191.6,Used,M,18,14.42
0,13.98,Used,M,18,6.0
0,5.7,Used,M,18,6.0
0,16.79,Used,M,18,6.0
0,7.6,Used,M,18,6.0
0,19.99,Used,M,18,6.0
0,158.0,Used,M,18,6.0
0,13.59,Used,M,18,6.0
0,149.0,Used,M,18,6.0
0,149.0,Used,M,18,6.0
0,33.59,Unused,M,18,6.0
0,11.59,Unused,M,18,6.0
0,199.0,Unused,M,18,6.0
0,10.39,Unused,M,18,6.0
0,28.77,Unused,M,18,6.0
0,28.78,Unused,M,18,6.0
0,9.99,Unused,M,18,6.0
0,39.98,Unused,M,18,6.0
0,17.52,Unused,M,18,6.0
0,15.99,Unused,M,18,6.0
0,149.0,Unused,M,18,6.0
0,395.0,Unused,M,18,6.0
0,199.0,Unused,M,18,8.7
0,27.14,Unused,M,18,6.0
0,36.76,Unused,M,18,6.0
0,238.0,Unused,M,18,12.99
0,149.0,Unused,M,18,6.0
0,149.0,Unused,M,18,6.0
0,199.0,Used,M,18,6.0
0,250.0,Used,M,18,0.0
0,198.0,Used,M,18,6.0
0,99.0,Used,M,18,6.0
0,119.0,Used,M,18,6.0
0,349.0,Used,M,18,6.0
0,298.0,Used,M,18,6.0
0,399.0,Unused,M,18,12.91
0,99.0,Unused,M,18,6.0
0,198.0,Unused,M,18,6.0
0,99.0,Unused,M,18,6.0
0,19.99,Unused,M,18,20.0
0,119.0,Unused,M,18,6.0
0,198.0,Unused,M,18,6.0
0,349.0,Unused,M,18,6.0
0,349.0,Unused,M,18,6.0
0,349.0,Unused,M,18,6.0
0,149.0,Unused,M,18,6.0
1,3.19,Used,F,10,6.5
0,27.93,Used,F,10,6.0
0,149.0,Used,F,10,6.0
0,175.0,Unused,F,10,6.0
0,49.98,Unused,F,10,6.0
0,119.0,Unused,F,10,6.0
0,11.97,Unused,F,10,6.0
0,69.99,Unused,F,10,19.99
0,7.69,Unused,F,10,6.0
1,67.43,Used,M,29,6.0
0,3.5,Used,M,29,6.0
0,198.0,Used,M,29,6.0
0,15.99,Used,M,29,6.0
0,119.0,Used,M,29,6.0
0,119.0,Used,M,29,6.0
0,238.0,Used,M,29,6.0
0,119.0,Used,M,29,6.0
0,14.5,Used,M,29,6.0
0,349.0,Used,M,29,6.0
0,298.0,Used,M,29,6.0
0,395.0,Used,M,29,6.0
0,149.0,Used,M,29,6.0
0,86.11,Unused,M,29,6.0
0,55.99,Unused,M,29,6.0
0,199.0,Unused,M,29,6.0
0,337.0,Unused,M,29,6.0
0,248.0,Unused,M,29,6.0
0,595.0,Unused,M,29,6.0
0,237.0,Unused,M,29,12.48
0,79.0,Unused,M,29,6.0
0,632.0,Unused,M,29,6.0
0,79.0,Unused,M,29,6.0
0,79.0,Unused,M,29,6.0
0,79.0,Unused,M,29,6.0
0,13.59,Unused,M,29,6.0
0,298.0,Unused,M,29,6.0
0,13.49,Unused,M,29,6.0
0,15.99,Unused,M,29,6.0
0,119.99,Unused,M,29,6.0
0,119.0,Unused,M,29,6.0
0,238.0,Unused,M,29,6.0
0,596.0,Unused,M,29,6.0
0,149.0,Unused,M,29,6.0
0,79.0,Unused,M,29,6.0
1,1.59,Used,M,33,12.99
0,79.0,Used,M,33,6.0
0,22.37,Unused,M,33,12.99
0,27.19,Unused,M,33,6.0
0,387.0,Unused,M,33,6.0
0,447.0,Unused,M,33,12.48
0,149.0,Unused,M,33,6.0
0,10.99,Used,M,33,6.0
0,97.53,Used,M,33,12.99
0,31.9,Used,M,33,6.0
0,357.0,Used,M,33,6.0
0,79.74,Used,M,33,6.0
0,19.12,Unused,M,33,19.99
0,20.99,Unused,M,33,6.0
0,117.35,Unused,M,33,12.99
0,24.78,Unused,M,33,6.0
0,395.0,Unused,M,33,6.0
0,55.6,Unused,M,33,6.0
0,38.21,Unused,M,33,12.99
0,84.95,Unused,M,33,6.0
1,16.07,Used,M,33,6.0
0,349.0,Used,M,33,6.0
0,52.49,Used,M,33,6.0
0,10.63,Unused,M,33,6.0
0,99.99,Unused,M,33,6.0
0,349.0,Unused,M,33,6.0
0,298.0,Unused,M,33,6.0
0,3.99,Unused,M,33,6.0
0,349.0,Unused,M,33,6.0
0,466.0,Used,M,33,6.0
0,119.0,Used,M,33,6.0
0,16.99,Used,M,33,20.0
0,28.0,Unused,M,33,19.02
0,238.0,Unused,M,33,6.0
0,744.0,Unused,M,33,6.0
0,41.99,Unused,M,33,6.0
0,14.0,Unused,M,33,19.02
0,119.0,Unused,M,33,6.0
1,2.8,Used,M,29,6.0
0,50.84,Used,M,29,6.0
0,357.0,Used,M,29,6.0
0,357.0,Used,M,29,12.99
0,119.0,Used,M,29,12.99
0,69.29,Used,M,29,6.0
0,19.19,Used,M,29,6.0
0,237.0,Used,M,29,6.0
0,13.29,Unused,M,29,6.0
0,119.0,Unused,M,29,6.0
0,238.0,Unused,M,29,6.0
0,119.0,Unused,M,29,6.0
0,37.58,Unused,M,29,6.0
0,15.19,Unused,M,29,6.0
0,149.0,Unused,M,29,6.0
0,79.0,Unused,M,29,6.0
0,12.31,Unused,M,29,6.0
1,23.98,Used,M,29,6.0
0,79.8,Used,M,29,6.0
0,223.95,Used,M,29,12.48
0,41.98,Used,M,29,6.0
0,149.0,Used,M,29,6.0
0,79.0,Used,M,29,6.0
0,54.36,Used,M,29,6.0
0,13.59,Used,M,29,6.0
0,149.0,Used,M,29,6.0
0,149.0,Used,M,29,6.0
0,69.26,Unused,M,29,6.0
0,238.0,Unused,M,29,6.0
0,149.0,Unused,M,29,6.0
0,41.99,Unused,M,29,6.0
0,13.59,Unused,M,29,6.0
0,149.0,Unused,M,29,6.0
0,298.0,Unused,M,29,6.0
1,17.93,Used,M,29,6.5
0,11.2,Used,M,29,6.0
0,121.3,Used,M,29,6.5
0,80.52,Used,M,29,6.5
0,303.76,Used,M,29,6.5
0,151.88,Used,M,29,6.5
0,202.84,Unused,M,29,6.5
0,99.9,Unused,M,29,6.5
0,261.95,Unused,M,29,6.5
0,121.3,Unused,M,29,6.5
0,242.6,Unused,M,29,6.5
0,121.3,Unused,M,29,6.5
0,322.08,Unused,M,29,6.5
0,151.88,Unused,M,29,6.5
0,17.93,Unused,M,29,6.5
1,238.0,Used,M,37,6.5
0,23.98,Unused,M,37,6.5
0,305.98,Unused,M,37,6.5
0,119.0,Unused,M,37,6.5
0,27.18,Unused,M,37,6.5
0,357.0,Unused,M,37,6.5
0,16.99,Unused,M,37,6.5
1,14.38,Unused,M,37,59.16
0,4.19,Used,M,37,6.0
0,26.58,Used,M,37,6.0
0,44.97,Unused,M,37,6.0
0,43.77,Unused,M,37,6.0
0,31.89,Used,M,37,6.0
0,129.63,Unused,M,37,6.0
1,42.95,Used,M,37,6.0
0,44.79,Used,M,37,6.0
0,10.63,Used,M,37,6.0
0,44.79,Unused,M,37,6.0
0,29.11,Unused,M,37,6.0
0,13.59,Unused,M,37,6.0
1,17.93,Used,M,37,6.5
0,121.3,Used,M,37,6.5
0,11.2,Unused,M,37,6.0
0,121.3,Unused,M,37,19.99
0,121.3,Unused,M,37,6.5
0,355.74,Unused,M,37,6.5
0,355.74,Unused,M,37,6.5
0,402.6,Unused,M,37,6.5
0,80.52,Unused,M,37,6.5
0,202.84,Unused,M,37,8.7
0,121.3,Unused,M,37,6.5
0,241.56,Used,M,37,19.99
0,11.2,Unused,M,37,6.0
0,4.33,Unused,M,37,6.0
0,4.84,Unused,M,37,6.0
1,506.0,Used,F,28,6.0
0,149.0,Used,F,28,6.0
0,55.99,Unused,F,28,6.0
0,45.19,Unused,F,28,19.99
0,119.0,Unused,F,28,6.0
0,119.0,Unused,F,28,19.99
0,30.38,Unused,F,28,6.0
0,149.0,Unused,F,28,6.0
0,88.39,Unused,F,28,19.99
0,447.0,Unused,F,28,6.0
1,35.18,Used,F,28,12.99
0,99.0,Used,F,28,6.5
0,41.59,Used,F,28,14.41
0,215.55,Used,F,28,33.94
0,19.16,Used,F,28,24.49
0,14.8,Used,F,28,6.5
0,1116.0,Used,F,28,6.5
0,897.0,Used,F,28,6.0
0,119.0,Used,F,28,6.5
0,238.0,Used,F,28,6.5
0,349.0,Used,F,28,12.99
0,149.0,Used,F,28,6.5
0,47.85,Unused,F,28,24.49
0,123.13,Unused,F,28,12.99
0,547.0,Unused,F,28,6.5
0,497.0,Unused,F,28,6.5
0,787.2,Unused,F,28,6.0
0,99.0,Unused,F,28,6.5
0,99.0,Unused,F,28,6.5
0,99.0,Unused,F,28,6.5
0,99.0,Unused,F,28,6.5
0,41.59,Unused,F,28,14.41
0,1148.8,Unused,F,28,155.84
0,558.0,Unused,F,28,6.5
0,119.0,Unused,F,28,6.5
0,119.0,Unused,F,28,6.5
0,119.0,Unused,F,28,6.5
0,238.0,Unused,F,28,6.5
0,119.0,Unused,F,28,6.5
0,119.0,Unused,F,28,6.5
0,349.0,Unused,F,28,6.5
0,349.0,Unused,F,28,19.99
0,149.0,Unused,F,28,6.5
0,298.0,Unused,F,28,6.5
0,149.0,Unused,F,28,6.5
0,79.0,Unused,F,28,12.99
0,558.0,Unused,F,28,6.5
0,357.0,Unused,F,28,6.5
1,39.95,Used,F,26,12.99
0,17.1,Used,F,26,6.0
0,2.39,Used,F,26,6.0
0,279.75,Used,F,26,17.84
0,36.79,Used,F,26,6.0
0,26.0,Used,F,26,6.0
0,67.95,Used,F,26,12.48
0,13.59,Used,F,26,6.0
0,596.0,Used,F,26,6.0
0,9.2,Unused,F,26,6.0
0,68.31,Unused,F,26,6.0
0,425.99,Unused,F,26,6.0
0,153.75,Unused,F,26,17.84
0,393.6,Unused,F,26,52.6
0,22.0,Unused,F,26,12.99
0,137.13,Unused,F,26,12.48
0,17.1,Unused,F,26,6.0
0,238.0,Unused,F,26,6.0
0,119.0,Unused,F,26,6.0
0,298.0,Unused,F,26,6.0
0,15.99,Unused,F,26,6.0
0,79.9,Unused,F,26,6.0
0,3.98,Unused,F,26,6.0
0,119.0,Unused,F,26,6.0
0,13.59,Unused,F,26,6.0
1,100.91,Used,M,24,6.5
0,80.52,Used,M,24,6.5
0,151.88,Used,M,24,19.99
0,151.88,Used,M,24,12.99
0,22.81,Unused,M,24,6.5
0,121.3,Unused,M,24,6.5
0,121.3,Unused,M,24,6.5
0,242.6,Unused,M,24,19.99
0,151.88,Unused,M,24,6.5
1,100.91,Unused,F,28,6.5
0,242.6,Unused,F,28,6.5
0,19.36,Unused,F,28,6.0
1,32.5,Used,M,34,6.0
0,113.0,Unused,M,34,6.0
0,58.0,Unused,M,34,6.0
1,26.37,Used,F,50,6.0
0,182.92,Used,F,50,19.02
0,19.08,Used,F,50,19.99
0,71.33,Used,F,50,24.49
0,119.0,Used,F,50,6.0
0,119.0,Used,F,50,6.0
0,54.36,Used,F,50,12.48
0,149.0,Used,F,50,6.0
0,33.52,Unused,F,50,19.99
0,311.76,Unused,F,50,6.0
0,29.82,Unused,F,50,24.49
0,19.99,Unused,F,50,6.0
0,41.59,Unused,F,50,6.0
0,119.0,Unused,F,50,6.0
0,119.0,Unused,F,50,6.0
0,238.0,Unused,F,50,6.0
0,11.19,Unused,F,50,6.0
0,54.36,Unused,F,50,12.48
0,59.98,Unused,F,50,24.49
0,357.0,Unused,F,50,6.0
0,15.19,Unused,F,50,6.0
0,67.95,Unused,F,50,12.48
1,16.2,Used,F,50,6.0
0,33.5,Used,F,50,19.02
0,321.89,Used,F,50,6.0
0,31.35,Used,F,50,6.0
0,119.0,Used,F,50,6.0
0,119.0,Used,F,50,6.0
0,7.69,Unused,F,50,6.0
0,130.6,Unused,F,50,6.0
0,119.0,Unused,F,50,6.0
0,15.19,Unused,F,50,6.0
0,149.0,Unused,F,50,6.0
0,306.24,Unused,F,50,6.0
0,11.4,Unused,F,50,6.0
0,199.0,Used,F,50,6.0
0,427.2,Used,F,50,22.13
0,6.99,Used,F,50,6.0
0,158.0,Used,F,50,6.0
0,8.79,Unused,F,50,6.0
0,25.98,Unused,F,50,6.0
0,104.77,Unused,F,50,12.99
0,136.21,Unused,F,50,22.13
0,7.6,Unused,F,50,6.0
0,387.0,Unused,F,50,6.0
0,149.0,Unused,F,50,6.0
0,8.79,Unused,F,50,12.99
0,745.0,Unused,F,50,12.99
1,26.74,Used,F,50,6.0
0,28.68,Used,F,50,6.5
0,17.57,Used,F,50,6.0
0,238.0,Used,F,50,6.0
0,316.0,Used,F,50,6.0
0,22.0,Used,F,50,6.0
0,5.6,Unused,F,50,6.0
0,398.0,Unused,F,50,6.0
0,4.78,Unused,F,50,6.0
0,119.0,Unused,F,50,6.0
0,149.0,Unused,F,50,6.0
0,13.59,Unused,F,50,6.0
0,6.32,Unused,F,50,6.5
0,199.0,Unused,F,50,6.0
0,12.0,Unused,F,50,6.0
0,198.0,Unused,F,50,6.0
1,44.0,Unused,F,28,6.0
1,202.84,Used,F,17,6.5
0,100.91,Used,F,17,6.5
0,100.91,Used,F,17,6.5
0,100.91,Used,F,17,12.99
0,456.12,Used,F,17,26.4
0,121.3,Used,F,17,6.5
0,355.74,Used,F,17,6.5
0,151.88,Used,F,17,6.5
0,100.91,Unused,F,17,6.5
0,100.91,Unused,F,17,6.5
0,121.3,Unused,F,17,6.5
0,355.74,Unused,F,17,6.5
0,151.88,Unused,F,17,6.5
0,151.88,Unused,F,17,6.5
0,71.28,Unused,F,17,26.4
0,121.3,Unused,F,17,6.5
0,151.88,Unused,F,17,6.5
0,151.88,Unused,F,17,6.5
1,151.05,Used,F,16,15.37
0,10.39,Unused,F,16,6.0
1,20.39,Used,F,42,12.99
0,249.75,Unused,F,42,12.99
0,405.69,Unused,F,42,12.99
0,151.88,Unused,F,42,6.5
1,647.0,Used,M,44,6.0
0,33.59,Used,M,44,6.0
0,28.99,Used,M,44,12.99
0,10.99,Used,M,44,6.0
0,199.0,Used,M,44,6.0
0,129.9,Used,M,44,6.0
0,119.0,Used,M,44,12.99
0,238.0,Used,M,44,6.0
0,7.6,Used,M,44,6.0
0,499.0,Unused,M,44,6.0
0,55.99,Unused,M,44,6.0
0,239.4,Unused,M,44,6.0
0,13.59,Unused,M,44,6.0
0,9.12,Unused,M,44,6.0
0,119.0,Unused,M,44,6.0
0,12.0,Unused,M,44,6.0
0,16.99,Unused,M,44,12.99
0,447.0,Unused,M,44,6.0
0,199.0,Unused,M,44,6.0
0,6.0,Unused,M,44,12.99
1,19.56,Unused,M,37,6.5
1,16.5,Used,F,4,6.5
1,79.0,Used,M,7,6.5
1,3.61,Used,F,41,6.5
0,34.62,Used,F,41,35.3
0,12.88,Unused,F,41,6.5
0,51.52,Unused,F,41,20.78
0,64.32,Unused,F,41,13.78
0,124.0,Unused,F,41,122.74
0,164.75,Unused,F,41,18.47
0,37.11,Unused,F,41,35.3
0,153.71,Unused,F,41,8.7
0,122.77,Unused,F,41,6.5
0,245.54,Unused,F,41,6.5
0,153.71,Unused,F,41,6.5
1,33.59,Used,F,41,6.0
0,4.98,Used,F,41,6.0
0,9.51,Used,F,41,6.0
0,79.0,Used,F,41,6.0
0,149.0,Used,F,41,6.0
0,33.59,Unused,F,41,6.0
0,33.59,Unused,F,41,6.0
0,1.99,Unused,F,41,6.0
0,13.59,Unused,F,41,6.0
0,15.19,Unused,F,41,6.0
0,149.0,Unused,F,41,6.0
0,158.0,Unused,F,41,6.0
0,79.0,Unused,F,41,6.0
0,13.59,Unused,F,41,6.0
0,79.0,Unused,F,41,6.0
0,158.0,Unused,F,41,6.0
0,119.0,Unused,F,41,6.0
1,3.5,Used,F,7,6.0
0,60.76,Used,F,7,6.5
0,159.74,Used,F,7,6.0
0,119.0,Used,F,7,6.0
0,357.0,Used,F,7,6.0
0,119.0,Used,F,7,6.0
0,62.26,Unused,F,7,6.0
0,115.93,Unused,F,7,6.0
0,70.36,Unused,F,7,6.5
0,660.23,Unused,F,7,6.0
0,119.0,Unused,F,7,6.0
0,357.0,Unused,F,7,6.0
0,357.0,Unused,F,7,6.0
0,149.0,Unused,F,7,6.0
0,149.0,Unused,F,7,6.0
0,3.5,Unused,F,7,6.0
0,12.99,Unused,F,7,6.0
0,47.9,Unused,F,7,12.48
0,15.99,Unused,F,7,6.0
0,13.29,Unused,F,7,6.0
1,23.91,Used,F,20,6.0
0,11.19,Used,F,20,12.99
0,10.63,Used,F,20,6.0
0,3.16,Unused,F,20,12.99
0,22.34,Unused,F,20,6.0
0,41.59,Unused,F,20,6.0
0,119.0,Unused,F,20,6.0
0,476.0,Unused,F,20,12.99
0,149.0,Unused,F,20,6.0
0,238.0,Unused,F,20,6.0
0,149.0,Unused,F,20,12.99
1,3.19,Used,F,20,6.5
0,396.0,Used,F,20,6.5
0,149.0,Used,F,20,6.5
0,10.99,Unused,F,20,6.0
0,3.99,Unused,F,20,6.5
1,22.41,Used,F,37,6.0
0,151.88,Used,F,37,6.5
0,17.93,Unused,F,37,6.5
0,3.05,Unused,F,37,6.0
0,80.52,Unused,F,37,6.5
0,303.76,Unused,F,37,6.5
0,17.93,Unused,F,37,6.5
0,242.6,Unused,F,37,6.5
1,18.99,Used,M,2,6.0
0,119.0,Used,M,2,6.0
0,67.19,Used,M,2,6.0
0,149.0,Unused,M,2,6.0
0,79.0,Unused,M,2,6.0
0,31.98,Unused,M,2,12.99
1,43.98,Used,F,32,6.5
0,38.94,Used,F,32,6.5
0,71.98,Used,F,32,6.5
0,62.97,Unused,F,32,6.5
0,24.99,Unused,F,32,6.5
1,4.95,Used,F,9,6.0
0,6.38,Used,F,9,20.0
0,31.8,Used,F,9,15.75
0,18.99,Used,F,9,19.99
0,99.95,Used,F,9,12.48
0,9.59,Unused,F,9,20.0
0,21.57,Unused,F,9,6.0
0,30.17,Unused,F,9,6.0
0,47.96,Unused,F,9,6.0
0,792.98,Unused,F,9,28.73
0,18.99,Unused,F,9,19.99
0,32.45,Unused,F,9,6.0
0,119.0,Unused,F,9,6.0
0,119.0,Unused,F,9,19.99
0,238.0,Unused,F,9,6.0
0,15.19,Unused,F,9,6.0
0,495.38,Unused,F,9,28.73
0,11.99,Unused,F,9,6.0
0,13.59,Unused,F,9,19.99
0,18.99,Unused,F,9,6.0
0,15.19,Unused,F,9,15.75
0,13.59,Unused,F,9,6.0
1,30.38,Used,M,25,6.5
0,119.0,Used,M,25,6.5
0,119.0,Used,M,25,6.5
0,78.97,Unused,M,25,6.5
0,8.79,Unused,M,25,6.5
0,21.98,Unused,M,25,6.5
0,49.95,Unused,M,25,6.5
0,357.0,Unused,M,25,6.5
0,238.0,Unused,M,25,6.5
0,119.0,Unused,M,25,6.5
0,19.19,Unused,M,25,6.5
0,16.99,Unused,M,25,6.5
0,316.0,Unused,M,25,6.5
0,79.0,Unused,M,25,6.5
0,149.0,Unused,M,25,6.5
0,29.9,Unused,M,25,6.5
0,3.99,Unused,M,25,6.5
0,119.0,Unused,M,25,6.5
0,19.19,Used,M,25,6.5
0,10.99,Used,M,25,6.5
0,124.78,Used,M,25,6.5
0,119.0,Used,M,25,6.5
0,119.0,Used,M,25,6.5
0,149.0,Used,M,25,6.5
0,139.65,Unused,M,25,18.47
0,31.98,Unused,M,25,6.5
0,18.98,Unused,M,25,6.5
0,119.26,Unused,M,25,6.5
0,238.0,Unused,M,25,6.5
0,119.0,Unused,M,25,6.5
0,395.0,Unused,M,25,6.5
0,149.0,Unused,M,25,6.5
0,149.0,Unused,M,25,6.5
0,238.0,Unused,M,25,6.5
0,238.0,Unused,M,25,6.5
0,19.99,Unused,M,25,6.5
0,99.0,Unused,M,25,6.5
0,79.0,Unused,M,25,6.5
0,16.99,Unused,M,25,6.5
0,16.99,Unused,M,25,6.5
1,9.59,Used,M,25,12.99
0,46.55,Used,M,25,6.0
0,55.35,Used,M,25,6.0
0,29.1,Used,M,25,6.0
0,357.0,Used,M,25,6.0
0,237.0,Used,M,25,6.0
0,447.0,Used,M,25,6.0
0,69.23,Unused,M,25,12.99
0,37.99,Unused,M,25,6.0
0,16.32,Unused,M,25,6.0
0,536.0,Unused,M,25,19.99
0,119.0,Unused,M,25,6.0
0,149.0,Unused,M,25,6.0
0,149.0,Unused,M,25,6.0
0,199.0,Unused,M,25,6.0
0,799.9,Unused,M,25,16.47
0,11.0,Unused,M,25,6.0
0,16.99,Unused,M,25,19.99
1,60.32,Used,F,8,6.5
0,34.23,Used,F,8,6.5
0,121.3,Used,F,8,6.5
0,151.88,Used,F,8,6.5
0,5.09,Unused,F,8,6.0
0,17.93,Unused,F,8,6.5
0,274.19,Unused,F,8,8.7
0,201.82,Unused,F,8,12.99
0,52.99,Unused,F,8,6.0
0,67.77,Unused,F,8,6.0
0,32.6,Unused,F,8,6.0
0,355.74,Unused,F,8,6.5
0,151.88,Unused,F,8,6.5
0,151.88,Unused,F,8,6.5
0,100.91,Unused,F,8,6.5
0,121.3,Unused,F,8,12.99
1,28.9,Used,M,20,41.3
0,80.38,Used,M,20,6.5
0,245.54,Used,M,20,6.5
0,81.5,Used,M,20,6.5
0,153.71,Used,M,20,6.5
0,153.71,Used,M,20,35.3
0,92.79,Unused,M,20,6.5
0,338.1,Unused,M,20,41.3
0,212.48,Unused,M,20,6.5
0,2.05,Unused,M,20,6.5
0,122.77,Unused,M,20,6.5
0,153.71,Unused,M,20,6.5
0,153.71,Unused,M,20,6.5
0,153.71,Unused,M,20,6.5
0,14.45,Unused,M,20,41.3
0,197.96,Unused,M,20,6.5
0,81.5,Unused,M,20,6.5
0,153.71,Unused,M,20,6.5
0,821.2,Unused,M,20,86.21
1,8.98,Used,M,20,6.0
0,119.0,Used,M,20,6.0
0,149.0,Used,M,20,6.0
0,11.0,Used,M,20,6.0
0,398.0,Unused,M,20,6.0
0,793.0,Unused,M,20,6.0
0,99.0,Unused,M,20,6.0
0,15.98,Unused,M,20,6.0
0,21.37,Unused,M,20,6.0
0,41.2,Unused,M,20,6.0
0,349.0,Unused,M,20,6.0
0,149.0,Unused,M,20,6.0
0,99.0,Unused,M,20,6.0
0,5.7,Unused,M,20,6.0
0,35.2,Unused,M,20,6.0
1,119.0,Used,M,20,6.5
0,238.0,Unused,M,20,6.5
1,14.69,Used,F,37,6.0
0,24.99,Used,F,37,6.0
0,149.0,Used,F,37,6.0
0,55.99,Unused,F,37,15.75
0,24.99,Unused,F,37,6.0
0,119.0,Unused,F,37,6.0
0,149.0,Unused,F,37,6.0
0,25.9,Unused,F,37,6.0
0,17.98,Unused,F,37,6.0
1,19.99,Used,F,37,6.0
0,13.59,Unused,F,37,6.0
0,10.63,Unused,F,37,6.0
1,223.3,Used,F,37,12.91
0,5.6,Used,F,37,6.0
0,47.8,Used,F,37,14.96
0,199.0,Used,F,37,19.99
0,173.8,Unused,F,37,14.96
0,5.6,Unused,F,37,6.0
0,199.0,Unused,F,37,6.0
0,158.0,Unused,F,37,6.0
0,23.9,Unused,F,37,14.96
1,11.19,Used,F,28,6.0
0,3.35,Unused,F,28,6.0
0,119.0,Unused,F,28,6.0
1,238.0,Unused,F,28,6.0
0,34.97,Used,F,28,6.0
1,8.4,Used,F,28,6.0
1,39.17,Used,M,41,28.78
0,3.98,Used,M,41,12.76
0,191.6,Used,M,41,62.74
0,43.11,Used,M,41,13.78
0,9.99,Used,M,41,6.5
0,119.0,Used,M,41,6.5
0,28.78,Used,M,41,6.5
0,15.99,Used,M,41,6.5
0,179.97,Used,M,41,18.47
0,237.0,Used,M,41,6.5
0,149.0,Used,M,41,6.5
0,149.0,Used,M,41,6.5
0,42.29,Unused,M,41,28.78
0,35.46,Unused,M,41,6.5
0,53.56,Unused,M,41,6.5
0,401.6,Unused,M,41,6.5
0,8.75,Unused,M,41,12.76
0,19.19,Unused,M,41,11.1
0,43.02,Unused,M,41,13.78
0,305.49,Unused,M,41,6.5
0,86.38,Unused,M,41,6.5
0,33.58,Unused,M,41,6.5
0,55.99,Unused,M,41,6.5
0,119.0,Unused,M,41,18.47
0,119.0,Unused,M,41,6.5
0,119.0,Unused,M,41,6.5
0,253.0,Unused,M,41,8.7
0,357.0,Unused,M,41,6.5
0,238.0,Unused,M,41,6.5
0,119.0,Unused,M,41,6.5
0,238.0,Unused,M,41,6.5
0,201.42,Unused,M,41,62.74
0,18.99,Unused,M,41,6.5
0,16.99,Unused,M,41,6.5
0,298.0,Unused,M,41,6.5
0,124.5,Unused,M,41,6.5
0,14.38,Unused,M,41,12.76
0,143.8,Unused,M,41,62.74
0,41.59,Unused,M,41,6.5
0,18.99,Unused,M,41,6.5
0,238.0,Unused,M,41,6.5
1,69.99,Used,M,41,6.0
0,56.0,Used,M,41,35.89
0,37.97,Used,M,41,6.0
0,382.4,Used,M,41,6.0
0,71.7,Used,M,41,12.48
0,223.95,Used,M,41,12.48
0,79.0,Used,M,41,6.0
0,29.17,Unused,M,41,6.0
0,238.0,Unused,M,41,6.0
0,37.98,Unused,M,41,6.0
0,15.19,Unused,M,41,6.0
0,27.18,Unused,M,41,6.0
0,149.0,Unused,M,41,6.0
0,30.98,Unused,M,41,6.0
0,2.0,Unused,M,41,6.0
0,95.8,Unused,M,41,35.89
0,113.52,Unused,M,41,6.0
0,149.0,Unused,M,41,6.0
1,10.76,Used,F,22,6.0
0,11.5,Used,F,22,6.0
0,1.68,Used,F,22,6.0
0,2.99,Used,F,22,6.0
0,1.99,Used,F,22,6.0
0,76.8,Used,F,22,46.5
0,4.56,Used,F,22,6.0
0,2.99,Used,F,22,6.0
0,119.0,Used,F,22,6.0
0,119.0,Used,F,22,6.0
0,119.0,Used,F,22,6.0
0,13.59,Used,F,22,6.0
0,149.0,Used,F,22,6.0
0,149.0,Used,F,22,6.0
0,149.0,Used,F,22,6.0
0,314.74,Unused,F,22,46.5
0,8.79,Unused,F,22,6.0
0,10.19,Unused,F,22,6.0
0,1.59,Unused,F,22,6.0
0,88.96,Unused,F,22,12.99
0,44.79,Unused,F,22,6.0
0,2.39,Unused,F,22,6.0
0,21.98,Unused,F,22,6.0
0,45.58,Unused,F,22,6.0
0,20.98,Unused,F,22,6.0
0,34.5,Unused,F,22,6.0
0,7.6,Unused,F,22,6.0
0,7.6,Unused,F,22,6.0
0,268.0,Unused,F,22,6.0
0,119.0,Unused,F,22,6.0
0,119.0,Unused,F,22,6.0
0,119.0,Unused,F,22,6.0
0,22.09,Unused,F,22,6.0
0,298.0,Unused,F,22,6.0
0,298.0,Unused,F,22,6.0
0,693.0,Unused,F,22,6.0
0,237.0,Unused,F,22,6.0
0,149.0,Unused,F,22,6.0
0,63.8,Unused,F,22,46.5
0,18.39,Unused,F,22,6.0
0,26.19,Unused,F,22,6.0
0,14.69,Unused,F,22,6.0
0,31.99,Unused,F,22,6.0
0,9.49,Unused,F,22,6.0
0,13.59,Unused,F,22,6.0
0,31.18,Unused,F,22,6.0
0,13.59,Unused,F,22,6.0
0,31.48,Used,F,22,6.0
0,12.99,Unused,F,22,6.0
0,16.99,Unused,F,22,6.0
1,71.9,Used,F,7,6.5
0,79.97,Used,F,7,6.5
0,63.57,Used,F,7,18.12
0,745.0,Used,F,7,8.7
0,228.0,Used,F,7,6.5
0,44.79,Unused,F,7,6.5
0,119.0,Unused,F,7,6.5
0,119.0,Unused,F,7,6.5
0,61.59,Unused,F,7,6.5
0,13.59,Unused,F,7,18.12
0,13.59,Unused,F,7,6.5
0,44.79,Unused,F,7,6.5
0,44.79,Unused,F,7,6.5
0,398.0,Unused,F,7,8.7
0,8.4,Used,F,7,12.48
0,4.77,Unused,F,7,12.48
0,50.0,Unused,F,7,0.0
0,13.99,Unused,F,7,6.0
1,59.35,Used,M,18,33.04
0,119.75,Unused,M,18,33.04
0,5.7,Unused,M,18,6.0
1,53.85,Unused,F,15,12.48
0,10.99,Unused,F,15,6.5
0,44.79,Unused,F,15,6.5
0,238.0,Unused,F,15,6.5
0,238.0,Unused,F,15,6.5
0,67.19,Unused,F,15,6.5
1,32.18,Used,F,9,6.0
0,10.63,Used,F,9,44.06
0,149.0,Used,F,9,6.0
0,19.99,Used,F,9,6.0
0,31.47,Unused,F,9,6.0
0,69.89,Unused,F,9,6.0
0,79.39,Unused,F,9,44.06
0,119.0,Unused,F,9,6.0
0,238.0,Unused,F,9,6.0
0,18.99,Unused,F,9,75.0
0,237.0,Unused,F,9,6.0
0,2.39,Unused,F,9,44.06
1,2.05,Used,F,12,6.5
0,28.04,Used,F,12,6.5
0,17.53,Used,F,12,6.5
0,19.59,Used,F,12,6.5
0,61.86,Used,F,12,6.5
0,229.49,Unused,F,12,6.5
0,127.86,Unused,F,12,6.5
0,146.8,Unused,F,12,6.5
0,102.13,Unused,F,12,6.5
0,244.5,Unused,F,12,6.5
0,153.71,Unused,F,12,6.5
0,153.71,Unused,F,12,6.5
0,154.64,Unused,F,12,6.5
0,122.77,Unused,F,12,6.5
0,32.17,Unused,F,12,6.5
0,2.05,Used,F,12,6.5
0,4.12,Unused,F,12,6.5
0,25.78,Unused,F,12,6.5
0,153.71,Unused,F,12,6.5
1,55.43,Used,F,12,6.0
0,119.0,Used,F,12,6.0
0,15.99,Used,F,12,6.0
0,158.0,Used,F,12,12.99
0,45.5,Unused,F,12,19.99
0,238.0,Unused,F,12,6.0
0,119.0,Unused,F,12,6.0
0,119.0,Unused,F,12,6.0
0,119.0,Unused,F,12,6.0
0,158.0,Unused,F,12,12.99
0,45.5,Unused,F,12,19.99
0,119.0,Unused,F,12,6.0
1,47.82,Used,F,16,6.0
0,15.96,Used,F,16,19.99
0,38.39,Used,F,16,6.5
0,17.59,Used,F,16,6.0
0,70.36,Used,F,16,12.48
0,8.38,Used,F,16,6.0
0,47.88,Unused,F,16,12.48
0,79.03,Unused,F,16,6.0
0,39.8,Unused,F,16,12.99
0,3.99,Unused,F,16,6.0
0,238.0,Unused,F,16,6.0
0,149.0,Unused,F,16,6.0
0,149.0,Unused,F,16,6.0
0,17.59,Unused,F,16,6.0
1,19.98,Used,F,16,6.0
0,99.0,Used,F,16,6.5
0,99.0,Used,F,16,6.5
0,83.18,Used,F,16,20.85
0,54.97,Used,F,16,6.5
0,357.0,Used,F,16,6.5
0,298.0,Used,F,16,6.5
0,20.72,Unused,F,16,6.0
0,41.59,Unused,F,16,6.5
0,83.18,Unused,F,16,20.85
0,119.0,Unused,F,16,6.5
0,395.0,Unused,F,16,6.5
0,149.0,Unused,F,16,6.5
0,41.59,Unused,F,16,14.41
0,119.0,Unused,F,16,6.5
1,3.4,Used,F,44,6.0
0,5.49,Unused,F,44,6.0
0,119.0,Unused,F,44,12.99
0,268.0,Unused,F,44,6.0
0,447.0,Unused,F,44,6.0
1,18.28,Used,F,50,6.0
0,199.0,Unused,F,50,6.0
0,7.0,Unused,F,50,6.0
0,35.85,Unused,F,50,6.5
0,23.85,Unused,F,50,6.5
0,2.99,Unused,F,50,6.0
1,49.92,Unused,F,22,6.0
1,355.74,Used,F,22,6.5
0,252.79,Unused,F,22,6.5
0,121.3,Unused,F,22,6.5
0,303.76,Unused,F,22,12.99
1,23.9,Used,M,29,12.91
0,28.5,Used,M,29,6.0
0,119.0,Used,M,29,6.0
0,300.26,Unused,M,29,19.99
0,213.3,Unused,M,29,12.91
0,179.0,Unused,M,29,14.96
0,19.99,Unused,M,29,42.67
0,119.0,Unused,M,29,6.0
0,31.8,Unused,M,29,14.96
0,46.5,Unused,M,29,19.99
0,13.59,Unused,M,29,42.67
0,29.7,Unused,M,29,6.0
1,619.3,Used,F,10,6.0
0,149.0,Used,F,10,6.0
0,137.48,Unused,F,10,6.0
0,119.0,Unused,F,10,6.0
0,395.0,Unused,F,10,6.0
0,19.99,Unused,F,10,6.0
0,1200.93,Unused,F,10,6.0
0,26.98,Unused,F,10,6.0
0,18.99,Used,F,10,6.0
0,237.0,Used,F,10,6.0
0,237.0,Used,F,10,6.0
0,28.57,Unused,F,10,6.0
0,380.94,Unused,F,10,12.99
0,38.28,Unused,F,10,6.0
0,20.98,Unused,F,10,6.0
0,13.99,Unused,F,10,6.0
0,119.0,Unused,F,10,6.0
0,79.0,Unused,F,10,6.0
0,13.59,Unused,F,10,6.0
0,37.99,Unused,F,10,6.0
0,17.49,Unused,F,10,6.0
0,15.19,Unused,F,10,6.0
0,13.59,Unused,F,10,6.0
0,298.0,Unused,F,10,6.0
1,31.99,Used,F,10,12.99
0,158.0,Used,F,10,6.0
0,13.59,Used,F,10,6.0
0,13.2,Unused,F,10,6.0
0,26.86,Unused,F,10,6.0
0,144.0,Unused,F,10,13.38
0,30.38,Unused,F,10,6.0
0,6.0,Unused,F,10,12.99
0,81.54,Unused,F,10,6.5
0,27.18,Unused,F,10,6.0
0,506.0,Unused,F,10,6.0
0,66.0,Unused,F,10,12.99
0,149.0,Unused,F,10,6.0
0,17.52,Unused,F,10,6.0
0,8.4,Unused,F,10,6.0
0,17.4,Unused,F,10,12.99
0,11.1,Unused,F,10,6.0
0,13.99,Unused,F,10,12.99
0,79.0,Unused,F,10,6.0
1,22.57,Used,F,25,6.5
0,2.05,Used,F,25,50.0
0,122.77,Used,F,25,6.5
0,245.54,Used,F,25,6.5
0,122.77,Used,F,25,6.5
0,122.77,Used,F,25,6.5
0,12.36,Unused,F,25,6.5
0,85.59,Unused,F,25,6.5
0,84.58,Unused,F,25,6.5
0,244.5,Unused,F,25,6.5
0,153.71,Unused,F,25,6.5
0,15.5,Unused,F,25,6.5
0,20.62,Unused,F,25,6.5
0,153.71,Unused,F,25,6.5
1,199.0,Used,F,42,6.0
0,3.98,Used,F,42,6.0
0,4.8,Used,F,42,6.5
0,744.0,Used,F,42,6.0
0,199.0,Unused,F,42,6.0
0,18.99,Unused,F,42,6.0
0,786.0,Unused,F,42,6.0
0,149.0,Unused,F,42,6.0
0,149.0,Unused,F,42,6.0
0,12.16,Unused,F,42,6.5
1,297.34,Unused,F,3,13.75
1,9.55,Used,M,10,16.47
1,63.17,Used,M,10,6.0
0,286.48,Used,M,10,15.37
0,10.63,Used,M,10,6.0
0,325.07,Unused,M,10,15.37
0,10.63,Unused,M,10,6.0
0,15.19,Unused,M,10,6.0
0,395.0,Unused,M,10,6.0
0,119.0,Unused,M,10,6.0
0,357.0,Unused,M,10,6.0
0,13.59,Unused,M,10,6.0
1,1.59,Used,F,22,6.5
0,7.98,Unused,F,22,6.5
1,46.37,Used,F,2,6.5
0,39.19,Used,F,2,6.5
0,13.59,Used,F,2,6.5
0,35.16,Unused,F,2,6.5
0,19.19,Unused,F,2,6.5
0,30.39,Unused,F,2,6.5
0,26.37,Unused,F,2,6.5
1,11.75,Used,F,2,6.0
0,11.19,Unused,F,2,6.0
1,44.79,Used,M,13,6.5
0,15.99,Used,M,13,102.79
0,75.18,Unused,M,13,6.5
0,347.0,Unused,M,13,6.5
0,206.35,Unused,M,13,102.79
0,35.18,Unused,M,13,102.79
1,26.62,Used,M,13,6.0
1,18.99,Used,M,13,6.0
0,18.99,Unused,M,13,6.0
1,238.0,Used,F,48,6.5
0,119.0,Used,F,48,6.5
0,19.19,Used,F,48,6.5
0,79.0,Used,F,48,6.5
0,149.0,Used,F,48,6.5
0,119.0,Unused,F,48,6.5
0,15.19,Unused,F,48,6.5
0,149.0,Unused,F,48,6.5
0,119.0,Unused,F,48,6.5
0,11.19,Unused,F,48,6.5
0,7.9,Used,F,48,6.5
0,12.99,Used,F,48,6.5
0,42.23,Unused,F,48,6.5
1,2.8,Used,M,39,6.5
0,186.92,Used,M,39,6.5
0,30.37,Used,M,39,6.5
0,88.06,Used,M,39,6.5
0,41.93,Used,M,39,6.5
0,39.99,Used,M,39,6.5
0,88.37,Used,M,39,30.92
0,119.0,Used,M,39,6.5
0,99.0,Used,M,39,6.5
0,79.0,Used,M,39,6.5
0,52.49,Used,M,39,6.5
0,267.64,Unused,M,39,6.5
0,7.18,Unused,M,39,6.5
0,60.93,Unused,M,39,6.5
0,136.71,Unused,M,39,30.92
0,26.98,Unused,M,39,6.5
0,119.0,Unused,M,39,6.5
0,119.0,Unused,M,39,6.5
0,149.0,Unused,M,39,20.85
0,7.98,Unused,M,39,6.5
0,89.93,Unused,M,39,6.5
0,191.79,Unused,M,39,30.92
0,41.99,Unused,M,39,6.5
1,149.0,Used,F,10,8.7
0,149.0,Used,F,10,6.0
0,447.0,Used,F,10,6.0
0,139.75,Unused,F,10,13.75
0,547.0,Unused,F,10,8.7
0,476.0,Unused,F,10,6.0
0,158.0,Unused,F,10,6.0
0,79.0,Unused,F,10,6.0
0,119.0,Unused,F,10,6.0
0,149.0,Unused,F,10,6.0
1,25.0,Used,F,10,0.0
0,25.0,Used,F,10,0.0
0,237.0,Used,F,10,19.99
0,50.97,Used,F,10,12.99
0,25.0,Unused,F,10,0.0
0,25.0,Unused,F,10,0.0
0,25.0,Unused,F,10,0.0
0,25.0,Unused,F,10,0.0
0,119.0,Unused,F,10,19.99
0,395.0,Unused,F,10,19.99
0,16.99,Unused,F,10,12.99
0,595.0,Unused,F,10,6.0
1,27.98,Used,F,10,6.0
0,19.99,Used,F,10,6.0
0,8.99,Used,F,10,6.0
0,4.8,Used,F,10,6.0
0,119.0,Used,F,10,6.0
0,259.85,Unused,F,10,14.85
0,18.28,Unused,F,10,6.0
0,6.0,Unused,F,10,6.0
0,39.2,Unused,F,10,6.0
0,59.95,Unused,F,10,14.85
0,199.0,Used,F,10,6.0
0,9.59,Used,F,10,6.0
0,31.17,Unused,F,10,6.0
0,23.5,Unused,F,10,6.0
0,4.56,Used,F,10,6.0
0,6.0,Used,F,10,6.0
0,46.5,Used,F,10,12.99
0,198.0,Used,F,10,6.0
0,19.99,Used,F,10,6.0
0,149.0,Used,F,10,6.0
0,16.99,Used,F,10,6.0
0,149.0,Used,F,10,6.0
0,27.98,Unused,F,10,12.99
0,17.4,Unused,F,10,6.0
0,39.99,Unused,F,10,6.0
0,11.7,Unused,F,10,6.0
0,198.0,Unused,F,10,6.0
0,119.0,Unused,F,10,6.0
0,119.0,Unused,F,10,6.0
0,13.29,Unused,F,10,6.0
0,149.0,Unused,F,10,6.0
0,237.0,Unused,F,10,6.0
0,298.0,Unused,F,10,6.0
1,19.96,Unused,F,10,6.0
0,149.0,Unused,F,10,6.0
0,99.0,Unused,F,10,6.0
1,1.02,Used,F,10,6.0
0,201.82,Used,F,10,12.99
0,6.1,Used,F,10,6.0
0,56.02,Unused,F,10,6.0
0,20.37,Unused,F,10,6.5
0,363.9,Unused,F,10,6.5
0,161.04,Unused,F,10,6.5
0,100.91,Used,F,10,6.5
0,485.2,Used,F,10,6.5
0,53.79,Unused,F,10,6.5
0,35.86,Unused,F,10,6.5
0,17.93,Unused,F,10,6.5
0,100.91,Unused,F,10,12.99
1,238.0,Unused,M,44,6.5
0,8395.0,Used,M,44,6.5
0,1.5,Used,M,44,6.5
0,18.27,Unused,M,44,6.5
0,7043.5,Unused,M,44,6.5
0,348.25,Unused,M,44,20.85
0,37.98,Unused,M,44,6.5
1,14.32,Used,M,44,13.38
0,3.5,Used,M,44,6.0
0,121.2,Unused,M,44,13.38
0,75.96,Unused,M,44,6.0
0,4.77,Unused,M,44,13.38
0,357.0,Unused,M,44,6.0
1,59.85,Used,M,44,13.75
0,29.97,Used,M,44,6.0
0,79.0,Used,M,44,6.0
0,10.5,Unused,M,44,6.0
0,44.4,Unused,M,44,6.0
0,6.0,Unused,M,44,6.0
0,198.0,Unused,M,44,6.0
0,179.4,Unused,M,44,13.75
0,79.0,Unused,M,44,6.0
0,149.0,Unused,M,44,6.0
0,199.0,Unused,M,44,6.0
0,3.8,Unused,M,44,6.0
0,149.0,Unused,M,44,6.0
1,42.39,Used,M,44,6.5
0,241.56,Unused,M,44,12.99
0,100.91,Used,M,44,6.5
0,121.3,Used,M,44,6.5
0,202.84,Unused,M,44,6.5
0,149.85,Unused,M,44,6.5
0,22.41,Unused,M,44,6.0
0,121.3,Unused,M,44,6.5
0,546.36,Unused,M,44,19.99
0,273.18,Unused,M,44,6.5
0,151.88,Unused,M,44,6.5
0,100.91,Unused,M,44,6.5
0,161.04,Unused,M,44,19.99
0,455.64,Unused,M,44,12.99
1,23.99,Used,M,30,6.0
0,18.99,Used,M,30,6.0
0,238.0,Used,M,30,6.0
0,76.99,Used,M,30,6.0
0,15.19,Used,M,30,6.5
0,79.0,Used,M,30,6.0
0,16.79,Unused,M,30,6.0
0,35.98,Unused,M,30,6.0
0,149.0,Unused,M,30,6.0
0,45.57,Unused,M,30,6.5
0,10.39,Unused,M,30,40.25
1,67.45,Used,M,30,6.0
0,199.0,Used,M,30,6.0
0,278.0,Used,M,30,6.0
0,99.0,Used,M,30,6.0
0,199.5,Used,M,30,28.37
0,129.06,Used,M,30,18.59
0,18.99,Used,M,30,6.0
0,2.0,Used,M,30,6.0
0,349.0,Used,M,30,6.0
0,79.0,Used,M,30,12.99
0,32.44,Unused,M,30,6.0
0,199.0,Unused,M,30,6.0
0,22.5,Unused,M,30,12.99
0,311.7,Unused,M,30,140.68
0,318.78,Unused,M,30,12.99
0,311.38,Unused,M,30,18.59
0,1.99,Unused,M,30,6.0
0,164.99,Unused,M,30,6.0
0,999.5,Unused,M,30,28.37
0,747.0,Unused,M,30,12.48
0,558.0,Unused,M,30,6.0
0,119.0,Unused,M,30,6.0
0,349.0,Unused,M,30,6.0
0,149.0,Unused,M,30,6.0
0,158.0,Unused,M,30,6.0
0,149.0,Unused,M,30,6.0
0,88.3,Unused,M,30,12.99
0,7.5,Unused,M,30,6.0
0,90.98,Unused,M,30,6.0
0,99.0,Unused,M,30,12.48
0,2.39,Unused,M,30,6.0
0,119.0,Unused,M,30,6.5
0,349.0,Unused,M,30,6.0
1,169.56,Used,M,30,6.5
0,91.31,Used,M,30,6.5
0,100.91,Used,M,30,6.5
0,4.33,Used,M,30,6.0
0,355.74,Used,M,30,6.5
0,151.88,Used,M,30,12.99
0,133.7,Unused,M,30,12.99
0,97.84,Unused,M,30,12.99
0,244.6,Unused,M,30,6.5
0,242.6,Unused,M,30,6.5
0,12.99,Unused,M,30,6.0
0,151.88,Unused,M,30,6.5
0,151.88,Unused,M,30,6.5
0,100.91,Unused,M,30,6.5
0,100.91,Unused,M,30,6.5
0,80.52,Unused,M,30,6.5
1,99.0,Used,F,47,6.0
0,35.94,Used,F,47,6.0
0,8.8,Used,F,47,6.0
0,349.0,Used,F,47,6.0
0,15.9,Unused,F,47,6.0
0,112.4,Unused,F,47,6.0
0,4.79,Unused,F,47,6.0
0,349.0,Unused,F,47,6.0
0,349.0,Unused,F,47,6.0
0,15.19,Unused,F,47,6.0
1,118.98,Used,M,18,6.0
0,125.15,Used,M,18,6.0
0,119.0,Used,M,18,19.99
0,500.0,Unused,M,18,0.0
0,13.29,Unused,M,18,6.0
0,4.78,Unused,M,18,6.0
0,119.0,Unused,M,18,6.0
0,119.0,Unused,M,18,19.99
1,511.36,Used,F,17,39.46
0,16.79,Used,F,17,6.0
0,63.96,Used,F,17,12.99
0,547.82,Used,F,17,54.55
0,10.63,Used,F,17,6.0
0,59.99,Used,F,17,19.99
0,16.99,Used,F,17,6.0
0,35.95,Unused,F,17,12.99
0,203.31,Unused,F,17,49.62
0,1199.0,Unused,F,17,54.55
0,31.99,Unused,F,17,6.0
0,44.79,Unused,F,17,19.99
0,86.38,Unused,F,17,6.0
0,47.97,Unused,F,17,6.0
0,76.48,Unused,F,17,39.46
0,119.0,Unused,F,17,6.0
0,15.39,Unused,F,17,12.99
0,12.31,Unused,F,17,6.0
1,17.94,Used,F,17,6.0
0,8.97,Unused,F,17,6.0
1,204.97,Used,F,39,323.47
1,129.53,Used,M,25,6.5
0,205.92,Unused,M,25,6.5
1,10.99,Used,F,35,6.5
0,89.7,Used,F,35,30.35
0,26.38,Used,F,35,6.5
0,2.39,Used,F,35,6.5
0,44.79,Used,F,35,6.5
0,37.58,Used,F,35,6.5
0,119.0,Used,F,35,6.5
0,119.0,Used,F,35,6.5
0,238.0,Used,F,35,6.5
0,16.99,Used,F,35,6.5
0,21.99,Used,F,35,6.5
0,149.0,Used,F,35,6.5
0,284.3,Unused,F,35,30.35
0,10.99,Unused,F,35,6.5
0,16.68,Unused,F,35,6.5
0,5.57,Unused,F,35,6.5
0,35.18,Unused,F,35,6.5
0,4.99,Unused,F,35,6.5
0,209.78,Unused,F,35,6.5
0,31.35,Unused,F,35,6.5
0,44.94,Unused,F,35,6.5
0,31.98,Unused,F,35,6.5
0,13.29,Unused,F,35,6.5
0,149.0,Unused,F,35,8.7
0,63.96,Unused,F,35,24.49
0,149.0,Unused,F,35,6.5
0,4.78,Unused,F,35,6.5
0,16.99,Unused,F,35,6.5
0,63.96,Unused,F,35,24.49
0,149.0,Unused,F,35,6.5
1,8.79,Used,F,35,6.0
0,22.66,Used,F,35,6.0
0,4.78,Used,F,35,6.0
0,1.59,Used,F,35,6.0
0,4.8,Used,F,35,6.0
0,149.0,Used,F,35,6.0
0,596.0,Used,F,35,6.0
0,13.59,Used,F,35,6.0
0,11.0,Used,F,35,6.0
0,149.0,Used,F,35,6.0
0,15.97,Unused,F,35,6.0
0,49.56,Unused,F,35,6.0
0,7.19,Unused,F,35,6.0
0,952.0,Unused,F,35,6.0
0,119.0,Unused,F,35,6.0
0,238.0,Unused,F,35,6.0
0,476.0,Unused,F,35,6.0
0,149.0,Unused,F,35,6.0
0,29.2,Unused,F,35,6.0
0,20.99,Unused,F,35,6.0
0,298.0,Unused,F,35,6.0
0,16.5,Unused,F,35,6.0
0,3.99,Unused,F,35,6.0
0,3.6,Unused,F,35,6.0
0,8.38,Unused,F,35,6.0
0,298.0,Unused,F,35,6.0
0,21.49,Used,F,35,6.0
0,6.0,Unused,F,35,6.0
0,119.0,Unused,F,35,6.0
0,7.2,Unused,F,35,19.99
1,17.98,Used,F,35,6.0
0,6.38,Used,F,35,6.0
0,9.6,Used,F,35,6.0
0,198.0,Used,F,35,6.0
0,5.25,Used,F,35,6.0
0,119.0,Used,F,35,6.0
0,238.0,Used,F,35,6.0
0,238.0,Used,F,35,6.0
0,4.75,Used,F,35,6.0
0,79.0,Used,F,35,6.0
0,149.0,Used,F,35,6.0
0,8.79,Unused,F,35,6.0
0,199.0,Unused,F,35,6.0
0,198.0,Unused,F,35,6.0
0,2.99,Unused,F,35,6.0
0,9.99,Unused,F,35,6.0
0,149.99,Unused,F,35,6.0
0,15.0,Unused,F,35,6.0
0,15.19,Unused,F,35,6.0
0,119.0,Unused,F,35,12.99
0,238.0,Unused,F,35,6.0
0,357.0,Unused,F,35,12.91
0,119.0,Unused,F,35,12.99
0,349.0,Unused,F,35,6.0
0,79.0,Unused,F,35,6.0
0,298.0,Unused,F,35,6.0
0,149.0,Unused,F,35,6.0
0,199.0,Unused,F,35,6.0
0,2.39,Unused,F,35,6.0
0,99.0,Unused,F,35,6.0
0,44.85,Unused,F,35,6.0
0,349.0,Unused,F,35,19.99
0,298.0,Unused,F,35,6.0
0,8.15,Used,F,35,6.5
0,42.39,Unused,F,35,6.5
0,151.88,Unused,F,35,6.5
1,25.2,Used,M,27,6.0
0,199.0,Used,M,27,6.0
0,15.19,Used,M,27,12.99
0,99.0,Used,M,27,12.99
0,99.0,Used,M,27,6.0
0,61.98,Used,M,27,6.0
0,119.0,Used,M,27,6.0
0,79.0,Used,M,27,6.0
0,43.59,Used,M,27,6.0
0,13.59,Used,M,27,6.0
0,149.0,Used,M,27,6.0
0,298.0,Used,M,27,6.0
0,153.94,Unused,M,27,6.0
0,8.4,Unused,M,27,6.0
0,23.98,Unused,M,27,6.0
0,12.31,Unused,M,27,6.0
0,99.0,Unused,M,27,6.0
0,99.0,Unused,M,27,6.0
0,198.0,Unused,M,27,6.0
0,33.58,Unused,M,27,12.99
0,119.0,Unused,M,27,6.0
0,238.0,Unused,M,27,6.0
0,119.0,Unused,M,27,6.0
0,79.0,Unused,M,27,6.0
0,237.0,Unused,M,27,6.0
0,79.0,Unused,M,27,6.0
0,316.0,Unused,M,27,6.0
0,13.59,Unused,M,27,6.0
0,15.97,Unused,M,27,6.0
0,99.0,Unused,M,27,6.0
0,4.08,Unused,M,27,12.99
0,13.29,Unused,M,27,6.0
1,119.0,Used,M,13,6.5
0,119.94,Used,M,13,12.48
0,149.0,Used,M,13,6.5
0,30.37,Unused,M,13,6.5
0,23.99,Unused,M,13,6.5
0,15.19,Unused,M,13,6.5
0,119.0,Unused,M,13,6.5
0,13.59,Unused,M,13,6.5
1,32.98,Used,F,36,6.0
0,10.99,Used,F,36,6.0
0,41.59,Used,F,36,6.5
0,41.59,Used,F,36,12.99
0,20.93,Used,F,36,6.0
0,9.18,Used,F,36,6.5
0,12.79,Used,F,36,6.5
0,3.4,Used,F,36,6.5
0,79.0,Used,F,36,6.5
0,149.0,Used,F,36,6.5
0,779.34,Unused,F,36,6.0
0,21.99,Unused,F,36,6.0
0,10.99,Unused,F,36,6.0
0,199.0,Unused,F,36,12.99
0,0.5,Unused,F,36,6.0
0,12.99,Unused,F,36,6.0
0,49.96,Unused,F,36,6.5
0,4.8,Unused,F,36,6.5
0,99.0,Unused,F,36,6.5
0,198.0,Unused,F,36,6.5
0,99.0,Unused,F,36,6.5
0,11.18,Unused,F,36,6.5
0,558.0,Unused,F,36,6.5
0,119.0,Unused,F,36,6.5
0,349.0,Unused,F,36,12.99
0,149.0,Unused,F,36,6.5
0,149.0,Unused,F,36,6.5
0,478.8,Unused,F,36,6.0
0,10.99,Unused,F,36,6.0
0,0.4,Unused,F,36,6.5
0,59.75,Unused,F,36,6.5
0,7.18,Unused,F,36,6.5
0,279.0,Unused,F,36,6.5
0,2.99,Unused,F,36,6.0
1,349.0,Used,M,14,6.0
0,149.0,Used,M,14,6.0
0,69.99,Unused,M,14,6.0
0,99.0,Unused,M,14,6.0
0,99.0,Unused,M,14,6.0
1,42.39,Used,F,47,6.5
0,12.22,Unused,F,47,6.0
0,605.49,Unused,F,47,12.99
0,83.56,Unused,F,47,6.0
0,3.05,Unused,F,47,6.0
0,151.88,Unused,F,47,6.5
1,7.96,Used,F,49,6.0
0,7.5,Unused,F,49,6.0
0,9.98,Unused,F,49,6.0
0,9.99,Unused,F,49,6.0
0,41.97,Unused,F,49,6.0
1,7.17,Used,F,49,6.0
0,16.73,Unused,F,49,6.0
0,2.39,Unused,F,49,6.0
1,11.82,Used,F,49,6.5
0,355.74,Used,F,49,6.5
0,17.93,Unused,F,49,6.5
0,26.89,Unused,F,49,6.5
0,293.52,Unused,F,49,6.5
0,8.14,Unused,F,49,6.5
1,21.8,Used,F,17,6.5
0,202.84,Used,F,17,6.5
0,121.3,Used,F,17,6.5
0,6.94,Used,F,17,6.5
0,355.74,Used,F,17,6.5
0,151.88,Used,F,17,6.5
0,80.52,Used,F,17,6.5
0,202.84,Unused,F,17,6.5
0,249.75,Unused,F,17,6.5
0,40.34,Unused,F,17,6.5
0,151.88,Unused,F,17,6.5
0,80.52,Unused,F,17,6.5
0,80.52,Unused,F,17,6.5
0,80.52,Unused,F,17,6.5
0,151.88,Unused,F,17,6.5
0,199.8,Unused,F,17,6.5
0,16.3,Unused,F,17,6.5
0,81.53,Unused,F,17,6.5
0,151.88,Unused,F,17,6.5
0,121.3,Unused,F,17,6.5
1,5.78,Used,F,41,6.5
0,276.48,Used,F,41,6.5
0,153.71,Used,F,41,6.5
0,122.77,Unused,F,41,6.5
0,163.0,Unused,F,41,6.5
1,595.0,Used,F,41,6.5
0,149.0,Used,F,41,6.5
0,83.25,Unused,F,41,22.71
0,119.0,Unused,F,41,6.5
1,23.88,Used,F,41,6.0
1,357.0,Used,F,41,6.0
0,149.0,Used,F,41,6.0
0,85.62,Unused,F,41,12.48
0,30.38,Unused,F,41,6.0
0,119.0,Unused,F,41,6.0
0,7.6,Unused,F,41,12.48
1,52.99,Used,F,41,6.0
1,141.44,Used,F,27,6.5
0,15.67,Used,F,27,6.5
0,368.31,Used,F,27,6.5
0,122.77,Used,F,27,6.5
0,11.34,Unused,F,27,6.5
0,57.76,Unused,F,27,6.5
0,16.5,Unused,F,27,6.5
0,122.77,Unused,F,27,6.5
0,245.54,Unused,F,27,6.5
0,122.77,Unused,F,27,6.5
0,153.71,Unused,F,27,6.5
0,283.4,Unused,F,27,6.5
0,1.64,Unused,F,27,6.5
1,13.4,Used,F,34,6.5
0,59.02,Used,F,34,84.7
0,115.29,Used,F,34,18.47
0,14.02,Used,F,34,6.5
0,122.77,Used,F,34,6.5
0,78.36,Used,F,34,6.5
0,163.0,Used,F,34,6.5
0,10.31,Unused,F,34,6.5
0,257.27,Unused,F,34,84.7
0,4.1,Unused,F,34,6.5
0,122.77,Unused,F,34,6.5
0,245.54,Unused,F,34,6.5
0,39.18,Unused,F,34,6.5
0,205.3,Unused,F,34,8.7
0,21.65,Unused,F,34,6.5
0,31.35,Unused,F,34,6.5
0,276.48,Unused,F,34,6.5
0,20.62,Unused,F,34,6.5
1,32.4,Used,F,34,13.38
0,14.0,Unused,F,34,13.38
0,119.0,Unused,F,34,20.85
0,14.0,Unused,F,34,13.38
1,47.7,Used,F,19,6.5
0,41.01,Used,F,19,18.36
0,2.39,Used,F,19,6.0
0,11.95,Used,F,19,21.71
0,15.99,Used,F,19,6.0
0,199.6,Unused,F,19,21.71
0,39.59,Unused,F,19,6.0
0,51.18,Unused,F,19,20.85
0,15.99,Unused,F,19,6.0
0,55.43,Unused,F,19,6.0
0,47.9,Unused,F,19,21.71
0,10.63,Unused,F,19,18.36
1,25.78,Used,F,15,6.5
0,368.31,Unused,F,15,6.5
0,19.59,Unused,F,15,6.5
0,153.71,Unused,F,15,6.5
0,19.59,Unused,F,15,6.5
0,14.02,Unused,F,15,6.5
1,119.0,Used,F,15,6.5
1,18.47,Unused,F,15,6.0
1,6.0,Used,F,15,6.0
0,55.99,Unused,F,15,6.0
0,29.26,Unused,F,15,6.0
0,119.0,Unused,F,15,6.0
0,149.0,Unused,F,15,6.0
0,6.0,Unused,F,15,6.0
0,158.0,Unused,F,15,6.0
1,123.12,Unused,F,26,6.5
1,119.0,Unused,F,26,6.0
1,39.17,Used,F,38,6.5
0,57.76,Used,F,38,6.5
0,368.31,Unused,F,38,6.5
1,11.96,Unused,F,34,6.5
0,33.98,Unused,F,34,6.5
0,16.99,Unused,F,34,6.5
1,4.08,Used,F,34,6.5
0,36.38,Unused,F,34,6.5
1,461.73,Used,F,49,6.5
0,51.04,Used,F,49,6.5
0,28.77,Used,F,49,30.0
0,15.95,Used,F,49,24.47
0,3.99,Used,F,49,6.5
0,357.0,Used,F,49,6.5
0,238.0,Used,F,49,6.5
0,119.0,Used,F,49,6.5
0,74.97,Used,F,49,6.5
0,32.78,Used,F,49,6.5
0,19.99,Used,F,49,6.5
0,158.0,Used,F,49,6.5
0,7.58,Unused,F,49,8.91
0,8.79,Unused,F,49,6.5
0,256.59,Unused,F,49,6.5
0,47.8,Unused,F,49,24.47
0,47.97,Unused,F,49,6.5
0,19.98,Unused,F,49,6.5
0,7.98,Unused,F,49,6.5
0,162.0,Unused,F,49,6.5
0,86.35,Unused,F,49,6.5
0,447.0,Unused,F,49,8.7
0,863.0,Unused,F,49,6.5
0,119.0,Unused,F,49,6.5
0,15.19,Unused,F,49,30.0
0,158.0,Unused,F,49,6.5
0,158.0,Unused,F,49,6.5
0,158.0,Unused,F,49,6.5
0,13.59,Unused,F,49,6.5
0,16.99,Unused,F,49,6.5
0,329.97,Unused,F,49,6.5
0,409.74,Unused,F,49,6.5
0,19.99,Unused,F,49,6.5
0,357.0,Unused,F,49,6.5
0,13.59,Unused,F,49,6.5
0,119.0,Unused,F,49,6.5
1,439.5,Used,F,24,70.67
0,199.0,Used,F,24,6.0
0,199.0,Used,F,24,6.0
0,153.75,Used,F,24,15.37
0,16.2,Used,F,24,6.0
0,4.56,Used,F,24,6.0
0,16.99,Used,F,24,6.0
0,5.7,Used,F,24,6.0
0,149.0,Used,F,24,6.0
0,10.98,Unused,F,24,6.0
0,13.35,Unused,F,24,6.0
0,44.79,Unused,F,24,6.0
0,27.75,Unused,F,24,15.37
0,26.56,Unused,F,24,6.0
0,42.16,Unused,F,24,6.0
0,149.0,Unused,F,24,6.0
0,19.75,Unused,F,24,15.37
0,595.0,Unused,F,24,12.99
0,15.19,Unused,F,24,6.0
0,40.77,Unused,F,24,6.0
0,13.59,Unused,F,24,6.0
1,16.99,Unused,F,42,12.99
0,9.98,Unused,F,42,12.99
1,17.93,Used,F,42,6.5
0,202.84,Used,F,42,6.5
0,249.75,Used,F,42,6.5
0,61.15,Used,F,42,6.0
0,201.82,Used,F,42,6.5
0,494.35,Used,F,42,12.99
0,22.41,Used,F,42,6.0
0,46.86,Used,F,42,6.0
0,122.31,Used,F,42,6.5
0,121.3,Used,F,42,6.5
0,607.52,Used,F,42,12.99
0,161.04,Used,F,42,6.5
0,161.04,Used,F,42,6.5
0,80.52,Used,F,42,6.5
0,151.88,Used,F,42,6.5
0,151.88,Used,F,42,6.5
0,151.88,Used,F,42,6.5
0,201.82,Unused,F,42,6.5
0,37.49,Unused,F,42,6.5
0,2.44,Unused,F,42,6.5
0,16.3,Unused,F,42,6.5
0,21.39,Unused,F,42,6.0
0,244.59,Unused,F,42,12.48
0,277.21,Unused,F,42,6.0
0,152.88,Unused,F,42,6.0
0,121.3,Unused,F,42,6.5
0,363.9,Unused,F,42,6.5
0,121.3,Unused,F,42,6.5
0,121.3,Unused,F,42,6.5
0,121.3,Unused,F,42,12.99
0,242.6,Unused,F,42,6.5
0,362.86,Unused,F,42,12.99
0,355.74,Unused,F,42,6.5
0,151.88,Unused,F,42,6.5
0,151.88,Unused,F,42,12.99
0,151.88,Unused,F,42,6.5
0,80.52,Unused,F,42,6.5
0,106.01,Unused,F,42,8.7
0,151.88,Unused,F,42,6.5
0,25.48,Unused,F,42,0.0
0,19.56,Unused,F,42,6.5
0,81.53,Unused,F,42,6.5
0,363.9,Unused,F,42,6.5
0,363.9,Unused,F,42,12.99
0,121.3,Unused,F,42,19.99
0,121.3,Unused,F,42,6.5
0,121.3,Unused,F,42,6.5
0,355.74,Unused,F,42,6.5
1,37.98,Unused,F,18,6.0
1,841.59,Used,F,46,122.66
0,119.0,Used,F,46,6.0
0,349.0,Used,F,46,6.0
0,84.8,Unused,F,46,6.0
1,11.1,Used,F,4,6.0
0,3.99,Used,F,4,6.0
0,1.2,Used,F,4,6.0
0,57.58,Used,F,4,12.99
0,2.99,Used,F,4,6.0
0,119.0,Used,F,4,6.0
0,595.0,Used,F,4,6.0
0,15.19,Used,F,4,12.99
0,149.0,Used,F,4,6.0
0,104.0,Used,F,4,8.7
0,237.0,Used,F,4,6.0
0,149.0,Used,F,4,6.0
0,5.6,Unused,F,4,6.0
0,10.99,Unused,F,4,6.0
0,4.49,Unused,F,4,6.0
0,41.59,Unused,F,4,30.0
0,6.99,Unused,F,4,6.0
0,119.0,Unused,F,4,6.0
0,119.0,Unused,F,4,6.0
0,119.0,Unused,F,4,6.0
0,119.0,Unused,F,4,6.0
0,19.99,Unused,F,4,6.0
0,149.0,Unused,F,4,6.0
0,149.0,Unused,F,4,6.0
0,79.0,Unused,F,4,12.99
0,80.78,Unused,F,4,12.99
0,158.0,Unused,F,4,6.0
0,13.59,Unused,F,4,6.0
0,149.0,Unused,F,4,6.0
0,16.99,Unused,F,4,6.0
0,27.5,Unused,F,4,6.0
0,24.78,Unused,F,4,6.0
0,298.0,Unused,F,4,6.0
0,298.0,Unused,F,4,6.0
0,119.0,Used,F,4,12.99
0,506.0,Used,F,4,6.0
0,26.58,Used,F,4,6.0
0,11.19,Used,F,4,12.99
0,3.18,Unused,F,4,12.99
0,199.0,Unused,F,4,8.7
0,238.0,Unused,F,4,12.99
1,39.98,Unused,F,39,6.0
0,346.84,Used,F,39,6.0
0,19.99,Used,F,39,6.0
0,425.08,Unused,F,39,6.0
0,119.0,Unused,F,39,6.0
0,52.49,Unused,F,39,6.0
1,79.96,Used,M,44,12.99
0,387.0,Used,M,44,6.0
0,47.37,Unused,M,44,6.0
0,35.95,Unused,M,44,12.99
0,119.0,Unused,M,44,6.0
0,447.0,Unused,M,44,12.99
0,33.59,Unused,M,44,6.0
1,2.8,Used,M,44,6.0
0,4.56,Used,M,44,6.0
0,52.4,Unused,M,44,6.0
0,199.0,Unused,M,44,8.7
1,355.74,Used,M,44,6.5
0,21.65,Used,M,44,6.0
0,201.82,Unused,M,44,6.5
0,121.3,Unused,M,44,6.5
0,455.64,Unused,M,44,6.5
1,56.71,Used,M,44,12.91
0,52.38,Used,M,44,6.5
0,9.99,Used,M,44,6.0
0,119.0,Used,M,44,6.0
0,16.99,Used,M,44,6.0
0,149.0,Used,M,44,19.99
0,96.45,Unused,M,44,12.91
0,149.25,Unused,M,44,6.0
0,3.99,Unused,M,44,6.0
0,251.61,Unused,M,44,12.91
0,79.5,Unused,M,44,6.5
0,5.99,Unused,M,44,6.0
0,119.0,Unused,M,44,6.0
0,357.0,Unused,M,44,6.0
0,158.0,Unused,M,44,19.99
0,69.99,Unused,M,44,6.0
0,8.99,Unused,M,44,6.0
0,238.0,Unused,M,44,6.0
1,22.69,Used,F,36,28.78
0,245.54,Used,F,36,6.5
0,244.5,Used,F,36,6.5
0,20.62,Unused,F,36,28.78
0,76.7,Unused,F,36,6.5
0,102.13,Unused,F,36,6.5
0,244.5,Unused,F,36,6.5
0,153.71,Unused,F,36,6.5
0,144.33,Unused,F,36,28.78
0,46.21,Used,F,36,6.5
0,279.4,Used,F,36,6.5
0,122.77,Used,F,36,6.5
0,122.77,Used,F,36,6.5
0,368.31,Used,F,36,6.5
0,17.53,Used,F,36,6.5
0,19.8,Used,F,36,6.5
0,25.78,Used,F,36,6.5
0,102.13,Used,F,36,6.5
0,244.5,Used,F,36,6.5
0,163.0,Used,F,36,6.5
0,18.15,Used,F,36,6.5
0,153.71,Used,F,36,6.5
0,371.28,Unused,F,36,6.5
0,5.77,Unused,F,36,6.5
0,36.29,Unused,F,36,6.5
0,368.31,Unused,F,36,6.5
0,122.77,Unused,F,36,6.5
0,25.78,Unused,F,36,6.5
0,102.13,Unused,F,36,6.5
0,102.13,Unused,F,36,6.5
0,307.42,Unused,F,36,6.5
0,153.71,Unused,F,36,6.5
0,153.71,Unused,F,36,6.5
0,164.0,Unused,F,36,6.5
0,245.54,Unused,F,36,6.5
0,122.77,Unused,F,36,6.5
0,61.89,Unused,F,36,6.5
0,18.15,Unused,F,36,6.5
1,3.61,Used,F,25,6.5
0,45.31,Used,F,25,24.47
0,18.15,Used,F,25,6.5
0,16.49,Used,F,25,6.5
0,122.77,Used,F,25,6.5
0,153.71,Used,F,25,6.5
0,153.71,Used,F,25,6.5
0,307.42,Used,F,25,6.5
0,7.22,Unused,F,25,6.5
0,93.24,Unused,F,25,6.5
0,13.18,Unused,F,25,24.47
0,15.66,Unused,F,25,6.5
0,122.77,Unused,F,25,6.5
0,163.0,Unused,F,25,6.5
0,61.89,Unused,F,25,6.5
0,307.42,Unused,F,25,6.5
0,14.02,Unused,F,25,6.5
0,153.71,Unused,F,25,6.5
1,299.4,Used,F,25,6.5
0,28.97,Used,F,25,6.5
0,119.0,Used,F,25,6.5
0,13.99,Used,F,25,75.0
0,74.99,Used,F,25,6.5
0,37.98,Unused,F,25,6.5
0,59.8,Unused,F,25,6.5
0,119.0,Unused,F,25,6.5
0,199.0,Unused,F,25,6.5
0,57.86,Unused,F,25,6.5
0,199.0,Unused,F,25,6.5
0,200.58,Used,F,25,24.56
0,35.18,Used,F,25,6.5
0,421.17,Unused,F,25,24.56
0,13.59,Unused,F,25,6.5
0,13.59,Unused,F,25,6.5
1,79.99,Unused,F,25,6.0
0,238.0,Unused,F,25,6.0
0,119.0,Unused,F,25,6.0
0,91.14,Used,F,25,12.48
0,38.87,Used,F,25,50.0
0,4.98,Used,F,25,6.0
0,11.99,Used,F,25,6.0
0,19.99,Used,F,25,6.0
0,15.82,Used,F,25,6.0
0,119.0,Used,F,25,6.0
0,19.99,Used,F,25,24.37
0,227.85,Used,F,25,6.0
0,298.0,Used,F,25,6.0
0,149.0,Used,F,25,12.99
0,298.0,Used,F,25,6.0
0,204.59,Unused,F,25,24.37
0,14.96,Unused,F,25,6.0
0,40.99,Unused,F,25,6.0
0,36.21,Unused,F,25,6.0
0,35.88,Unused,F,25,50.0
0,197.05,Unused,F,25,12.48
0,149.0,Unused,F,25,6.0
0,149.0,Unused,F,25,6.0
0,298.0,Unused,F,25,6.0
0,149.0,Unused,F,25,6.0
0,149.0,Unused,F,25,6.0
0,11.19,Unused,F,25,6.0
0,1.99,Unused,F,25,6.0
0,119.0,Unused,F,25,6.0
0,238.0,Unused,F,25,6.0
1,9.99,Used,F,25,6.0
0,16.99,Used,F,25,6.0
0,9.6,Used,F,25,6.0
0,55.18,Unused,F,25,6.0
0,3.5,Unused,F,25,6.0
0,55.77,Unused,F,25,6.0
0,149.0,Unused,F,25,6.0
0,10.5,Unused,F,25,6.0
0,16.5,Unused,F,25,6.0
0,57.6,Used,F,25,6.0
0,197.54,Used,F,25,6.0
0,149.0,Used,F,25,6.0
0,46.59,Unused,F,25,6.0
0,119.0,Unused,F,25,6.0
0,41.99,Unused,F,25,6.0
0,17.49,Unused,F,25,6.0
0,8.4,Unused,F,25,6.0
0,199.0,Used,F,25,8.7
0,73.0,Unused,F,25,20.85
0,240.0,Unused,F,25,6.0
0,13.59,Unused,F,25,6.0
0,339.75,Unused,F,25,12.91
0,154.0,Unused,F,25,6.0
1,161.04,Used,F,25,6.5
0,17.93,Used,F,25,6.5
0,22.4,Used,F,25,6.0
0,11.2,Used,F,25,6.0
0,202.84,Used,F,25,12.99
0,26.48,Used,F,25,6.0
0,42.39,Used,F,25,6.5
0,10.18,Used,F,25,6.0
0,121.3,Used,F,25,6.5
0,273.18,Used,F,25,6.5
0,121.3,Used,F,25,6.5
0,242.6,Used,F,25,6.5
0,151.88,Used,F,25,6.5
0,402.6,Used,F,25,6.5
0,13.86,Used,F,25,6.5
0,151.88,Used,F,25,6.5
0,45.63,Unused,F,25,6.0
0,4.07,Unused,F,25,6.0
0,89.65,Unused,F,25,6.5
0,53.79,Unused,F,25,6.5
0,10.99,Unused,F,25,6.5
0,100.91,Unused,F,25,6.5
0,100.91,Unused,F,25,6.5
0,40.6,Unused,F,25,6.0
0,326.0,Unused,F,25,12.48
0,151.88,Unused,F,25,8.7
0,121.3,Unused,F,25,6.5
0,121.3,Unused,F,25,6.5
0,242.6,Unused,F,25,6.5
0,121.3,Unused,F,25,6.5
0,355.74,Unused,F,25,6.5
0,151.88,Unused,F,25,6.5
0,402.6,Unused,F,25,6.5
0,161.04,Unused,F,25,6.5
0,80.52,Unused,F,25,6.5
0,322.08,Unused,F,25,6.5
0,151.88,Unused,F,25,6.5
0,151.88,Unused,F,25,6.5
0,53.76,Unused,F,25,6.5
0,112.0,Unused,F,25,6.0
0,151.88,Unused,F,25,8.7
0,121.3,Unused,F,25,6.5
0,303.76,Unused,F,25,8.7
0,121.3,Unused,F,25,6.5
0,355.74,Unused,F,25,6.5
0,303.76,Unused,F,25,6.5
0,402.6,Unused,F,25,6.5
0,80.52,Unused,F,25,6.5
0,151.88,Unused,F,25,6.5
0,17.93,Used,F,25,6.5
0,241.56,Used,F,25,6.5
0,151.88,Used,F,25,6.5
0,17.93,Unused,F,25,6.5
0,100.91,Unused,F,25,19.99
0,121.3,Unused,F,25,6.5
0,121.3,Unused,F,25,6.5
0,151.88,Unused,F,25,6.5
0,151.88,Unused,F,25,6.5
0,42.39,Unused,F,25,6.5
0,42.39,Unused,F,25,6.5
1,48.99,Unused,F,28,6.5
1,238.0,Unused,M,32,6.0
0,158.0,Unused,M,32,6.0
0,29.99,Used,M,32,6.0
0,10.63,Used,M,32,6.0
0,89.09,Unused,M,32,6.0
0,16.99,Unused,M,32,6.0
0,298.0,Unused,M,32,6.0
0,149.0,Unused,M,32,6.0
0,139.5,Used,M,32,12.48
0,14.0,Used,M,32,6.0
0,87.5,Used,M,32,12.99
0,14.96,Used,M,32,6.0
0,41.56,Used,M,32,12.48
0,99.99,Used,M,32,6.0
0,10.47,Used,M,32,6.0
0,14.69,Used,M,32,6.0
0,33.57,Used,M,32,6.0
0,27.19,Used,M,32,6.5
0,25.82,Used,M,32,6.0
0,119.0,Used,M,32,6.0
0,119.0,Used,M,32,6.0
0,198.0,Used,M,32,6.0
0,28.78,Used,M,32,6.0
0,32.28,Used,M,32,6.0
0,36.39,Used,M,32,6.0
0,30.89,Unused,M,32,6.0
0,87.5,Unused,M,32,6.0
0,18.49,Unused,M,32,6.0
0,394.4,Unused,M,32,6.0
0,99.99,Unused,M,32,12.99
0,27.19,Unused,M,32,6.0
0,10.0,Unused,M,32,12.48
0,57.56,Unused,M,32,6.0
0,13.59,Unused,M,32,6.5
0,149.0,Unused,M,32,8.7
0,119.0,Unused,M,32,6.0
0,119.0,Unused,M,32,6.0
0,357.0,Unused,M,32,6.0
0,357.0,Unused,M,32,6.0
0,357.0,Unused,M,32,6.0
0,119.0,Unused,M,32,6.0
0,119.0,Unused,M,32,6.0
0,119.0,Unused,M,32,6.0
0,18.99,Unused,M,32,6.0
0,13.59,Unused,M,32,6.0
0,33.98,Unused,M,32,6.0
0,149.0,Unused,M,32,6.0
0,149.0,Unused,M,32,6.0
0,13.59,Unused,M,32,6.0
0,79.0,Unused,M,32,6.0
0,10.63,Unused,M,32,6.0
0,54.36,Unused,M,32,6.5
0,149.0,Unused,M,32,12.99
0,59.97,Unused,M,32,6.5
0,36.39,Unused,M,32,6.0
0,11.19,Unused,M,32,6.0
0,42.0,Unused,M,32,6.0
0,192.5,Unused,M,32,12.99
0,50.0,Unused,M,32,0.0
0,64.79,Unused,M,32,6.0
0,1.59,Unused,M,32,6.0
0,23.74,Unused,M,32,6.0
0,119.0,Unused,M,32,12.99
0,119.0,Unused,M,32,6.0
0,16.99,Unused,M,32,6.0
0,6.48,Used,M,32,6.0
0,119.0,Used,M,32,19.99
0,51.95,Unused,M,32,30.35
0,4.99,Unused,M,32,6.0
0,268.0,Unused,M,32,6.0
0,395.0,Unused,M,32,6.0
0,78.38,Unused,M,32,6.0
0,13.57,Unused,M,32,6.0
0,298.0,Unused,M,32,6.0
1,8.93,Used,M,47,6.0
0,21.82,Used,M,47,6.0
0,31.35,Used,M,47,6.0
0,238.0,Used,M,47,6.0
0,6.47,Unused,M,47,6.0
0,19.18,Unused,M,47,6.0
0,119.0,Unused,M,47,6.0
0,119.0,Unused,M,47,6.0
0,40.77,Unused,M,47,6.0
0,39.98,Unused,M,47,6.0
0,15.19,Unused,M,47,6.0
1,19.8,Used,M,46,19.99
0,2.39,Used,M,46,6.5
0,33.59,Unused,M,46,6.0
0,238.0,Unused,M,46,6.0
0,35.85,Unused,M,46,6.5
0,119.0,Unused,M,46,6.0
1,3.18,Unused,M,46,6.0
0,9.6,Unused,M,46,6.0
1,31.97,Used,F,31,6.0
0,33.78,Used,F,31,6.0
0,395.0,Used,F,31,6.0
0,33.2,Unused,F,31,6.0
0,17.49,Unused,F,31,6.0
0,149.0,Unused,F,31,6.0
0,149.0,Unused,F,31,6.0
1,245.54,Used,M,15,6.5
0,407.5,Unused,M,15,6.5
0,153.71,Unused,M,15,6.5
0,153.71,Unused,M,15,6.5
0,14.02,Unused,M,15,6.5
0,307.42,Unused,M,15,6.5
1,103.8,Used,F,20,26.43
0,4.99,Used,F,20,6.0
0,49.91,Unused,F,20,6.0
0,15.8,Unused,F,20,26.43
0,5.99,Unused,F,20,6.0
0,119.0,Unused,F,20,19.99
0,79.99,Used,F,20,6.0
0,298.0,Unused,F,20,6.0
0,55.99,Unused,F,20,6.0
0,119.0,Used,F,20,6.0
0,149.0,Used,F,20,19.99
0,7.98,Unused,F,20,6.0
0,149.0,Unused,F,20,6.0
0,149.0,Unused,F,20,6.0
0,2.39,Unused,F,20,12.99
0,8.69,Unused,F,20,6.0
0,119.0,Unused,F,20,6.0
0,835.45,Unused,F,20,61.62
0,14.0,Used,F,20,12.48
1,13.39,Used,F,20,6.0
0,119.0,Used,F,20,6.0
0,3.4,Used,F,20,6.0
0,30.2,Unused,F,20,6.0
0,56.39,Unused,F,20,6.0
0,7.24,Unused,F,20,6.0
0,119.0,Unused,F,20,6.0
0,21.6,Unused,F,20,6.5
0,312.0,Unused,F,20,8.7
0,298.0,Unused,F,20,6.0
0,16.79,Unused,F,20,6.5
0,4.79,Used,F,20,6.0
0,29.9,Used,F,20,6.0
0,89.7,Unused,F,20,6.0
0,77.1,Unused,F,20,6.0
0,2.39,Unused,F,20,6.0
1,37.2,Used,M,22,6.0
0,149.0,Used,M,22,6.0
0,395.0,Used,M,22,6.0
1,71.17,Used,F,17,6.5
0,19.99,Used,F,17,6.0
0,123.18,Used,F,17,6.0
0,25.34,Unused,F,17,6.0
0,63.6,Unused,F,17,6.5
0,16.99,Unused,F,17,6.0
0,30.79,Unused,F,17,6.0
1,31.33,Unused,F,8,6.5
1,74.31,Used,F,40,35.96
0,123.1,Used,F,40,62.74
0,75.9,Used,F,40,41.3
0,238.0,Used,F,40,6.5
0,191.91,Unused,F,40,62.74
0,3.19,Unused,F,40,6.5
0,79.14,Unused,F,40,35.96
0,207.85,Unused,F,40,41.3
0,52.77,Unused,F,40,35.3
0,119.0,Unused,F,40,6.5
0,79.0,Unused,F,40,6.5
0,298.0,Unused,F,40,6.5
0,149.0,Unused,F,40,35.3
0,47.14,Unused,F,40,35.96
0,12.78,Unused,F,40,6.5
0,30.39,Unused,F,40,12.76
0,55.9,Unused,F,40,41.3
0,149.0,Unused,F,40,6.5
1,199.0,Used,F,40,6.0
0,20.39,Used,F,40,6.0
0,27.98,Used,F,40,6.0
0,42.0,Used,F,40,6.0
0,417.0,Used,F,40,6.0
0,119.0,Used,F,40,6.0
0,119.0,Used,F,40,6.0
0,357.0,Used,F,40,6.0
0,9.99,Used,F,40,6.0
0,13.99,Used,F,40,6.0
0,15.6,Used,F,40,6.0
0,104.0,Used,F,40,8.7
0,149.0,Used,F,40,6.0
0,12.87,Unused,F,40,6.0
0,39.99,Unused,F,40,6.0
0,238.0,Unused,F,40,6.0
0,238.0,Unused,F,40,6.0
0,119.0,Unused,F,40,6.0
0,149.0,Unused,F,40,6.0
0,41.99,Unused,F,40,6.0
0,298.0,Unused,F,40,6.0
0,149.0,Unused,F,40,6.0
0,3.99,Unused,F,40,6.0
0,238.0,Unused,F,40,6.0
0,149.0,Unused,F,40,6.0
0,161.69,Used,F,40,53.78
0,7.49,Used,F,40,6.0
0,9.6,Used,F,40,6.0
0,4.8,Used,F,40,6.5
0,52.49,Used,F,40,6.0
0,13.59,Used,F,40,14.41
0,44.0,Used,F,40,6.0
0,298.0,Used,F,40,6.0
0,20.27,Unused,F,40,6.0
0,308.23,Unused,F,40,53.78
0,10.63,Unused,F,40,6.0
0,4.56,Unused,F,40,6.5
0,58.5,Unused,F,40,6.0
0,5.98,Unused,F,40,6.0
0,68.58,Unused,F,40,53.78
0,25.98,Unused,F,40,6.0
0,12.99,Unused,F,40,6.0
0,8.0,Unused,F,40,6.5
0,9.12,Unused,F,40,6.0
0,19.99,Unused,F,40,14.41
0,149.0,Unused,F,40,6.0
1,594.0,Used,F,8,19.99
0,298.0,Used,F,8,6.0
0,99.75,Unused,F,8,6.5
0,127.68,Unused,F,8,6.5
0,149.0,Unused,F,8,6.0
0,149.0,Unused,F,8,6.0
0,149.0,Unused,F,8,6.0
0,223.44,Unused,F,8,12.48
0,6.6,Unused,F,8,6.0
1,87.95,Unused,F,14,58.93
0,29.99,Used,F,14,6.5
0,118.93,Used,F,14,6.5
0,288.08,Unused,F,14,6.5
0,14.0,Unused,F,14,16.1
0,99.98,Unused,F,14,6.5
0,192.5,Unused,F,14,6.5
0,15.19,Used,F,14,6.5
0,17.48,Used,F,14,6.5
0,238.0,Used,F,14,6.5
0,24.99,Used,F,14,6.5
0,79.0,Used,F,14,6.5
0,16.99,Used,F,14,6.5
0,149.0,Used,F,14,6.5
0,15.98,Unused,F,14,6.5
0,79.99,Unused,F,14,6.5
0,79.99,Unused,F,14,6.5
0,20.29,Unused,F,14,6.5
0,119.0,Unused,F,14,6.5
0,61.59,Unused,F,14,6.5
0,149.0,Unused,F,14,6.5
0,10.99,Unused,F,14,6.5
0,3.99,Unused,F,14,6.5
0,119.0,Unused,F,14,6.5
1,25.38,Used,F,14,6.0
0,9.12,Used,F,14,6.0
0,99.99,Unused,F,14,6.0
0,15.2,Unused,F,14,6.0
0,10.63,Unused,F,14,6.0
0,3.99,Unused,F,14,6.5
0,8.0,Unused,F,14,6.0
1,15.92,Used,F,14,6.0
0,5.97,Used,F,14,6.0
0,535.85,Used,F,14,23.01
0,2.8,Used,F,14,6.0
0,398.0,Used,F,14,6.0
0,79.99,Used,F,14,6.0
0,3.18,Used,F,14,6.0
0,99.0,Used,F,14,6.0
0,99.0,Used,F,14,6.0
0,198.0,Used,F,14,6.0
0,2.99,Used,F,14,6.0
0,4.99,Used,F,14,12.99
0,24.99,Used,F,14,6.0
0,27.18,Used,F,14,6.0
0,30.96,Used,F,14,6.0
0,9.12,Used,F,14,6.0
0,119.0,Used,F,14,6.0
0,119.0,Used,F,14,6.0
0,59.99,Used,F,14,6.0
0,349.0,Used,F,14,6.0
0,349.0,Used,F,14,6.0
0,41.99,Used,F,14,6.0
0,158.0,Used,F,14,6.0
0,149.0,Used,F,14,6.0
0,11.5,Unused,F,14,6.0
0,71.65,Unused,F,14,12.48
0,365.34,Unused,F,14,23.01
0,2.8,Unused,F,14,6.0
0,548.0,Unused,F,14,6.0
0,6.0,Unused,F,14,6.0
0,12.99,Unused,F,14,6.0
0,99.0,Unused,F,14,6.0
0,99.0,Unused,F,14,6.0
0,21.58,Unused,F,14,6.0
0,29.11,Unused,F,14,6.0
0,5.7,Unused,F,14,6.0
0,357.0,Unused,F,14,6.0
0,238.0,Unused,F,14,6.0
0,119.0,Unused,F,14,6.0
0,119.0,Unused,F,14,6.0
0,7.6,Unused,F,14,6.0
0,16.99,Unused,F,14,12.99
0,34.99,Unused,F,14,6.0
0,349.0,Unused,F,14,6.0
0,79.0,Unused,F,14,6.0
0,158.0,Unused,F,14,6.0
0,10.63,Unused,F,14,6.0
0,199.0,Unused,F,14,6.0
0,2.99,Unused,F,14,6.0
0,10.39,Unused,F,14,6.5
0,99.0,Unused,F,14,6.0
0,48.0,Unused,F,14,23.01
0,119.0,Unused,F,14,6.0
0,119.0,Unused,F,14,6.0
0,349.0,Unused,F,14,6.0
0,149.0,Unused,F,14,6.0
0,99.0,Used,F,14,6.0
0,26.99,Used,F,14,6.0
0,163.0,Used,F,14,6.0
0,22.94,Used,F,14,6.0
0,149.0,Used,F,14,6.0
0,29.19,Unused,F,14,6.0
0,99.0,Unused,F,14,6.0
0,95.8,Unused,F,14,12.91
0,5.7,Unused,F,14,6.0
0,238.0,Unused,F,14,6.0
0,69.98,Unused,F,14,6.0
0,5.98,Unused,F,14,6.0
0,99.0,Unused,F,14,6.0
0,95.96,Unused,F,14,6.0
0,158.0,Unused,F,14,6.0
0,22.37,Used,F,14,6.0
0,3.2,Used,F,14,6.0
0,11.95,Used,F,14,6.0
0,316.0,Used,F,14,6.0
0,22.0,Used,F,14,6.0
0,12.76,Unused,F,14,6.0
0,16.8,Unused,F,14,6.0
0,79.99,Unused,F,14,6.0
0,99.0,Unused,F,14,6.0
0,99.0,Unused,F,14,6.0
0,62.37,Unused,F,14,6.0
0,149.0,Unused,F,14,6.0
0,149.0,Unused,F,14,6.0
1,79.0,Unused,F,26,6.0
1,87.03,Used,F,13,12.48
0,44.79,Used,F,13,12.99
0,15.19,Used,F,13,6.0
0,30.38,Used,F,13,6.0
0,238.0,Used,F,13,6.0
0,19.99,Used,F,13,6.0
0,298.0,Used,F,13,12.99
0,16.99,Used,F,13,6.0
0,28.7,Unused,F,13,6.0
0,123.75,Unused,F,13,12.48
0,130.93,Unused,F,13,6.0
0,10.39,Unused,F,13,6.0
0,238.0,Unused,F,13,6.0
0,119.0,Unused,F,13,6.0
0,119.0,Unused,F,13,6.0
0,119.0,Unused,F,13,6.0
0,15.99,Unused,F,13,6.0
0,15.99,Unused,F,13,6.0
0,158.0,Unused,F,13,6.0
0,16.99,Unused,F,13,6.0
0,25.9,Unused,F,13,12.99
0,149.0,Unused,F,13,6.0
0,17.98,Unused,F,13,20.0
0,11.75,Unused,F,13,6.0
0,40.0,Unused,F,13,12.48
0,119.0,Unused,F,13,6.0
0,10.63,Unused,F,13,6.0
0,41.99,Unused,F,13,6.0
0,149.0,Unused,F,13,6.0
1,24.99,Used,F,40,6.5
0,238.0,Used,F,40,6.5
0,79.19,Unused,F,40,6.5
0,237.0,Unused,F,40,6.5
0,79.0,Unused,F,40,6.5
0,149.0,Unused,F,40,6.5
0,44.79,Unused,F,40,6.5
0,119.0,Unused,F,40,6.5
1,121.3,Unused,F,14,6.5
1,79.19,Used,F,12,6.0
0,13.29,Used,F,12,6.0
0,119.0,Used,F,12,6.0
0,72.27,Unused,F,12,19.99
0,57.56,Unused,F,12,6.0
0,8.79,Unused,F,12,6.0
0,11.19,Unused,F,12,6.0
0,9.51,Used,F,12,6.0
0,9.51,Unused,F,12,6.0
1,39.6,Used,F,12,6.0
0,1.99,Used,F,12,6.0
0,23.99,Used,F,12,6.0
0,395.0,Used,F,12,6.0
0,385.54,Unused,F,12,6.0
0,318.0,Unused,F,12,6.0
0,2.99,Unused,F,12,6.0
0,119.0,Unused,F,12,6.0
0,119.0,Unused,F,12,6.0
0,119.0,Unused,F,12,6.0
0,279.0,Unused,F,12,6.0
0,119.0,Unused,F,12,6.0
0,119.0,Unused,F,12,6.0
0,238.0,Unused,F,12,6.0
0,79.0,Unused,F,12,6.0
0,10.38,Unused,F,12,6.0
0,119.0,Unused,F,12,6.0
1,99.5,Used,F,2,6.0
1,19.19,Used,M,43,6.0
0,10.39,Used,M,43,6.5
0,238.0,Used,M,43,6.0
0,228.0,Used,M,43,6.0
0,13.59,Used,M,43,6.0
0,9.95,Unused,M,43,12.99
0,2.39,Unused,M,43,6.5
0,238.0,Unused,M,43,6.0
0,476.0,Unused,M,43,6.0
0,13.59,Unused,M,43,6.0
1,4.8,Used,M,43,6.0
0,27.18,Used,M,43,18.36
0,175.6,Used,M,43,80.38
0,29.11,Used,M,43,6.0
0,5.1,Used,M,43,6.0
0,62.03,Used,M,43,12.91
0,46.8,Unused,M,43,18.36
0,165.52,Unused,M,43,80.38
0,83.8,Unused,M,43,6.0
0,44.79,Unused,M,43,6.0
0,103.86,Unused,M,43,12.91
0,56.18,Unused,M,43,6.0
0,11.4,Unused,M,43,6.0
0,9.99,Unused,M,43,6.0
0,21.78,Unused,M,43,6.0
0,16.5,Unused,M,43,6.0
1,167.97,Used,M,43,12.91
0,81.54,Unused,M,43,12.91
1,415.92,Used,M,27,6.5
0,139.94,Used,M,27,6.5
0,158.0,Used,M,27,6.5
0,316.0,Used,M,27,6.5
0,149.0,Used,M,27,6.5
0,499.95,Unused,M,27,6.5
0,11.98,Unused,M,27,6.5
0,499.95,Unused,M,27,6.5
0,191.96,Unused,M,27,6.5
0,111.76,Unused,M,27,6.5
0,231.87,Unused,M,27,6.5
0,263.88,Unused,M,27,6.5
0,311.87,Unused,M,27,6.5
0,177.93,Unused,M,27,6.5
0,207.96,Unused,M,27,6.5
1,3.5,Used,M,27,30.0
0,17.55,Used,M,27,12.99
0,13.99,Used,M,27,6.0
0,149.0,Used,M,27,6.0
0,149.0,Used,M,27,6.0
0,456.0,Used,M,27,6.0
0,16.45,Unused,M,27,30.0
0,14.0,Unused,M,27,6.0
0,34.38,Unused,M,27,6.0
0,127.9,Unused,M,27,12.99
0,55.99,Unused,M,27,12.99
0,25.82,Unused,M,27,6.0
0,119.0,Unused,M,27,6.0
0,238.0,Unused,M,27,6.0
0,476.0,Unused,M,27,6.0
0,238.0,Unused,M,27,6.0
0,149.0,Unused,M,27,6.0
0,149.0,Unused,M,27,6.0
0,79.0,Unused,M,27,6.0
0,15.39,Unused,M,27,6.0
0,149.0,Unused,M,27,6.0
0,23.48,Unused,M,27,30.0
0,13.59,Unused,M,27,12.99
0,119.0,Unused,M,27,6.0
0,149.0,Unused,M,27,6.0
0,15.99,Unused,M,27,6.0
0,19.29,Used,M,27,6.0
0,395.4,Used,M,27,6.0
0,7.98,Used,M,27,12.99
0,20.7,Used,M,27,6.0
0,37.49,Used,M,27,12.99
0,13.29,Used,M,27,6.0
0,149.0,Used,M,27,19.99
0,149.0,Used,M,27,6.0
0,126.89,Unused,M,27,6.0
0,22.5,Unused,M,27,6.0
0,64.49,Unused,M,27,12.99
0,15.96,Unused,M,27,12.99
0,270.0,Unused,M,27,23.62
0,73.75,Unused,M,27,50.0
0,5.7,Unused,M,27,6.0
0,43.99,Unused,M,27,19.99
0,16.5,Unused,M,27,6.0
0,21.66,Unused,M,27,6.0
0,752.0,Unused,M,27,19.99
0,16.99,Unused,M,27,50.0
0,22.96,Used,M,27,12.48
0,129.54,Used,M,27,6.0
0,123.68,Used,M,27,6.0
0,3.18,Used,M,27,6.0
0,119.0,Used,M,27,6.0
0,357.0,Used,M,27,6.0
0,387.0,Used,M,27,6.0
0,119.0,Used,M,27,6.0
0,15.19,Used,M,27,19.99
0,149.0,Used,M,27,6.0
0,10.0,Unused,M,27,0.0
0,66.15,Unused,M,27,12.48
0,16.39,Unused,M,27,12.48
0,11.99,Unused,M,27,6.0
0,73.9,Unused,M,27,6.0
0,34.78,Unused,M,27,6.0
0,119.0,Unused,M,27,6.0
0,515.0,Unused,M,27,6.0
0,13.59,Unused,M,27,6.0
0,26.0,Unused,M,27,6.0
0,149.0,Unused,M,27,6.0
0,398.0,Unused,M,27,8.7
0,10.0,Unused,M,27,0.0
0,63.78,Unused,M,27,6.0
0,8.88,Unused,M,27,6.0
0,19.19,Unused,M,27,6.0
0,35.91,Unused,M,27,12.48
0,119.0,Unused,M,27,6.0
0,119.0,Unused,M,27,6.0
0,14.71,Unused,M,27,12.48
0,59.99,Unused,M,27,6.0
0,149.0,Unused,M,27,6.0
0,41.99,Unused,M,27,6.0
0,79.0,Unused,M,27,6.0
0,13.59,Unused,M,27,6.0
0,149.0,Unused,M,27,6.0
1,51.07,Used,M,27,6.0
0,29.41,Used,M,27,6.0
0,31.19,Used,M,27,6.0
0,119.0,Used,M,27,6.0
0,23.76,Used,M,27,6.5
0,29.26,Unused,M,27,6.0
0,56.0,Unused,M,27,26.43
0,163.79,Unused,M,27,6.0
0,55.99,Unused,M,27,6.0
0,119.0,Unused,M,27,6.0
0,119.0,Unused,M,27,6.0
0,277.0,Unused,M,27,6.0
0,316.0,Unused,M,27,6.0
0,42.0,Unused,M,27,6.0
0,149.0,Unused,M,27,6.0
1,31.35,Unused,M,27,12.99
1,4.07,Used,M,27,6.5
0,5.09,Used,M,27,6.0
0,25.98,Used,M,27,6.0
0,2.03,Used,M,27,6.0
0,121.3,Used,M,27,6.5
0,14.25,Unused,M,27,6.0
0,202.84,Unused,M,27,6.5
0,21.18,Unused,M,27,6.5
0,242.6,Unused,M,27,6.5
0,151.88,Unused,M,27,6.5
0,202.84,Unused,M,27,6.5
0,2.44,Unused,M,27,6.5
0,8.65,Unused,M,27,6.0
0,151.88,Unused,M,27,6.5
1,57.78,Used,M,24,12.99
0,238.0,Used,M,24,19.99
0,14.0,Unused,M,24,6.0
0,55.99,Unused,M,24,12.99
0,59.75,Unused,M,24,6.5
0,49.5,Unused,M,24,12.99
0,158.0,Unused,M,24,6.0
1,199.0,Used,F,45,12.99
0,99.99,Used,F,45,6.0
0,28.32,Used,F,45,6.0
0,99.8,Used,F,45,6.0
0,211.85,Used,F,45,12.91
0,162.59,Used,F,45,6.0
0,119.0,Used,F,45,6.0
0,16.99,Used,F,45,6.0
0,149.0,Used,F,45,6.0
0,149.0,Used,F,45,6.0
0,26.0,Used,F,45,6.0
0,62.5,Unused,F,45,6.0
0,119.6,Unused,F,45,19.99
0,19.99,Unused,F,45,6.0
0,119.0,Unused,F,45,6.0
0,119.0,Unused,F,45,6.0
0,317.0,Unused,F,45,6.0
0,19.2,Unused,F,45,6.0
0,24.39,Unused,F,45,6.0
0,52.4,Unused,F,45,6.0
0,79.99,Unused,F,45,6.0
0,119.0,Unused,F,45,6.0
0,5.1,Unused,F,45,6.0
0,59.99,Unused,F,45,6.0
0,149.0,Unused,F,45,6.0
1,6.38,Used,F,45,6.0
0,18.75,Used,F,45,6.0
0,4.78,Unused,F,45,6.0
0,7.74,Unused,F,45,6.0
1,2.99,Used,M,38,6.0
0,27.99,Used,M,38,14.41
0,179.7,Used,M,38,19.99
0,12.31,Used,M,38,6.0
0,3.98,Unused,M,38,6.0
0,89.7,Unused,M,38,19.99
0,16.99,Unused,M,38,6.0
0,57.56,Unused,M,38,12.99
1,2.39,Used,M,38,6.0
0,18.14,Used,M,38,12.48
0,111.2,Unused,M,38,12.48
0,106.77,Unused,M,38,6.0
0,119.0,Unused,M,38,12.99
0,13.59,Unused,M,38,6.0
0,30.0,Unused,M,38,6.0
0,7.19,Unused,M,38,12.48
0,4.8,Unused,M,38,6.0
1,18.99,Used,F,6,6.5
0,18.99,Unused,F,6,6.5
1,447.0,Used,F,6,6.0
0,1.59,Unused,F,6,6.0
0,159.63,Unused,F,6,6.0
0,119.0,Unused,F,6,6.0
0,119.0,Unused,F,6,6.0
0,693.0,Unused,F,6,12.99
0,10.63,Unused,F,6,6.0
0,31.61,Unused,F,6,6.0
0,54.99,Unused,F,6,6.0
1,43.43,Used,M,39,12.48
0,6.79,Used,M,39,12.99
0,15.97,Used,M,39,12.99
0,275.77,Used,M,39,15.37
0,119.0,Used,M,39,6.0
0,119.0,Used,M,39,6.0
0,24.99,Used,M,39,6.0
0,13.99,Used,M,39,6.0
0,237.0,Used,M,39,12.99
0,15.99,Used,M,39,6.5
0,16.79,Used,M,39,6.0
0,298.0,Used,M,39,6.0
0,43.48,Unused,M,39,12.99
0,28.71,Unused,M,39,12.48
0,21.98,Unused,M,39,6.0
0,8.97,Unused,M,39,12.99
0,7.18,Unused,M,39,12.99
0,16.79,Unused,M,39,6.0
0,39.49,Unused,M,39,6.0
0,77.05,Unused,M,39,15.37
0,119.0,Unused,M,39,6.0
0,149.0,Unused,M,39,6.0
0,149.0,Unused,M,39,6.0
0,149.0,Unused,M,39,6.0
0,149.0,Unused,M,39,6.0
0,3.16,Unused,M,39,12.99
0,119.0,Unused,M,39,6.0
0,119.0,Unused,M,39,6.0
0,79.0,Unused,M,39,6.0
0,18.47,Unused,M,39,6.0
0,119.0,Unused,M,39,6.0
0,298.0,Unused,M,39,6.0
0,149.0,Unused,M,39,6.0
0,79.0,Unused,M,39,6.0
1,34.99,Used,M,25,6.0
0,88.98,Unused,M,25,6.0
1,11.34,Used,F,4,6.5
0,245.54,Used,F,4,6.5
0,122.77,Used,F,4,6.5
0,245.54,Used,F,4,6.5
0,106.44,Used,F,4,6.5
0,407.5,Used,F,4,6.5
0,461.13,Used,F,4,6.5
0,4.1,Unused,F,4,6.5
0,122.77,Unused,F,4,6.5
0,122.77,Unused,F,4,6.5
0,153.71,Unused,F,4,6.5
0,122.77,Unused,F,4,6.5
0,25.78,Unused,F,4,6.5
0,81.5,Unused,F,4,6.5
0,163.0,Unused,F,4,6.5
0,24.75,Used,F,4,6.5
0,16.5,Unused,F,4,6.5
1,5.6,Unused,F,4,6.5
0,1.99,Used,F,4,6.5
0,614.87,Used,F,4,6.5
0,28.76,Used,F,4,6.5
0,35.95,Used,F,4,30.0
0,119.0,Used,F,4,22.71
0,285.74,Unused,F,4,6.5
0,176.96,Unused,F,4,6.5
0,298.0,Unused,F,4,6.5
0,2.99,Unused,F,4,6.5
0,94.95,Unused,F,4,6.5
0,1.99,Unused,F,4,6.5
1,9.98,Used,F,4,50.0
0,119.0,Used,F,4,6.0
0,5.5,Unused,F,4,50.0
0,298.0,Unused,F,4,6.0
0,5.99,Unused,F,4,50.0
1,70.53,Used,M,41,15.37
0,119.0,Used,M,41,6.5
0,67.19,Used,M,41,6.5
0,175.78,Unused,M,41,15.37
0,61.59,Unused,M,41,6.5
0,19.99,Unused,M,41,15.37
0,25.0,Used,M,41,0.0
0,31.96,Used,M,41,18.12
0,23.96,Used,M,41,6.5
0,357.0,Used,M,41,6.5
0,39.98,Used,M,41,6.5
0,27.18,Used,M,41,6.5
0,25.0,Unused,M,41,0.0
0,25.0,Unused,M,41,0.0
0,25.0,Unused,M,41,0.0
0,41.97,Unused,M,41,6.5
0,11.98,Unused,M,41,18.12
0,357.0,Unused,M,41,6.5
0,19.99,Unused,M,41,6.5
0,145.69,Unused,M,41,6.5
0,21.99,Unused,M,41,18.12
0,16.99,Unused,M,41,6.5
1,33.99,Used,M,41,6.5
0,15.99,Used,M,41,6.0
0,298.0,Used,M,41,8.7
0,238.0,Used,M,41,6.0
0,9.36,Used,M,41,6.0
0,29.98,Used,M,41,6.0
0,149.0,Used,M,41,6.0
0,19.19,Unused,M,41,6.0
0,27.15,Unused,M,41,6.5
0,26.63,Unused,M,41,6.0
0,9.12,Unused,M,41,6.0
0,536.0,Unused,M,41,6.0
0,15.99,Unused,M,41,6.0
0,4.8,Unused,M,41,6.0
0,13.59,Unused,M,41,6.0
0,13.99,Unused,M,41,6.0
1,62.95,Used,F,4,6.5
0,24.22,Used,F,4,6.0
0,357.0,Used,F,4,6.0
0,10.63,Used,F,4,6.0
0,13.29,Used,F,4,6.0
0,10.99,Unused,F,4,6.0
0,7.74,Unused,F,4,6.0
0,12.99,Unused,F,4,6.0
0,28.95,Unused,F,4,6.0
0,159.5,Unused,F,4,15.72
0,119.0,Unused,F,4,12.99
0,41.99,Unused,F,4,6.0
0,298.0,Unused,F,4,6.0
0,298.0,Unused,F,4,6.0
0,22.0,Unused,F,4,6.0
0,10.39,Unused,F,4,6.0
0,16.0,Unused,F,4,6.5
0,119.0,Unused,F,4,6.0
0,417.0,Unused,F,4,6.0
0,6.0,Unused,F,4,6.0
0,158.0,Unused,F,4,6.0
1,70.99,Used,F,4,6.0
0,125.86,Unused,F,4,6.0
0,30.48,Unused,F,4,6.0
1,719.64,Used,F,4,6.5
0,151.88,Used,F,4,6.5
0,35.86,Unused,F,4,6.5
0,241.56,Unused,F,4,6.5
0,80.52,Unused,F,4,6.5
0,151.88,Unused,F,4,6.5
0,151.88,Unused,F,4,6.5
1,67.18,Used,M,5,6.0
0,351.6,Used,M,5,73.92
0,119.0,Used,M,5,6.0
0,357.0,Used,M,5,12.99
0,119.0,Used,M,5,6.0
0,149.0,Used,M,5,6.0
0,149.0,Used,M,5,6.0
0,158.0,Used,M,5,6.0
0,316.0,Used,M,5,6.0
0,237.0,Used,M,5,19.99
0,149.0,Used,M,5,6.0
0,100.77,Unused,M,5,6.0
0,33.59,Unused,M,5,6.0
0,368.38,Unused,M,5,6.0
0,134.0,Unused,M,5,73.92
0,37.98,Unused,M,5,6.0
0,316.0,Unused,M,5,6.0
0,158.0,Unused,M,5,19.99
0,33.59,Unused,M,5,6.0
0,33.59,Unused,M,5,6.0
0,245.44,Unused,M,5,6.0
1,55.99,Used,F,48,13.78
0,39.8,Used,F,48,12.76
0,5.0,Used,F,48,6.5
0,44.79,Used,F,48,6.5
0,67.95,Used,F,48,28.78
0,149.0,Used,F,48,6.5
0,35.91,Unused,F,48,6.5
0,70.28,Unused,F,48,28.78
0,19.6,Unused,F,48,18.47
0,4.77,Unused,F,48,12.76
0,13.98,Unused,F,48,6.5
0,30.39,Unused,F,48,6.5
0,15.99,Unused,F,48,6.5
0,79.0,Unused,F,48,6.5
0,237.0,Unused,F,48,6.5
0,79.96,Unused,F,48,20.74
0,1.59,Unused,F,48,12.76
0,238.0,Unused,F,48,6.5
0,18.99,Unused,F,48,6.5
1,1.98,Used,F,48,6.0
0,31.18,Used,F,48,6.0
0,101.97,Used,F,48,6.0
0,1796.0,Used,F,48,12.99
0,15.99,Used,F,48,6.0
0,98.69,Used,F,48,20.33
0,15.19,Used,F,48,6.0
0,119.0,Used,F,48,19.99
0,119.0,Used,F,48,12.99
0,9.51,Used,F,48,6.0
0,30.78,Used,F,48,6.0
0,158.0,Used,F,48,6.0
0,79.0,Used,F,48,6.0
0,79.0,Used,F,48,6.0
0,15.99,Used,F,48,6.0
0,71.16,Unused,F,48,6.0
0,3.91,Unused,F,48,6.0
0,15.89,Unused,F,48,12.99
0,553.83,Unused,F,48,20.33
0,22.97,Unused,F,48,6.0
0,27.19,Unused,F,48,6.0
0,10.63,Unused,F,48,6.0
0,10.63,Unused,F,48,6.0
0,15.99,Unused,F,48,6.0
0,149.0,Unused,F,48,19.99
0,16.99,Unused,F,48,6.0
0,104.0,Unused,F,48,8.7
0,447.0,Unused,F,48,6.0
0,24.99,Unused,F,48,6.0
0,44.69,Unused,F,48,12.99
0,21.99,Unused,F,48,6.0
0,30.39,Unused,F,48,6.0
0,28.78,Unused,F,48,6.0
0,396.0,Unused,F,48,19.99
0,11.19,Unused,F,48,6.0
1,60.74,Used,F,48,51.99
0,28.0,Used,F,48,6.0
0,93.51,Unused,F,48,51.99
0,23.99,Unused,F,48,6.0
0,13.29,Unused,F,48,12.99
0,13.6,Unused,F,48,6.0
0,12.0,Unused,F,48,6.0
0,287.4,Unused,F,48,41.18
0,398.0,Unused,F,48,8.7
0,10.8,Unused,F,48,6.0
1,273.65,Used,F,48,17.08
0,106.47,Used,F,48,6.0
0,123.75,Unused,F,48,17.08
0,238.0,Unused,F,48,6.0
0,34.0,Unused,F,48,6.0
0,69.7,Unused,F,48,6.0
1,7.32,Used,F,48,6.5
0,121.3,Used,F,48,6.5
0,121.3,Used,F,48,6.5
0,363.9,Used,F,48,6.5
0,202.84,Unused,F,48,6.5
0,303.76,Unused,F,48,8.7
0,151.88,Unused,F,48,8.7
0,201.82,Unused,F,48,6.5
0,100.91,Unused,F,48,6.5
0,61.14,Unused,F,48,6.0
0,121.3,Unused,F,48,6.5
0,242.6,Unused,F,48,6.5
0,531.88,Unused,F,48,6.5
0,151.88,Unused,F,48,6.5
0,80.52,Unused,F,48,6.5
0,151.88,Unused,F,48,6.5
0,202.84,Unused,F,48,6.5
0,161.04,Unused,F,48,6.5
0,80.52,Unused,F,48,6.5
0,151.88,Unused,F,48,6.5
1,36.9,Used,F,20,15.75
0,26.04,Used,F,20,6.0
0,29.98,Used,F,20,12.99
0,71.9,Used,F,20,6.5
0,14.69,Used,F,20,6.0
0,119.0,Used,F,20,6.0
0,238.0,Used,F,20,6.0
0,18.99,Used,F,20,6.0
0,15.19,Used,F,20,6.0
0,228.0,Used,F,20,6.0
0,149.0,Used,F,20,6.0
0,79.0,Used,F,20,6.0
0,149.0,Used,F,20,6.0
0,31.8,Unused,F,20,15.75
0,1.99,Unused,F,20,6.0
0,56.78,Unused,F,20,6.0
0,44.79,Unused,F,20,6.0
0,15.19,Unused,F,20,6.0
0,89.25,Unused,F,20,12.99
0,119.0,Unused,F,20,6.0
0,417.0,Unused,F,20,12.99
0,119.0,Unused,F,20,6.0
0,119.0,Unused,F,20,6.0
0,476.0,Unused,F,20,19.99
0,18.99,Unused,F,20,6.0
0,64.78,Unused,F,20,6.0
0,119.0,Unused,F,20,6.0
0,24.22,Unused,F,20,6.0
0,298.0,Unused,F,20,6.0
0,81.58,Used,F,20,12.99
0,14.78,Used,F,20,6.0
0,302.3,Used,F,20,21.71
0,3.98,Used,F,20,6.0
0,30.0,Unused,F,20,12.99
0,54.38,Unused,F,20,6.5
0,87.95,Unused,F,20,6.5
0,119.0,Unused,F,20,6.0
0,59.99,Unused,F,20,6.0
0,15.99,Unused,F,20,6.0
0,18.99,Unused,F,20,6.0
0,79.0,Unused,F,20,6.0
0,149.0,Unused,F,20,6.0
0,149.0,Unused,F,20,6.0
0,239.88,Unused,F,20,21.71
1,189.8,Used,F,10,6.5
0,1.2,Used,F,10,6.5
0,119.0,Unused,F,10,6.5
0,149.0,Unused,F,10,6.5
1,63.98,Used,F,10,19.99
0,119.0,Used,F,10,6.0
0,85.63,Unused,F,10,19.99
0,79.99,Unused,F,10,6.0
0,30.97,Unused,F,10,19.99
1,20.49,Used,F,10,6.0
0,10.63,Used,F,10,6.0
0,30.78,Unused,F,10,6.0
0,4.99,Unused,F,10,6.0
1,3.98,Used,F,10,6.0
0,199.0,Unused,F,10,6.0
0,119.0,Unused,F,10,6.0
1,298.0,Unused,F,10,6.5
1,2.39,Used,F,24,6.0
0,4.8,Used,F,24,6.0
0,45.25,Used,F,24,6.0
0,79.0,Used,F,24,6.0
0,10.99,Unused,F,24,6.0
0,99.0,Unused,F,24,6.0
0,14.35,Unused,F,24,6.0
0,31.5,Unused,F,24,6.0
0,3.99,Unused,F,24,6.0
0,33.6,Unused,F,24,6.0
1,202.84,Used,F,24,6.5
0,20.37,Used,F,24,6.5
0,20.38,Used,F,24,6.0
0,9.72,Used,F,24,6.5
0,151.88,Used,F,24,6.5
0,151.88,Used,F,24,6.5
0,20.34,Unused,F,24,6.5
0,12.83,Unused,F,24,6.5
0,33.42,Unused,F,24,6.5
0,52.99,Unused,F,24,6.0
0,151.88,Unused,F,24,6.5
0,0.41,Unused,F,24,6.5
0,29.28,Unused,F,24,6.5
1,51.14,Used,F,29,6.5
0,237.83,Used,F,29,6.5
0,15.19,Used,F,29,6.5
0,32.95,Used,F,29,6.5
0,119.0,Used,F,29,6.5
0,13.59,Used,F,29,6.5
0,149.0,Used,F,29,6.5
0,7.98,Unused,F,29,6.5
0,79.78,Unused,F,29,6.5
0,24.97,Unused,F,29,6.5
0,55.99,Unused,F,29,6.5
0,107.96,Unused,F,29,6.5
0,18.99,Unused,F,29,6.5
0,104.65,Unused,F,29,6.5
0,35.98,Unused,F,29,6.5
0,923.0,Unused,F,29,6.5
0,8.97,Unused,F,29,6.5
0,22.0,Unused,F,29,6.5
0,412.48,Unused,F,29,6.5
1,407.72,Used,F,29,6.0
0,107.4,Used,F,29,6.0
0,33.59,Unused,F,29,6.0
0,434.51,Unused,F,29,6.0
0,121.98,Unused,F,29,12.99
0,39.8,Unused,F,29,6.0
0,42.27,Unused,F,29,6.0
0,15.19,Unused,F,29,6.0
0,79.99,Unused,F,29,12.99
0,59.8,Unused,F,29,6.0
1,17.76,Used,F,29,6.0
0,198.0,Used,F,29,6.0
0,13.59,Used,F,29,6.0
0,149.0,Used,F,29,6.0
0,48.0,Used,F,29,6.0
0,11.19,Used,F,29,6.0
0,44.79,Unused,F,29,6.0
0,58.38,Unused,F,29,6.0
0,10.63,Unused,F,29,6.0
0,30.77,Unused,F,29,6.0
0,10.63,Unused,F,29,6.0
0,149.0,Unused,F,29,6.0
0,26.4,Unused,F,29,6.0
0,27.43,Unused,F,29,6.0
1,9.26,Used,F,33,6.5
0,122.77,Used,F,33,6.5
0,1.55,Unused,F,33,6.5
0,42.91,Unused,F,33,6.5
0,245.54,Unused,F,33,6.5
0,122.77,Unused,F,33,6.5
0,33.0,Unused,F,33,6.5
1,31.96,Used,F,49,6.5
0,10.96,Used,F,49,6.5
0,17.59,Used,F,49,12.76
0,21.99,Used,F,49,6.5
0,24.99,Used,F,49,6.5
0,1.99,Used,F,49,6.5
0,20.98,Used,F,49,6.5
0,52.07,Used,F,49,13.78
0,119.0,Used,F,49,6.5
0,268.0,Used,F,49,6.5
0,71.99,Used,F,49,6.5
0,31.98,Used,F,49,6.5
0,59.99,Used,F,49,6.5
0,79.0,Used,F,49,6.5
0,16.99,Used,F,49,6.5
0,27.18,Used,F,49,6.5
0,149.0,Used,F,49,6.5
0,149.0,Used,F,49,6.5
0,28.91,Unused,F,49,6.5
0,23.94,Unused,F,49,6.5
0,61.97,Unused,F,49,6.5
0,43.96,Unused,F,49,6.5
0,4.99,Unused,F,49,6.5
0,19.99,Unused,F,49,6.5
0,15.19,Unused,F,49,6.5
0,357.0,Unused,F,49,6.5
0,119.0,Unused,F,49,6.5
0,119.0,Unused,F,49,6.5
0,387.0,Unused,F,49,6.5
0,119.0,Unused,F,49,6.5
0,31.18,Unused,F,49,12.76
0,104.0,Unused,F,49,8.7
0,16.99,Unused,F,49,6.5
0,16.99,Unused,F,49,6.5
0,149.0,Unused,F,49,6.5
0,14.34,Unused,F,49,6.5
0,2.99,Unused,F,49,6.5
0,3.99,Unused,F,49,6.5
0,19.19,Unused,F,49,6.5
0,1.59,Unused,F,49,6.5
0,335.7,Unused,F,49,84.7
0,67.19,Unused,F,49,6.5
1,19.8,Used,F,18,6.5
0,82.32,Unused,F,18,6.5
0,153.71,Unused,F,18,6.5
1,153.71,Used,F,6,6.5
0,50.96,Used,F,6,6.5
0,20.6,Unused,F,6,6.5
0,307.42,Unused,F,6,6.5
1,19.99,Used,M,13,6.5
1,117.64,Unused,M,13,12.99
0,149.0,Unused,M,13,6.0
0,238.0,Unused,M,13,6.0
1,29.58,Used,F,45,6.5
0,61.59,Used,F,45,6.5
0,15.19,Unused,F,45,6.5
1,318.0,Used,F,45,6.0
0,796.0,Used,F,45,6.0
0,279.0,Used,F,45,6.0
0,17.58,Used,F,45,6.0
0,25.54,Used,F,45,6.0
0,228.0,Used,F,45,6.0
0,158.0,Used,F,45,6.0
0,149.0,Used,F,45,6.0
0,149.0,Used,F,45,6.0
0,3.5,Unused,F,45,6.0
0,119.0,Unused,F,45,6.0
0,35.36,Unused,F,45,6.0
0,349.0,Unused,F,45,6.0
0,698.0,Unused,F,45,6.0
0,298.0,Unused,F,45,6.0
0,149.0,Unused,F,45,6.0
0,79.0,Unused,F,45,6.0
0,447.0,Unused,F,45,6.0
1,60.61,Used,M,38,6.5
0,56.79,Used,M,38,12.91
0,105.92,Used,M,38,19.99
0,10.07,Used,M,38,6.0
0,23.99,Used,M,38,6.0
0,67.15,Used,M,38,22.71
0,95.7,Unused,M,38,6.5
0,218.84,Unused,M,38,19.99
0,102.91,Unused,M,38,12.91
0,1.59,Unused,M,38,6.0
0,167.47,Unused,M,38,6.0
0,43.97,Unused,M,38,22.71
0,357.0,Unused,M,38,6.0
0,316.0,Unused,M,38,6.0
0,92.94,Unused,M,38,19.99
0,44.79,Unused,M,38,12.91
0,19.99,Unused,M,38,6.0
0,357.0,Unused,M,38,12.99
0,298.0,Unused,M,38,6.0
1,19.8,Used,F,12,6.0
0,10.39,Used,F,12,6.5
0,12.0,Used,F,12,6.0
0,16.99,Used,F,12,12.99
0,184.5,Unused,F,12,36.06
0,167.86,Unused,F,12,73.71
0,8.79,Unused,F,12,6.5
0,27.36,Unused,F,12,6.5
0,13.29,Unused,F,12,6.0
0,18.99,Unused,F,12,12.99
1,204.36,Used,M,26,35.96
0,307.42,Used,M,26,6.5
0,153.71,Used,M,26,6.5
0,31.24,Unused,M,26,35.96
0,122.77,Unused,M,26,6.5
0,245.54,Unused,M,26,6.5
1,357.0,Used,F,17,99.55
1,922.5,Unused,F,17,52.6
0,13.68,Unused,F,17,6.0
0,55.99,Unused,F,17,6.0
0,119.0,Unused,F,17,6.0
0,53.82,Unused,F,17,6.0
0,119.0,Unused,F,17,6.0
0,119.0,Used,F,17,6.0
0,149.0,Used,F,17,6.0
0,357.0,Unused,F,17,6.0
0,238.0,Unused,F,17,6.0
0,158.0,Unused,F,17,6.0
0,149.0,Unused,F,17,6.0
0,149.0,Unused,F,17,6.0
1,10.99,Used,F,17,6.0
0,8.79,Used,F,17,6.0
0,478.0,Used,F,17,6.0
0,199.0,Used,F,17,19.99
0,99.99,Used,F,17,6.0
0,595.0,Used,F,17,6.0
0,349.0,Used,F,17,6.0
0,474.0,Used,F,17,6.0
0,149.0,Used,F,17,6.0
0,99.0,Unused,F,17,6.0
0,119.0,Unused,F,17,6.0
0,476.0,Unused,F,17,6.0
0,15.0,Unused,F,17,6.0
0,298.0,Unused,F,17,6.0
0,27.18,Unused,F,17,6.0
0,149.0,Unused,F,17,6.0
0,119.0,Used,F,17,6.0
0,8.5,Used,F,17,6.0
0,8.5,Unused,F,17,6.0
0,149.0,Unused,F,17,6.0
1,21.99,Used,M,20,6.0
0,44.79,Used,M,20,6.0
0,27.19,Used,M,20,6.5
0,11.18,Used,M,20,6.0
0,679.15,Used,M,20,170.78
0,46.37,Used,M,20,6.0
0,17.59,Used,M,20,16.85
0,14.88,Used,M,20,6.0
0,52.07,Used,M,20,6.0
0,119.0,Used,M,20,6.0
0,83.99,Used,M,20,6.0
0,15.99,Used,M,20,6.0
0,15.99,Used,M,20,6.0
0,15.19,Used,M,20,6.0
0,20.38,Unused,M,20,6.0
0,22.38,Unused,M,20,16.85
0,9.99,Unused,M,20,6.0
0,26.38,Unused,M,20,6.0
0,30.39,Unused,M,20,6.0
0,25.19,Unused,M,20,6.0
0,52.07,Unused,M,20,6.0
0,476.0,Unused,M,20,12.99
0,387.0,Unused,M,20,6.0
0,119.0,Unused,M,20,6.0
0,2.99,Unused,M,20,6.0
0,1.99,Unused,M,20,6.0
0,149.0,Unused,M,20,6.0
0,19.99,Unused,M,20,16.85
0,13.59,Unused,M,20,6.0
1,354.66,Used,M,20,39.81
0,199.0,Used,M,20,6.0
0,33.58,Used,M,20,20.85
0,29.57,Used,M,20,6.0
0,29.19,Unused,M,20,6.0
0,61.69,Unused,M,20,6.0
0,97.65,Unused,M,20,39.81
0,36.86,Unused,M,20,20.85
0,238.0,Unused,M,20,6.0
0,15.99,Unused,M,20,6.0
0,6.38,Unused,M,20,20.85
0,7.6,Unused,M,20,6.0
0,149.0,Unused,M,20,6.0
0,13.59,Unused,M,20,6.0
1,35.94,Used,M,16,6.0
0,35.98,Used,M,16,6.0
0,39.19,Used,M,16,6.0
0,16.99,Used,M,16,6.0
0,149.0,Used,M,16,6.0
0,14.0,Unused,M,16,6.0
0,42.57,Unused,M,16,6.0
0,149.0,Unused,M,16,6.0
0,15.19,Unused,M,16,6.0
0,20.49,Unused,M,16,6.0
0,13.29,Unused,M,16,6.0
1,2.8,Used,M,16,49.73
0,23.96,Unused,M,16,49.73
0,19.99,Unused,M,16,49.73
1,278.0,Used,M,16,6.5
0,9.6,Used,M,16,6.5
0,198.0,Used,M,16,6.5
0,4.78,Used,M,16,6.5
0,558.0,Used,M,16,6.5
0,119.0,Used,M,16,6.5
0,119.0,Used,M,16,6.5
0,349.0,Used,M,16,6.5
0,447.0,Used,M,16,6.5
0,149.0,Used,M,16,6.5
0,149.0,Used,M,16,6.5
0,16.77,Unused,M,16,6.5
0,199.0,Unused,M,16,6.5
0,706.0,Unused,M,16,6.5
0,13.99,Unused,M,16,6.5
0,17.58,Unused,M,16,6.5
0,357.0,Unused,M,16,6.5
0,119.0,Unused,M,16,6.5
0,119.0,Unused,M,16,6.5
0,119.0,Unused,M,16,6.5
0,119.0,Unused,M,16,6.5
0,119.0,Unused,M,16,6.5
0,476.0,Unused,M,16,6.5
0,119.0,Unused,M,16,6.5
0,349.0,Unused,M,16,6.5
0,149.0,Unused,M,16,6.5
0,149.0,Unused,M,16,6.5
0,158.0,Unused,M,16,6.5
0,79.0,Unused,M,16,6.5
0,158.0,Unused,M,16,6.5
0,298.0,Unused,M,16,6.5
0,149.0,Unused,M,16,6.5
0,2.37,Unused,M,16,6.5
0,24.78,Unused,M,16,6.5
0,198.0,Unused,M,16,6.5
0,149.0,Unused,M,16,8.7
0,119.0,Unused,M,16,6.5
0,237.0,Unused,M,16,6.5
0,149.0,Unused,M,16,6.5
0,298.0,Unused,M,16,6.5
0,21.99,Used,M,16,6.0
0,8.99,Used,M,16,6.0
0,199.0,Used,M,16,6.5
0,199.0,Used,M,16,6.5
0,99.0,Used,M,16,6.5
0,4.78,Used,M,16,6.5
0,11.18,Used,M,16,19.99
0,516.0,Used,M,16,6.5
0,238.0,Used,M,16,6.5
0,119.0,Used,M,16,6.5
0,357.0,Used,M,16,6.5
0,498.0,Used,M,16,6.5
0,149.0,Used,M,16,6.5
0,149.0,Used,M,16,6.5
0,149.0,Used,M,16,6.5
0,149.0,Used,M,16,6.5
0,149.0,Used,M,16,6.5
0,79.0,Used,M,16,6.5
0,395.0,Used,M,16,6.5
0,79.0,Used,M,16,6.5
0,896.0,Unused,M,16,6.5
0,99.0,Unused,M,16,6.5
0,99.0,Unused,M,16,6.5
0,99.0,Unused,M,16,6.5
0,198.0,Unused,M,16,6.5
0,198.0,Unused,M,16,6.5
0,3.99,Unused,M,16,6.5
0,2.39,Unused,M,16,6.5
0,54.48,Unused,M,16,6.0
0,149.0,Unused,M,16,8.7
0,119.0,Unused,M,16,6.5
0,435.0,Unused,M,16,19.99
0,238.0,Unused,M,16,6.5
0,158.0,Unused,M,16,6.5
0,316.0,Unused,M,16,6.5
0,79.0,Unused,M,16,6.5
0,158.0,Unused,M,16,6.5
0,149.0,Unused,M,16,6.5
0,149.0,Unused,M,16,6.5
0,149.0,Unused,M,16,6.5
0,199.0,Unused,M,16,6.5
0,12.79,Unused,M,16,6.5
0,349.0,Unused,M,16,6.5
0,349.0,Unused,M,16,6.5
0,298.0,Unused,M,16,19.99
0,237.0,Unused,M,16,6.5
0,237.0,Unused,M,16,6.5
0,237.0,Unused,M,16,6.5
0,149.0,Unused,M,16,6.5
0,298.0,Unused,M,16,6.5
1,128.96,Used,M,33,6.5
0,214.58,Used,M,33,8.7
0,164.34,Unused,M,33,6.5
0,123.38,Unused,M,33,6.5
0,153.71,Unused,M,33,6.5
0,153.71,Unused,M,33,6.5
0,11.53,Used,M,33,6.5
0,37.2,Unused,M,33,6.5
0,36.29,Unused,M,33,6.5
0,173.28,Unused,M,33,6.5
0,122.77,Unused,M,33,6.5
0,46.16,Unused,M,33,35.96
0,407.5,Unused,M,33,6.5
0,153.71,Unused,M,33,6.5
0,32.96,Unused,M,33,35.96
1,7.95,Used,M,33,6.5
0,204.7,Unused,M,33,6.5
0,16.77,Unused,M,33,6.5
0,134.19,Unused,M,33,6.5
0,15.18,Unused,M,33,6.5
0,149.0,Unused,M,33,6.5
0,149.0,Unused,M,33,6.5
0,298.0,Unused,M,33,6.5
0,99.5,Unused,M,33,6.5
0,15.19,Unused,M,33,6.5
1,2332.56,Used,M,33,6.0
0,335.7,Used,M,33,21.29
0,7.95,Used,M,33,6.0
0,13.43,Used,M,33,6.0
0,33.98,Used,M,33,6.0
0,158.0,Used,M,33,6.0
0,16.99,Used,M,33,6.0
0,596.0,Used,M,33,6.0
0,43.95,Unused,M,33,6.0
0,13.43,Unused,M,33,6.0
0,102.32,Unused,M,33,21.29
0,98.99,Unused,M,33,6.0
0,13.29,Unused,M,33,6.0
0,17.58,Unused,M,33,6.0
0,55.99,Unused,M,33,6.0
0,79.0,Unused,M,33,6.0
1,69.95,Unused,M,33,6.0
0,46.5,Unused,M,33,6.0
0,1.75,Unused,M,33,6.0
1,13.5,Used,M,33,6.0
0,468.0,Used,M,33,6.0
0,75.85,Unused,M,33,12.48
0,34.25,Unused,M,33,6.0
0,13.59,Unused,M,33,6.0
0,119.0,Unused,M,33,6.0
1,146.76,Used,M,33,6.5
0,394.48,Used,M,33,6.5
0,222.21,Unused,M,33,6.5
0,97.84,Unused,M,33,6.5
0,121.3,Unused,M,33,6.5
0,121.3,Unused,M,33,6.5
1,40.14,Used,M,14,6.0
0,17.79,Unused,M,14,6.0
0,13.29,Unused,M,14,6.0
0,22.08,Unused,M,14,6.0
0,149.0,Unused,M,14,6.0
0,149.0,Unused,M,14,6.0
0,6.99,Unused,M,14,6.0
0,21.2,Unused,M,14,6.0
0,149.0,Unused,M,14,6.0
0,59.9,Used,M,14,6.0
0,79.99,Used,M,14,6.5
0,16.56,Used,M,14,6.0
0,75.42,Used,M,14,6.0
0,15.99,Used,M,14,6.0
0,4.8,Used,M,14,6.0
0,119.0,Used,M,14,6.0
0,238.0,Used,M,14,6.0
0,34.61,Unused,M,14,6.0
0,7.0,Unused,M,14,6.0
0,99.99,Unused,M,14,6.0
0,33.99,Unused,M,14,6.0
0,85.27,Unused,M,14,6.0
0,66.0,Unused,M,14,6.0
0,5.7,Unused,M,14,6.0
0,357.0,Unused,M,14,6.0
0,119.0,Unused,M,14,6.0
0,238.0,Unused,M,14,19.99
0,238.0,Unused,M,14,6.0
0,119.0,Unused,M,14,6.0
0,13.29,Unused,M,14,6.0
0,149.0,Unused,M,14,6.0
0,395.0,Unused,M,14,6.0
0,149.0,Unused,M,14,6.0
0,149.0,Unused,M,14,6.0
0,4.99,Unused,M,14,6.0
0,7.0,Unused,M,14,6.0
0,9.49,Unused,M,14,6.0
0,79.0,Unused,M,14,6.0
0,447.0,Unused,M,14,6.0
1,152.36,Used,M,30,6.0
0,242.6,Used,M,30,6.5
0,80.52,Used,M,30,6.5
0,11.2,Unused,M,30,6.0
0,81.53,Unused,M,30,6.5
0,242.6,Unused,M,30,6.5
0,121.3,Unused,M,30,6.5
0,80.52,Unused,M,30,6.5
0,101.92,Unused,M,30,6.0
0,3.05,Used,M,30,6.0
0,598.34,Used,M,30,6.5
0,279.99,Unused,M,30,6.0
0,61.15,Unused,M,30,6.0
0,19.56,Unused,M,30,6.5
0,121.3,Unused,M,30,6.5
0,121.3,Unused,M,30,6.5
0,151.88,Unused,M,30,6.5
0,303.76,Unused,M,30,6.5
0,161.04,Unused,M,30,6.5
0,151.88,Unused,M,30,6.5
0,22.41,Unused,M,30,6.0
1,29.9,Used,F,37,6.5
0,59.99,Used,F,37,6.5
0,16.99,Used,F,37,39.27
0,149.0,Used,F,37,6.5
0,298.0,Used,F,37,6.5
0,18.37,Unused,F,37,6.5
0,75.0,Unused,F,37,6.5
0,133.58,Unused,F,37,6.5
0,61.59,Unused,F,37,6.5
0,99.0,Unused,F,37,6.5
0,149.0,Unused,F,37,6.5
1,257.4,Used,M,48,6.5
0,64.95,Used,M,48,6.5
0,46.21,Used,M,48,6.5
0,122.77,Used,M,48,6.5
0,122.77,Used,M,48,6.5
0,122.77,Used,M,48,6.5
0,153.71,Used,M,48,6.5
0,153.71,Used,M,48,6.5
0,768.55,Used,M,48,6.5
0,153.71,Used,M,48,6.5
0,153.71,Used,M,48,6.5
0,153.71,Used,M,48,6.5
0,489.2,Unused,M,48,6.5
0,119.6,Unused,M,48,28.78
0,125.81,Unused,M,48,6.5
0,29.89,Unused,M,48,6.5
0,197.78,Unused,M,48,28.78
0,2.05,Unused,M,48,6.5
0,368.31,Unused,M,48,6.5
0,245.54,Unused,M,48,6.5
0,122.77,Unused,M,48,6.5
0,613.85,Unused,M,48,6.5
0,113.47,Unused,M,48,6.5
0,245.54,Unused,M,48,6.5
0,285.77,Unused,M,48,6.5
0,122.77,Unused,M,48,6.5
0,77.36,Unused,M,48,6.5
0,81.5,Unused,M,48,6.5
0,388.92,Unused,M,48,6.5
0,307.42,Unused,M,48,6.5
0,153.71,Unused,M,48,6.5
0,153.71,Unused,M,48,6.5
0,153.71,Unused,M,48,6.5
0,153.71,Unused,M,48,6.5
0,307.42,Unused,M,48,6.5
0,81.34,Unused,M,48,6.5
0,64.96,Unused,M,48,6.5
0,19.59,Unused,M,48,6.5
0,245.54,Unused,M,48,6.5
0,141.32,Unused,M,48,6.5
0,153.71,Unused,M,48,6.5
1,125.05,Used,F,5,57.74
0,28.9,Used,F,5,35.96
0,39.55,Used,F,5,6.5
0,165.75,Used,F,5,6.5
0,19.8,Used,F,5,12.76
0,45.36,Used,F,5,6.5
0,4.12,Used,F,5,6.5
0,13.4,Used,F,5,6.5
0,25.65,Used,F,5,6.5
0,31.35,Used,F,5,35.96
0,3.08,Used,F,5,6.5
0,122.77,Used,F,5,6.5
0,122.77,Used,F,5,6.5
0,14.02,Used,F,5,28.78
0,245.54,Used,F,5,6.5
0,122.77,Used,F,5,6.5
0,491.08,Used,F,5,6.5
0,156.7,Used,F,5,182.74
0,102.13,Used,F,5,6.5
0,99.03,Used,F,5,13.78
0,15.67,Used,F,5,6.5
0,14.02,Used,F,5,6.5
0,61.89,Used,F,5,6.5
0,614.84,Used,F,5,6.5
0,153.71,Used,F,5,6.5
0,153.71,Used,F,5,6.5
0,153.71,Used,F,5,6.5
0,461.13,Used,F,5,6.5
0,11.27,Unused,F,5,6.5
0,594.89,Unused,F,5,6.5
0,30.12,Unused,F,5,6.5
0,42.07,Unused,F,5,6.5
0,43.68,Unused,F,5,57.74
0,30.93,Unused,F,5,6.5
0,4.1,Unused,F,5,6.5
0,43.66,Unused,F,5,6.5
0,46.21,Unused,F,5,6.5
0,19.59,Unused,F,5,6.5
0,11.34,Unused,F,5,6.5
0,31.35,Unused,F,5,12.76
0,60.22,Unused,F,5,28.78
0,189.6,Unused,F,5,35.96
0,46.21,Unused,F,5,6.5
0,11.34,Unused,F,5,6.5
0,31.35,Unused,F,5,35.96
0,434.76,Unused,F,5,182.74
0,153.71,Unused,F,5,8.7
0,1.64,Unused,F,5,6.5
0,245.54,Unused,F,5,6.5
0,204.27,Unused,F,5,6.5
0,276.48,Unused,F,5,6.5
0,122.77,Unused,F,5,6.5
0,122.77,Unused,F,5,6.5
0,122.77,Unused,F,5,6.5
0,122.77,Unused,F,5,6.5
0,245.54,Unused,F,5,6.5
0,15.67,Unused,F,5,6.5
0,14.02,Unused,F,5,6.5
0,16.5,Unused,F,5,6.5
0,81.5,Unused,F,5,6.5
0,326.0,Unused,F,5,6.5
0,28.88,Unused,F,5,6.5
0,153.71,Unused,F,5,6.5
0,153.71,Unused,F,5,6.5
0,55.28,Unused,F,5,28.78
0,98.9,Unused,F,5,35.96
0,29.63,Unused,F,5,6.5
0,12.32,Unused,F,5,6.5
0,16.48,Unused,F,5,6.5
0,231.05,Unused,F,5,182.74
0,245.54,Unused,F,5,6.5
0,307.42,Unused,F,5,6.5
1,100.0,Used,F,5,0.0
0,40.08,Used,F,5,6.0
0,41.59,Used,F,5,12.99
0,13.43,Used,F,5,6.0
0,25.0,Unused,F,5,0.0
0,28.61,Unused,F,5,6.0
0,288.35,Unused,F,5,12.99
0,56.97,Unused,F,5,19.99
0,61.59,Unused,F,5,6.0
0,238.0,Unused,F,5,12.99
0,12.31,Unused,F,5,6.0
0,1.99,Unused,F,5,6.0
0,4.78,Used,F,5,6.0
0,19.16,Used,F,5,22.71
0,30.39,Used,F,5,6.5
0,74.97,Used,F,5,6.0
0,15.06,Unused,F,5,22.71
0,3.99,Unused,F,5,6.0
0,17.58,Unused,F,5,6.0
0,41.79,Unused,F,5,6.0
0,13.59,Unused,F,5,6.0
0,14.85,Unused,F,5,6.0
0,10.39,Unused,F,5,22.71
0,16.38,Unused,F,5,6.0
0,119.0,Unused,F,5,6.0
1,24.68,Unused,M,12,50.0
1,16.99,Used,M,44,6.5
0,238.0,Used,M,44,6.5
0,119.0,Used,M,44,6.5
0,19.99,Used,M,44,6.5
0,149.38,Unused,M,44,51.99
0,18.99,Unused,M,44,6.5
0,24.99,Unused,M,44,6.5
0,16.99,Unused,M,44,6.5
0,298.0,Unused,M,44,6.5
0,1.99,Unused,M,44,6.5
0,24.99,Unused,M,44,6.5
0,33.98,Unused,M,44,6.5
0,119.0,Unused,M,44,6.5
0,119.0,Unused,M,44,6.5
0,158.0,Unused,M,44,6.5
0,149.0,Unused,M,44,6.5
1,4.95,Used,M,44,6.0
0,28.95,Used,M,44,6.0
0,114.88,Used,M,44,26.86
0,100.56,Used,M,44,6.0
0,12.4,Used,M,44,6.0
0,238.0,Used,M,44,6.0
0,114.88,Unused,M,44,26.86
0,29.63,Unused,M,44,6.0
0,50.47,Unused,M,44,6.0
0,179.7,Unused,M,44,6.0
0,38.23,Unused,M,44,6.0
0,119.0,Unused,M,44,6.0
0,2.99,Unused,M,44,6.0
0,13.59,Unused,M,44,6.0
1,27.98,Used,M,34,6.5
0,1.2,Used,M,34,6.5
0,150.2,Unused,M,34,6.5
0,3.99,Used,M,34,6.5
0,8.99,Unused,M,34,6.5
0,70.97,Unused,M,34,6.5
0,83.98,Unused,M,34,24.47
0,149.0,Unused,M,34,6.5
1,285.74,Used,M,34,6.0
0,151.2,Used,M,34,13.35
0,3.5,Used,M,34,6.0
0,219.75,Used,M,34,45.5
0,15.59,Used,M,34,6.0
0,65.58,Used,M,34,6.0
0,40.38,Used,M,34,6.0
0,158.0,Used,M,34,6.0
0,149.0,Used,M,34,6.0
0,34.38,Unused,M,34,6.0
0,287.76,Unused,M,34,18.69
0,238.77,Unused,M,34,12.91
0,62.54,Unused,M,34,6.0
0,27.49,Unused,M,34,6.0
0,72.76,Unused,M,34,6.5
0,3.5,Unused,M,34,6.0
0,357.0,Unused,M,34,6.0
0,119.0,Unused,M,34,6.0
0,476.0,Unused,M,34,6.0
0,44.0,Unused,M,34,12.99
0,119.0,Unused,M,34,6.0
0,119.0,Unused,M,34,12.99
0,268.0,Unused,M,34,6.0
0,26.39,Unused,M,34,6.0
0,745.0,Unused,M,34,6.0
0,395.0,Unused,M,34,6.0
0,16.99,Unused,M,34,6.0
0,151.2,Unused,M,34,13.35
0,105.6,Unused,M,34,18.69
0,41.95,Unused,M,34,6.5
0,90.77,Unused,M,34,6.0
0,87.33,Unused,M,34,12.91
0,238.0,Unused,M,34,6.0
0,149.0,Unused,M,34,6.0
1,141.8,Used,F,43,18.47
0,191.86,Used,F,43,6.5
0,49.35,Used,F,43,57.74
0,5.15,Used,F,43,6.5
0,195.95,Used,F,43,6.5
0,30.92,Used,F,43,6.5
0,180.0,Used,F,43,64.01
0,42.91,Used,F,43,6.5
0,1.64,Used,F,43,6.5
0,122.77,Used,F,43,6.5
0,122.77,Used,F,43,6.5
0,122.77,Used,F,43,6.5
0,245.54,Used,F,43,6.5
0,122.77,Used,F,43,6.5
0,245.54,Used,F,43,6.5
0,163.0,Used,F,43,6.5
0,461.13,Used,F,43,6.5
0,153.71,Used,F,43,6.5
0,153.71,Used,F,43,6.5
0,9.84,Unused,F,43,18.47
0,72.0,Unused,F,43,64.01
0,22.68,Unused,F,43,6.5
0,46.21,Unused,F,43,6.5
0,321.82,Unused,F,43,6.5
0,19.59,Unused,F,43,6.5
0,4.92,Unused,F,43,6.5
0,90.43,Unused,F,43,57.74
0,575.58,Unused,F,43,139.57
0,82.52,Unused,F,43,6.5
0,5.67,Unused,F,43,6.5
0,128.73,Unused,F,43,6.5
0,6.18,Unused,F,43,6.5
0,122.77,Unused,F,43,6.5
0,245.54,Unused,F,43,6.5
0,245.54,Unused,F,43,6.5
0,25.78,Unused,F,43,18.65
0,14.02,Unused,F,43,6.5
0,14.02,Unused,F,43,6.5
0,153.71,Unused,F,43,6.5
0,153.71,Unused,F,43,6.5
0,111.95,Unused,F,43,57.74
0,3.29,Unused,F,43,6.5
0,245.54,Unused,F,43,6.5
0,245.54,Unused,F,43,6.5
0,307.42,Unused,F,43,6.5
0,153.71,Unused,F,43,6.5
1,6.0,Used,F,20,6.0
0,13.99,Used,F,20,6.0
0,7.98,Unused,F,20,6.0
1,21.57,Used,M,8,64.01
0,38.98,Used,M,8,6.5
0,24.99,Used,M,8,6.5
0,307.0,Used,M,8,6.5
0,58.95,Unused,M,8,6.5
0,131.85,Unused,M,8,64.01
0,23.96,Unused,M,8,6.5
0,111.8,Unused,M,8,35.3
0,7.96,Unused,M,8,6.5
0,119.0,Unused,M,8,6.5
0,119.0,Unused,M,8,6.5
0,119.0,Unused,M,8,6.5
0,158.0,Unused,M,8,6.5
0,298.0,Unused,M,8,6.5
0,39.99,Unused,M,8,6.5
0,38.34,Unused,M,8,64.01
0,119.0,Unused,M,8,6.5
0,44.97,Unused,M,8,6.5
0,24.99,Unused,M,8,6.5
0,79.0,Unused,M,8,6.5
0,149.0,Unused,M,8,6.5
0,149.0,Unused,M,8,6.5
0,29.56,Used,M,8,13.78
0,99.16,Used,M,8,6.5
0,30.95,Used,M,8,6.5
0,7.99,Used,M,8,6.5
0,238.0,Used,M,8,6.5
0,15.19,Used,M,8,12.76
0,57.98,Used,M,8,6.5
0,67.93,Unused,M,8,6.5
0,245.19,Unused,M,8,6.5
0,18.37,Unused,M,8,13.78
0,22.98,Unused,M,8,6.5
0,67.17,Unused,M,8,6.5
0,28.78,Unused,M,8,6.5
0,16.78,Unused,M,8,12.76
0,119.0,Unused,M,8,6.5
0,238.0,Unused,M,8,6.5
0,387.0,Unused,M,8,6.5
0,268.0,Unused,M,8,6.5
0,159.07,Unused,M,8,6.5
0,17.59,Unused,M,8,6.5
0,27.18,Unused,M,8,6.5
0,316.0,Unused,M,8,6.5
0,149.0,Unused,M,8,6.5
0,149.0,Unused,M,8,6.5
0,18.36,Unused,M,8,13.78
0,4.99,Unused,M,8,6.5
0,55.99,Unused,M,8,6.5
0,19.99,Unused,M,8,6.5
0,149.0,Unused,M,8,6.5
1,49.95,Used,F,27,12.99
0,17.93,Used,F,27,12.99
0,53.79,Used,F,27,6.5
0,302.73,Used,F,27,6.5
0,84.78,Used,F,27,6.5
0,293.4,Used,F,27,12.48
0,7.12,Used,F,27,6.0
0,45.86,Used,F,27,6.5
0,121.3,Used,F,27,6.5
0,121.3,Used,F,27,6.5
0,396.52,Unused,F,27,12.99
0,17.93,Unused,F,27,6.5
0,8.96,Unused,F,27,20.0
0,35.84,Unused,F,27,6.5
0,27.5,Unused,F,27,6.0
0,22.41,Unused,F,27,6.0
0,81.53,Unused,F,27,6.5
0,121.3,Unused,F,27,6.5
0,242.6,Unused,F,27,6.5
0,242.6,Unused,F,27,6.5
0,3.47,Unused,F,27,6.5
0,151.88,Unused,F,27,6.5
0,151.88,Unused,F,27,12.99
0,303.76,Unused,F,27,6.5
0,22.41,Unused,F,27,6.0
0,53.79,Unused,F,27,6.5
0,2.44,Unused,F,27,6.5
0,121.3,Unused,F,27,12.99
0,121.3,Unused,F,27,6.5
1,2.99,Used,F,18,6.5
0,18.99,Used,F,18,6.5
0,18.98,Used,F,18,6.5
0,18.98,Unused,F,18,6.5
0,238.0,Unused,F,18,6.5
0,119.0,Unused,F,18,6.5
0,119.0,Unused,F,18,6.5
0,10.39,Unused,F,18,6.5
0,9.98,Unused,F,18,6.5
0,14.99,Unused,F,18,6.5
0,9.98,Unused,F,18,6.5
0,119.0,Unused,F,18,6.5
0,79.0,Unused,F,18,6.5
1,18.0,Used,F,18,12.99
0,298.0,Used,F,18,8.7
0,357.0,Used,F,18,6.0
0,476.0,Used,F,18,6.0
0,6.98,Unused,F,18,6.0
0,23.7,Unused,F,18,12.99
0,19.2,Unused,F,18,6.0
0,238.0,Unused,F,18,6.0
0,277.0,Unused,F,18,6.0
0,149.0,Unused,F,18,6.0
0,597.0,Unused,F,18,8.7
0,1.99,Unused,F,18,6.0
0,18.0,Unused,F,18,12.99
1,9.36,Used,F,30,6.0
0,37.2,Used,F,30,6.0
0,4.56,Used,F,30,6.0
0,224.0,Unused,F,30,27.62
0,13.68,Unused,F,30,6.0
0,41.99,Unused,F,30,6.0
0,149.0,Unused,F,30,6.0
0,796.0,Unused,F,30,8.7
1,127.51,Used,M,35,6.0
0,92.35,Used,M,35,15.37
0,15.96,Unused,M,35,6.0
0,322.67,Unused,M,35,6.0
0,163.68,Unused,M,35,6.0
1,231.96,Used,M,34,6.0
0,27.26,Used,M,34,6.0
0,7.97,Used,M,34,6.0
0,119.0,Used,M,34,6.0
0,119.0,Used,M,34,6.0
0,31.89,Used,M,34,6.0
0,13.59,Used,M,34,6.0
0,149.0,Used,M,34,6.0
0,149.0,Used,M,34,6.0
0,316.0,Used,M,34,12.99
0,38.96,Unused,M,34,6.0
0,385.35,Unused,M,34,6.0
0,19.19,Unused,M,34,6.0
0,154.94,Unused,M,34,6.0
0,99.99,Unused,M,34,6.0
0,13.82,Unused,M,34,6.0
0,238.0,Unused,M,34,6.0
0,27.18,Unused,M,34,6.0
0,27.19,Unused,M,34,6.0
0,119.0,Unused,M,34,6.0
0,10.63,Unused,M,34,6.0
0,237.0,Unused,M,34,12.99
0,79.0,Unused,M,34,6.0
0,13.29,Unused,M,34,6.0
1,238.0,Used,M,34,12.99
0,398.0,Used,M,34,8.7
1,3.19,Used,M,32,6.5
0,40.98,Used,M,32,6.5
0,11.75,Used,M,32,6.5
0,15.39,Used,M,32,6.5
0,228.42,Used,M,32,32.18
0,476.0,Used,M,32,6.5
0,238.0,Used,M,32,6.5
0,149.0,Used,M,32,6.5
0,19.19,Used,M,32,6.5
0,45.49,Used,M,32,6.5
0,88.66,Unused,M,32,6.5
0,34.44,Unused,M,32,6.5
0,11.75,Unused,M,32,6.5
0,15.39,Unused,M,32,6.5
0,62.7,Unused,M,32,32.18
0,298.0,Unused,M,32,6.5
0,237.0,Unused,M,32,6.5
0,2.49,Unused,M,32,6.5
0,31.35,Unused,M,32,18.36
0,238.0,Unused,M,32,6.5
0,17.59,Unused,M,32,6.5
1,12.79,Used,M,33,6.5
0,1.59,Unused,M,33,6.5
1,8.97,Used,M,15,6.5
0,13.29,Used,M,15,6.5
0,40.83,Unused,M,15,6.5
0,10.79,Unused,M,15,6.5
0,317.0,Unused,M,15,6.5
0,119.0,Unused,M,15,15.75
0,298.0,Unused,M,15,6.5
0,18.98,Used,M,15,19.99
0,45.19,Used,M,15,24.49
0,51.96,Used,M,15,6.0
0,15.19,Used,M,15,6.0
0,238.0,Used,M,15,6.0
0,119.0,Used,M,15,19.99
0,119.0,Used,M,15,6.0
0,395.0,Used,M,15,6.0
0,208.0,Used,M,15,8.7
0,79.0,Used,M,15,6.0
0,41.99,Used,M,15,6.0
0,30.79,Used,M,15,6.0
0,63.6,Unused,M,15,6.5
0,1256.85,Unused,M,15,132.02
0,4.77,Unused,M,15,24.49
0,69.75,Unused,M,15,30.35
0,13.96,Unused,M,15,6.0
0,116.98,Unused,M,15,19.99
0,15.39,Unused,M,15,12.99
0,253.0,Unused,M,15,8.7
0,119.0,Unused,M,15,6.0
0,119.0,Unused,M,15,6.0
0,119.0,Unused,M,15,6.0
0,19.02,Unused,M,15,6.0
0,61.59,Unused,M,15,6.0
0,298.0,Unused,M,15,6.0
0,158.0,Unused,M,15,6.0
0,158.0,Unused,M,15,6.0
0,84.0,Unused,M,15,24.49
0,99.99,Unused,M,15,12.99
0,31.8,Unused,M,15,6.5
0,10.63,Unused,M,15,6.0
0,149.0,Unused,M,15,6.0
1,27.18,Used,M,15,6.5
1,79.99,Used,M,15,6.0
0,4.8,Used,M,15,6.0
0,948.45,Used,M,15,6.0
0,119.0,Used,M,15,6.0
0,79.0,Used,M,15,6.0
0,119.0,Unused,M,15,6.0
0,119.0,Unused,M,15,6.0
0,2012.84,Unused,M,15,6.0
0,23.98,Unused,M,15,6.5
0,594.65,Unused,M,15,6.0
0,357.0,Unused,M,15,6.0
1,22.95,Used,M,12,6.0
0,40.78,Used,M,12,6.0
0,21.82,Used,M,12,6.0
0,75.97,Used,M,12,6.0
0,61.09,Used,M,12,12.99
0,7.6,Used,M,12,6.0
0,119.0,Used,M,12,6.0
0,119.0,Used,M,12,6.0
0,199.0,Used,M,12,8.7
0,55.17,Unused,M,12,6.0
0,3.18,Unused,M,12,6.0
0,30.22,Unused,M,12,6.0
0,27.18,Unused,M,12,6.0
0,116.79,Unused,M,12,6.0
0,67.17,Unused,M,12,12.99
0,4.56,Unused,M,12,6.0
0,298.0,Unused,M,12,8.7
0,79.0,Unused,M,12,6.0
0,15.99,Unused,M,12,19.99
0,15.96,Unused,M,12,6.0
0,21.19,Unused,M,12,19.99
0,149.0,Unused,M,12,8.7
0,13.59,Unused,M,12,12.99
1,16.99,Used,F,38,6.0
1,11.6,Used,M,22,6.5
0,199.0,Used,M,22,6.5
0,835.0,Used,M,22,6.5
0,99.0,Used,M,22,6.5
0,99.0,Used,M,22,6.5
0,119.0,Used,M,22,6.5
0,298.0,Used,M,22,6.5
0,149.0,Used,M,22,6.5
0,837.0,Unused,M,22,6.5
0,119.0,Unused,M,22,6.5
0,349.0,Unused,M,22,6.5
0,149.0,Unused,M,22,6.5
0,13.96,Used,M,22,6.0
0,38.49,Used,M,22,6.0
0,99.0,Used,M,22,6.5
0,119.0,Used,M,22,12.99
0,149.0,Used,M,22,6.5
0,149.55,Unused,M,22,6.5
0,6.49,Unused,M,22,6.0
0,119.0,Unused,M,22,12.99
0,18.99,Unused,M,22,6.0
0,158.0,Unused,M,22,19.99
0,298.0,Unused,M,22,6.5
0,24.97,Unused,M,22,6.0
0,199.0,Unused,M,22,6.5
0,18.38,Unused,M,22,6.5
0,18.99,Unused,M,22,6.0
0,79.0,Unused,M,22,6.5
0,0.81,Unused,M,22,6.5
0,7.32,Unused,M,22,6.5
1,1.99,Used,M,36,6.0
0,33.59,Used,M,36,6.0
0,44.79,Used,M,36,6.0
0,92.95,Used,M,36,6.0
0,268.0,Used,M,36,6.0
0,119.0,Used,M,36,6.0
0,238.0,Used,M,36,6.0
0,19.99,Used,M,36,6.0
0,149.0,Used,M,36,6.0
0,7.27,Unused,M,36,6.0
0,33.59,Unused,M,36,6.0
0,43.98,Unused,M,36,6.0
0,41.99,Unused,M,36,6.0
0,33.59,Unused,M,36,6.0
0,16.38,Unused,M,36,6.0
0,79.99,Unused,M,36,6.0
0,39.97,Unused,M,36,6.0
0,167.7,Unused,M,36,49.5
0,387.0,Unused,M,36,6.0
0,13.59,Unused,M,36,6.0
0,79.0,Unused,M,36,6.0
0,149.0,Unused,M,36,6.0
0,17.59,Unused,M,36,6.0
0,13.29,Unused,M,36,6.0
0,2.99,Unused,M,36,6.0
0,119.0,Unused,M,36,6.0
0,16.99,Unused,M,36,6.0
0,79.0,Unused,M,36,6.0
0,149.0,Unused,M,36,6.0
1,540.66,Used,M,46,6.0
0,124.75,Unused,M,46,6.0
1,18.36,Used,M,46,6.5
0,70.0,Used,M,46,6.0
0,99.0,Used,M,46,6.0
0,119.0,Used,M,46,6.0
0,119.0,Used,M,46,6.0
0,79.0,Used,M,46,6.0
0,395.0,Used,M,46,6.0
0,395.0,Used,M,46,6.0
0,9.49,Used,M,46,6.0
0,47.17,Unused,M,46,6.0
0,33.58,Unused,M,46,6.5
0,119.0,Unused,M,46,6.0
0,119.0,Unused,M,46,6.0
0,149.0,Unused,M,46,8.7
0,158.0,Unused,M,46,6.0
0,158.0,Unused,M,46,6.0
0,99.0,Unused,M,46,6.0
1,7.32,Used,M,46,6.5
0,9.76,Unused,M,46,6.5
0,405.68,Unused,M,46,12.99
1,20.37,Unused,F,41,6.5
0,121.3,Unused,F,41,6.5
1,17.59,Unused,F,29,6.5
0,149.0,Unused,F,29,6.5
0,48.78,Used,F,29,6.5
0,1792.46,Used,F,29,6.5
0,17.58,Used,F,29,16.65
0,23.91,Used,F,29,6.5
0,57.36,Used,F,29,57.74
0,476.0,Used,F,29,6.5
0,79.0,Used,F,29,6.5
0,149.0,Used,F,29,6.5
0,10847.12,Unused,F,29,6.5
0,59.97,Unused,F,29,20.74
0,44.79,Unused,F,29,6.5
0,95.7,Unused,F,29,57.74
0,3.99,Unused,F,29,6.5
0,63.8,Unused,F,29,13.78
0,104.96,Unused,F,29,6.5
0,15.19,Unused,F,29,6.5
0,238.0,Unused,F,29,6.5
0,357.0,Unused,F,29,6.5
0,595.0,Unused,F,29,6.5
0,238.0,Unused,F,29,6.5
0,119.0,Unused,F,29,6.5
0,158.0,Unused,F,29,6.5
0,158.0,Unused,F,29,6.5
0,149.0,Unused,F,29,6.5
0,149.0,Unused,F,29,6.5
0,149.0,Unused,F,29,6.5
0,3715.92,Unused,F,29,6.5
0,57.36,Unused,F,29,57.74
0,14.95,Unused,F,29,6.5
0,119.0,Unused,F,29,6.5
0,595.0,Unused,F,29,6.5
1,18.15,Used,F,30,6.5
0,153.71,Unused,F,30,6.5
0,307.42,Unused,F,30,6.5
0,153.71,Unused,F,30,6.5
0,122.77,Used,F,30,6.5
0,28.04,Unused,F,30,57.74
0,2.47,Unused,F,30,57.74
1,15.0,Used,F,30,6.0
0,21.98,Unused,F,30,6.0
0,64.9,Unused,F,30,6.0
0,39.96,Used,F,30,6.5
0,10.99,Used,F,30,6.0
0,1.2,Used,F,30,6.0
0,46.27,Used,F,30,6.0
0,15.98,Used,F,30,6.0
0,339.66,Used,F,30,6.0
0,19.99,Used,F,30,6.0
0,149.0,Used,F,30,8.7
0,16.99,Used,F,30,6.0
0,39.19,Used,F,30,6.0
0,237.0,Used,F,30,6.0
0,102.3,Unused,F,30,6.5
0,38.67,Unused,F,30,6.0
0,16.79,Unused,F,30,6.0
0,25.58,Unused,F,30,6.0
0,29.99,Unused,F,30,6.0
0,16.28,Unused,F,30,6.0
0,24.99,Unused,F,30,6.0
0,149.0,Unused,F,30,6.0
0,33.6,Unused,F,30,6.5
0,28.68,Unused,F,30,6.0
0,316.0,Unused,F,30,6.0
1,59.23,Used,F,30,6.0
0,62.87,Used,F,30,6.0
0,1159.8,Used,F,30,42.28
0,119.0,Used,F,30,6.0
0,119.0,Used,F,30,6.0
0,119.0,Used,F,30,6.0
0,119.0,Used,F,30,6.0
0,40.77,Used,F,30,12.99
0,395.0,Used,F,30,6.0
0,237.0,Used,F,30,6.0
0,110.22,Unused,F,30,6.0
0,984.7,Unused,F,30,42.28
0,25.54,Unused,F,30,6.5
0,92.9,Unused,F,30,6.0
0,5.99,Unused,F,30,6.0
0,17.59,Unused,F,30,12.99
0,52.22,Unused,F,30,12.99
0,119.0,Unused,F,30,6.0
0,119.0,Unused,F,30,6.0
0,250.31,Unused,F,30,6.0
0,119.0,Unused,F,30,6.0
0,119.0,Unused,F,30,6.0
0,83.99,Unused,F,30,6.0
0,158.0,Unused,F,30,6.0
0,12.31,Unused,F,30,6.0
0,149.0,Unused,F,30,6.0
0,17.5,Unused,F,30,6.0
0,939.8,Unused,F,30,42.28
0,30.93,Unused,F,30,6.0
0,15.19,Unused,F,30,12.99
0,599.4,Unused,F,30,22.58
0,52.07,Unused,F,30,6.0
0,119.0,Unused,F,30,6.0
0,119.0,Unused,F,30,6.0
0,79.0,Unused,F,30,6.0
1,68.89,Used,F,30,12.99
0,16.68,Unused,F,30,12.99
0,119.0,Unused,F,30,6.0
0,19.98,Unused,F,30,12.99
1,11.59,Used,F,3,6.0
0,6.4,Unused,F,3,6.0
1,238.0,Used,M,41,19.99
0,15.19,Used,M,41,6.0
0,96.0,Used,M,41,12.99
0,19.59,Unused,M,41,6.0
0,5.55,Unused,M,41,6.5
0,303.81,Unused,M,41,40.25
0,595.0,Unused,M,41,19.99
0,119.0,Unused,M,41,6.0
0,42.37,Unused,M,41,6.0
0,7.6,Unused,M,41,6.0
0,37.2,Unused,M,41,6.0
0,167.9,Unused,M,41,40.25
1,17.93,Used,M,41,6.5
0,27.5,Unused,M,41,6.0
0,3.05,Unused,M,41,6.0
1,41.56,Used,M,16,12.91
1,119.0,Used,M,24,6.5
0,199.0,Unused,M,24,19.99
0,119.0,Unused,M,24,6.5
0,395.0,Unused,M,24,6.5
0,6.8,Unused,M,24,6.5
0,14.25,Used,M,24,67.67
0,202.84,Used,M,24,6.5
0,17.93,Used,M,24,6.5
0,40.75,Used,M,24,6.5
0,355.74,Used,M,24,6.5
0,151.88,Used,M,24,6.5
0,151.88,Used,M,24,6.5
0,242.35,Unused,M,24,67.67
0,17.93,Unused,M,24,6.5
0,4.88,Unused,M,24,6.5
0,121.3,Unused,M,24,6.5
0,242.6,Unused,M,24,6.5
0,32.5,Unused,M,24,67.67
0,2.05,Unused,M,24,6.5
0,355.74,Unused,M,24,6.5
0,355.74,Unused,M,24,6.5
0,161.04,Unused,M,24,6.5
1,154.6,Used,F,4,6.0
0,69.58,Unused,F,4,6.0
0,17.5,Unused,F,4,6.0
1,42.37,Used,F,42,6.0
0,31.98,Used,F,42,6.0
0,79.0,Used,F,42,6.0
0,13.98,Unused,F,42,20.0
0,21.98,Unused,F,42,6.0
0,2.39,Unused,F,42,6.0
0,298.0,Unused,F,42,6.0
0,149.0,Unused,F,42,6.0
0,149.0,Unused,F,42,6.0
0,13.99,Unused,F,42,6.0
0,596.0,Unused,F,42,6.0
0,149.0,Unused,F,42,6.0
0,30.28,Used,F,42,6.0
0,79.0,Unused,F,42,6.0
1,68.78,Used,F,42,6.0
0,186.73,Unused,F,42,6.0
0,6.0,Unused,F,42,6.0
0,119.0,Unused,F,42,6.0
0,11.58,Used,F,42,6.0
0,29.6,Used,F,42,6.0
0,64.75,Unused,F,42,6.0
0,7.96,Unused,F,42,6.0
0,3.99,Unused,F,42,6.0
0,11.82,Unused,F,42,6.0
0,119.0,Unused,F,42,6.0
0,29.9,Unused,F,42,6.0
1,114.7,Used,F,13,6.5
0,39.1,Unused,F,13,6.5
0,18.96,Unused,F,13,30.0
0,41.24,Unused,F,13,6.5
0,327.04,Unused,F,13,6.5
0,399.25,Unused,F,13,6.5
0,153.71,Unused,F,13,6.5
0,41.16,Unused,F,13,6.5
0,122.77,Unused,F,13,6.5
0,122.77,Unused,F,13,6.5
0,15.67,Unused,F,13,30.0
1,5.98,Used,F,5,6.0
0,10.63,Used,F,5,6.0
0,149.0,Used,F,5,6.0
0,149.0,Used,F,5,6.0
0,25.98,Unused,F,5,6.0
0,119.0,Unused,F,5,6.0
0,238.0,Unused,F,5,6.0
0,238.0,Unused,F,5,6.0
0,129.63,Unused,F,5,6.0
0,33.98,Unused,F,5,6.0
0,10.39,Used,F,5,6.0
0,238.0,Used,F,5,6.0
0,298.0,Used,F,5,6.0
0,79.99,Unused,F,5,6.5
0,238.0,Unused,F,5,6.0
0,238.0,Unused,F,5,6.0
0,119.0,Unused,F,5,6.0
0,119.0,Unused,F,5,6.0
0,31.18,Unused,F,5,6.0
0,34.38,Unused,F,5,6.0
0,596.0,Unused,F,5,6.0
0,447.0,Unused,F,5,6.0
1,10.99,Used,F,5,6.0
0,398.0,Used,F,5,6.5
0,65.48,Used,F,5,6.0
0,6.99,Used,F,5,6.0
0,238.0,Used,F,5,6.5
0,149.0,Used,F,5,6.5
0,149.0,Used,F,5,6.5
0,8.99,Unused,F,5,6.0
0,198.0,Unused,F,5,6.5
0,99.0,Unused,F,5,6.5
0,174.89,Unused,F,5,6.0
0,707.0,Unused,F,5,6.5
0,517.0,Unused,F,5,6.5
0,558.0,Unused,F,5,6.5
0,356.0,Unused,F,5,6.5
0,237.0,Unused,F,5,6.5
0,16.98,Unused,F,5,6.0
0,36.49,Unused,F,5,6.0
0,99.0,Unused,F,5,6.5
0,119.0,Unused,F,5,6.5
1,149.49,Used,F,9,6.5
0,358.8,Unused,F,9,6.5
1,42.0,Used,F,9,6.0
0,12.31,Used,F,9,6.0
0,73.92,Unused,F,9,6.0
0,8.79,Unused,F,9,6.0
0,44.79,Unused,F,9,6.0
0,30.39,Unused,F,9,6.0
1,237.0,Used,F,9,6.0
0,26.4,Used,F,9,6.0
0,99.0,Unused,F,9,6.0
0,349.0,Unused,F,9,6.0
0,298.0,Unused,F,9,6.0
1,13.59,Used,M,42,6.0
0,149.0,Unused,M,42,6.0
0,279.0,Used,M,42,6.0
0,119.0,Used,M,42,6.0
0,27.0,Used,M,42,6.0
0,4.75,Used,M,42,6.0
0,23.5,Used,M,42,6.0
0,149.0,Used,M,42,6.0
0,149.0,Used,M,42,6.0
0,79.0,Used,M,42,6.0
0,79.0,Used,M,42,6.0
0,149.0,Used,M,42,6.0
0,995.0,Unused,M,42,6.0
0,348.0,Unused,M,42,6.0
0,99.0,Unused,M,42,6.0
0,99.0,Unused,M,42,6.0
0,336.0,Unused,M,42,6.0
0,10.0,Unused,M,42,6.0
0,5.59,Unused,M,42,6.0
0,31.98,Unused,M,42,6.0
0,23.25,Unused,M,42,6.0
0,119.0,Unused,M,42,6.0
0,23.75,Unused,M,42,6.0
0,149.0,Unused,M,42,6.0
0,158.0,Unused,M,42,6.0
0,298.0,Unused,M,42,6.0
0,398.0,Unused,M,42,6.0
0,119.0,Unused,M,42,6.0
0,119.0,Unused,M,42,6.0
0,33.58,Unused,M,42,6.0
0,4.75,Unused,M,42,6.0
1,127.79,Used,F,4,6.5
0,58.8,Used,F,4,22.71
0,27.18,Used,F,4,6.5
0,35.18,Used,F,4,6.5
0,19.19,Unused,F,4,6.5
0,41.0,Unused,F,4,6.5
0,12.31,Unused,F,4,6.5
0,238.0,Unused,F,4,6.5
0,149.0,Unused,F,4,6.5
1,18.38,Used,M,2,6.5
0,119.0,Unused,M,2,6.5
0,13.59,Unused,M,2,6.5
0,149.0,Unused,M,2,6.5
0,238.0,Unused,M,2,6.5
0,15.19,Unused,M,2,6.5
1,13.59,Unused,M,2,6.0
1,10.63,Used,M,2,6.0
1,8.79,Used,F,50,6.0
0,8.4,Used,F,50,26.43
0,199.0,Used,F,50,6.0
0,79.99,Used,F,50,6.0
0,20.78,Used,F,50,26.43
0,99.0,Used,F,50,6.0
0,47.8,Used,F,50,6.5
0,44.85,Used,F,50,6.0
0,4.79,Used,F,50,6.5
0,20.77,Used,F,50,6.5
0,4.56,Used,F,50,6.0
0,119.0,Used,F,50,6.0
0,119.0,Used,F,50,6.0
0,119.0,Used,F,50,6.0
0,238.0,Used,F,50,6.0
0,167.93,Used,F,50,12.99
0,298.0,Used,F,50,6.0
0,474.0,Used,F,50,6.0
0,395.0,Used,F,50,6.0
0,298.0,Used,F,50,12.99
0,0.79,Unused,F,50,6.0
0,40.71,Unused,F,50,26.43
0,89.55,Unused,F,50,26.43
0,6.88,Unused,F,50,6.5
0,199.0,Unused,F,50,6.0
0,398.0,Unused,F,50,6.0
0,199.0,Unused,F,50,6.0
0,757.0,Unused,F,50,6.0
0,959.88,Unused,F,50,55.73
0,36.98,Unused,F,50,6.0
0,776.0,Unused,F,50,6.0
0,99.0,Unused,F,50,6.0
0,99.0,Unused,F,50,6.0
0,16.51,Unused,F,50,6.5
0,99.0,Unused,F,50,6.0
0,1116.0,Unused,F,50,6.0
0,874.0,Unused,F,50,12.99
0,119.0,Unused,F,50,6.0
0,10.88,Unused,F,50,6.0
0,349.0,Unused,F,50,6.0
0,15.19,Unused,F,50,6.0
0,149.0,Unused,F,50,6.0
0,395.0,Unused,F,50,6.0
0,79.0,Unused,F,50,12.99
0,79.0,Unused,F,50,6.0
0,237.0,Unused,F,50,6.0
0,149.0,Unused,F,50,6.0
0,149.0,Unused,F,50,6.0
0,149.0,Unused,F,50,6.0
0,4.4,Unused,F,50,6.0
0,15.99,Unused,F,50,6.5
0,18.99,Unused,F,50,6.0
0,79.0,Unused,F,50,6.0
0,79.0,Unused,F,50,6.0
1,302.78,Used,M,10,43.31
0,52.38,Used,M,10,6.0
0,38.5,Used,M,10,6.0
0,69.7,Used,M,10,6.0
0,7.6,Used,M,10,6.0
0,33.34,Used,M,10,6.0
0,119.0,Used,M,10,6.0
0,149.0,Used,M,10,6.0
0,99.6,Unused,M,10,6.0
0,948.43,Unused,M,10,43.31
0,37.34,Unused,M,10,6.0
0,73.5,Unused,M,10,6.0
0,199.0,Unused,M,10,6.0
0,21.26,Unused,M,10,6.0
0,10.63,Unused,M,10,6.0
0,99.99,Unused,M,10,6.0
0,24.55,Unused,M,10,6.0
0,168.35,Unused,M,10,6.0
0,119.0,Unused,M,10,6.0
0,79.0,Unused,M,10,6.0
0,85.15,Unused,M,10,43.31
0,36.9,Unused,M,10,6.0
0,51.58,Unused,M,10,6.0
0,238.0,Unused,M,10,6.0
0,15.99,Unused,M,10,6.0
1,32.62,Used,M,16,12.99
0,19.03,Unused,M,16,12.99
1,238.0,Unused,M,28,6.0
1,16.59,Used,F,30,6.0
0,4.78,Used,F,30,6.0
0,29.97,Unused,F,30,6.0
0,9.5,Unused,F,30,6.0
0,21.0,Unused,F,30,6.0
0,12.99,Used,F,30,6.0
0,11.2,Used,F,30,6.0
0,4.0,Used,F,30,6.0
0,27.0,Used,F,30,6.0
0,7.5,Used,F,30,6.0
0,10.5,Unused,F,30,6.0
0,14.0,Unused,F,30,6.0
0,11.2,Unused,F,30,6.0
0,24.6,Unused,F,30,6.0
0,119.0,Unused,F,30,6.0
0,6.8,Unused,F,30,6.0
0,15.0,Unused,F,30,6.0
0,29.0,Unused,F,30,6.0
1,11.98,Used,F,18,6.5
0,72.98,Used,F,18,6.5
0,299.0,Used,F,18,6.5
0,369.46,Used,F,18,50.74
0,119.0,Used,F,18,6.5
0,119.0,Used,F,18,6.5
0,16.99,Used,F,18,24.47
0,18.99,Used,F,18,6.5
0,30.38,Used,F,18,28.78
0,79.0,Used,F,18,6.5
0,79.0,Used,F,18,6.5
0,99.0,Used,F,18,6.5
0,198.0,Used,F,18,6.5
0,249.0,Used,F,18,6.5
0,797.0,Unused,F,18,6.5
0,19.19,Unused,F,18,20.0
0,623.4,Unused,F,18,176.35
0,18.97,Unused,F,18,6.5
0,67.97,Unused,F,18,24.47
0,52.78,Unused,F,18,50.74
0,1.99,Unused,F,18,6.5
0,1.99,Unused,F,18,6.5
0,119.0,Unused,F,18,6.5
0,238.0,Unused,F,18,6.5
0,238.0,Unused,F,18,6.5
0,119.0,Unused,F,18,6.5
0,199.0,Unused,F,18,6.5
0,505.0,Unused,F,18,6.5
0,199.0,Unused,F,18,6.5
0,119.0,Unused,F,18,6.5
0,74.99,Unused,F,18,6.5
0,15.99,Unused,F,18,6.5
0,386.0,Unused,F,18,6.5
0,99.0,Unused,F,18,6.5
0,307.0,Unused,F,18,6.5
0,249.0,Unused,F,18,6.5
0,298.0,Unused,F,18,6.5
0,149.0,Unused,F,18,6.5
0,10.99,Unused,F,18,6.5
0,76.93,Unused,F,18,6.5
0,39.99,Unused,F,18,6.5
0,199.0,Unused,F,18,6.5
0,149.0,Unused,F,18,6.5
1,238.0,Used,F,18,6.0
0,81.16,Unused,F,18,6.0
0,12.31,Unused,F,18,6.0
0,260.56,Unused,F,18,6.0
0,12.39,Used,F,18,6.0
0,182.0,Used,F,18,6.0
0,71.7,Used,F,18,56.32
0,158.0,Used,F,18,6.0
0,249.5,Unused,F,18,6.0
0,5.58,Unused,F,18,6.0
0,142.8,Unused,F,18,34.16
0,71.4,Unused,F,18,56.32
0,268.0,Unused,F,18,6.0
0,24.99,Unused,F,18,6.0
0,72.0,Unused,F,18,34.16
0,36.0,Unused,F,18,56.32
0,19.03,Unused,F,18,6.0
1,38.33,Unused,F,19,6.5
0,31.98,Unused,F,19,6.5
0,149.0,Unused,F,19,6.5
0,24.77,Unused,F,19,6.5
0,3.5,Unused,F,19,6.5
1,153.5,Used,F,34,6.5
0,4.89,Used,F,34,50.0
0,35.86,Unused,F,34,50.0
0,5.09,Unused,F,34,6.0
0,160.64,Unused,F,34,6.5
0,80.52,Unused,F,34,6.5
0,21.37,Unused,F,34,6.5
1,238.0,Unused,F,47,6.0
0,19.99,Unused,F,47,6.0
0,119.0,Unused,F,47,6.0
1,122.3,Used,F,47,6.0
0,241.56,Used,F,47,6.5
0,61.15,Unused,F,47,6.0
1,19.42,Used,F,30,6.5
0,587.65,Used,F,30,6.5
0,49.99,Used,F,30,6.5
0,26.58,Used,F,30,6.5
0,31.99,Used,F,30,6.5
0,502.5,Used,F,30,82.48
0,199.92,Used,F,30,6.5
0,24.62,Used,F,30,6.5
0,149.0,Used,F,30,6.5
0,59.99,Unused,F,30,6.5
0,604.44,Unused,F,30,6.5
0,59.97,Unused,F,30,6.5
0,100.98,Unused,F,30,6.5
0,119.0,Unused,F,30,6.5
0,119.0,Unused,F,30,6.5
0,238.0,Unused,F,30,6.5
0,16.99,Unused,F,30,6.5
0,149.0,Unused,F,30,6.5
0,621.23,Unused,F,30,6.5
0,89.58,Unused,F,30,15.75
0,17.59,Unused,F,30,6.5
0,55.99,Unused,F,30,6.5
1,20.62,Used,M,7,6.5
0,6.18,Used,M,7,6.5
0,122.77,Used,M,7,6.5
0,18.15,Used,M,7,6.5
0,153.71,Used,M,7,6.5
0,47.38,Unused,M,7,6.5
0,86.57,Unused,M,7,6.5
0,57.76,Unused,M,7,6.5
0,122.77,Unused,M,7,6.5
0,81.5,Unused,M,7,6.5
0,153.71,Unused,M,7,6.5
0,153.71,Unused,M,7,6.5
0,12.36,Unused,M,7,6.5
0,56.72,Unused,M,7,6.5
0,122.77,Unused,M,7,6.5
0,81.5,Unused,M,7,6.5
0,163.0,Unused,M,7,6.5
0,153.71,Unused,M,7,6.5
1,32.38,Used,F,10,6.0
0,237.76,Used,F,10,6.0
0,27.19,Used,F,10,14.41
0,115.65,Used,F,10,12.91
0,119.0,Used,F,10,6.0
0,119.0,Used,F,10,6.0
0,13.59,Used,F,10,6.0
0,30.38,Used,F,10,12.99
0,149.0,Used,F,10,6.0
0,149.0,Used,F,10,6.0
0,57.56,Used,F,10,12.99
0,237.0,Used,F,10,6.0
0,79.0,Used,F,10,6.0
0,1053.49,Unused,F,10,28.21
0,516.98,Unused,F,10,6.0
0,49.58,Unused,F,10,14.41
0,22.49,Unused,F,10,6.0
0,30.78,Unused,F,10,6.0
0,98.62,Unused,F,10,6.0
0,57.36,Unused,F,10,12.99
0,27.19,Unused,F,10,6.0
0,15.19,Unused,F,10,12.99
0,47.98,Unused,F,10,6.0
0,399.8,Unused,F,10,16.1
0,21.26,Unused,F,10,6.0
0,119.0,Unused,F,10,12.99
0,238.0,Unused,F,10,6.0
0,119.0,Unused,F,10,6.0
0,119.0,Unused,F,10,6.0
0,15.19,Unused,F,10,6.0
0,228.0,Unused,F,10,6.0
0,615.0,Unused,F,10,8.7
0,158.0,Unused,F,10,6.0
0,79.0,Unused,F,10,6.0
0,13.59,Unused,F,10,6.0
0,93.01,Unused,F,10,6.0
0,31.18,Unused,F,10,12.99
0,119.0,Unused,F,10,6.0
0,79.0,Unused,F,10,6.0
0,199.0,Unused,F,10,19.05
1,16.99,Unused,F,44,6.0
0,2.39,Used,F,44,6.0
1,99.99,Used,F,33,6.0
0,3.99,Used,F,33,6.0
0,15.19,Used,F,33,6.0
0,20.99,Used,F,33,6.0
0,15.99,Used,F,33,6.0
0,119.0,Used,F,33,6.0
0,28.78,Used,F,33,6.5
0,298.0,Used,F,33,6.0
0,30.68,Unused,F,33,6.0
0,26.62,Unused,F,33,6.0
0,238.0,Unused,F,33,6.0
0,475.0,Unused,F,33,6.0
0,54.36,Unused,F,33,6.5
0,15.99,Unused,F,33,6.0
0,13.99,Unused,F,33,6.0
0,19.99,Unused,F,33,6.0
0,23.98,Unused,F,33,6.0
0,4.99,Unused,F,33,6.0
0,44.79,Unused,F,33,6.0
0,238.0,Unused,F,33,12.99
1,8.79,Used,F,33,6.5
0,35.73,Used,F,33,6.0
0,77.8,Used,F,33,12.48
0,10.5,Used,F,33,6.0
0,72.7,Used,F,33,30.35
0,62.51,Used,F,33,6.0
0,14.69,Used,F,33,6.0
0,237.0,Used,F,33,19.99
0,79.0,Used,F,33,6.0
0,33.98,Used,F,33,6.0
0,149.0,Used,F,33,6.0
0,27.98,Unused,F,33,6.0
0,44.85,Unused,F,33,6.0
0,17.95,Unused,F,33,12.99
0,129.9,Unused,F,33,12.48
0,24.0,Unused,F,33,30.35
0,41.99,Unused,F,33,6.0
0,15.19,Unused,F,33,6.0
0,33.98,Unused,F,33,6.0
0,298.0,Unused,F,33,19.99
0,18.0,Unused,F,33,30.35
0,1.2,Unused,F,33,6.0
0,33.45,Unused,F,33,6.0
0,12.79,Unused,F,33,6.0
0,13.5,Unused,F,33,6.0
0,26.58,Unused,F,33,6.0
0,44.0,Unused,F,33,6.0
0,16.0,Used,F,33,21.19
0,49.2,Unused,F,33,21.19
0,14.95,Unused,F,33,12.99
1,9.2,Used,F,10,6.0
0,99.0,Used,F,10,6.0
0,99.0,Used,F,10,6.0
0,15.99,Used,F,10,12.99
0,237.0,Used,F,10,6.0
0,13.59,Used,F,10,6.0
0,12.0,Unused,F,10,21.19
0,31.98,Unused,F,10,12.99
0,149.0,Unused,F,10,6.0
1,33.57,Used,M,45,6.0
0,15.6,Used,M,45,6.0
0,76.48,Used,M,45,12.99
0,15.0,Used,M,45,6.0
0,4.78,Used,M,45,6.0
0,5.25,Used,M,45,6.0
0,4.78,Used,M,45,6.0
0,19.49,Used,M,45,6.0
0,14.0,Used,M,45,6.0
0,349.0,Used,M,45,19.99
0,11.0,Used,M,45,6.5
0,149.0,Used,M,45,6.0
0,149.0,Used,M,45,6.0
0,6.38,Unused,M,45,6.0
0,76.48,Unused,M,45,12.99
0,3.19,Unused,M,45,6.0
0,1583.0,Unused,M,45,19.99
0,44.4,Unused,M,45,6.0
0,20.2,Unused,M,45,6.0
0,19.25,Unused,M,45,6.0
0,12.99,Unused,M,45,6.0
0,16.0,Unused,M,45,6.0
0,16.0,Unused,M,45,6.0
0,2.99,Unused,M,45,6.0
0,99.99,Unused,M,45,6.0
0,119.0,Unused,M,45,12.99
0,119.0,Unused,M,45,6.0
0,387.0,Unused,M,45,6.0
0,238.0,Unused,M,45,6.0
0,4.75,Unused,M,45,6.0
0,298.0,Unused,M,45,6.0
0,149.0,Unused,M,45,6.0
0,79.0,Unused,M,45,6.0
0,149.0,Unused,M,45,6.0
0,19.16,Unused,M,45,6.0
0,25.44,Unused,M,45,12.99
0,15.0,Unused,M,45,6.0
0,447.0,Unused,M,45,6.0
0,4.75,Unused,M,45,6.0
0,199.0,Used,M,45,6.0
0,336.0,Used,M,45,6.0
0,99.0,Used,M,45,6.0
0,10.49,Used,M,45,6.0
0,29.9,Used,M,45,6.0
0,36.99,Used,M,45,6.0
0,50.37,Used,M,45,6.0
0,149.0,Used,M,45,6.0
0,237.0,Used,M,45,6.0
0,149.0,Used,M,45,6.0
0,149.0,Used,M,45,6.0
0,79.8,Unused,M,45,6.0
0,95.31,Unused,M,45,6.0
0,278.0,Unused,M,45,6.0
0,99.0,Unused,M,45,6.0
0,99.0,Unused,M,45,6.0
0,33.6,Unused,M,45,6.0
0,5.25,Unused,M,45,6.0
0,398.0,Unused,M,45,6.0
0,279.0,Unused,M,45,6.0
0,119.0,Unused,M,45,19.99
0,119.0,Unused,M,45,6.0
0,238.0,Unused,M,45,6.0
0,475.0,Unused,M,45,6.0
0,119.0,Unused,M,45,6.0
0,4.75,Unused,M,45,6.0
0,474.0,Unused,M,45,6.0
0,104.0,Unused,M,45,8.7
0,149.0,Unused,M,45,6.0
0,298.0,Unused,M,45,6.0
0,149.0,Unused,M,45,6.0
0,10.99,Unused,M,45,6.0
0,99.0,Unused,M,45,6.0
0,119.0,Unused,M,45,6.0
0,119.0,Unused,M,45,6.0
0,349.0,Unused,M,45,6.0
0,149.0,Unused,M,45,6.0
0,237.0,Unused,M,45,6.0
0,18.75,Unused,M,45,6.0
0,15.0,Unused,M,45,6.0
0,149.0,Unused,M,45,6.0
1,69.99,Used,M,13,6.0
0,297.0,Used,M,13,6.0
0,198.0,Used,M,13,12.99
0,19.99,Unused,M,13,6.0
0,398.0,Unused,M,13,6.0
0,357.0,Unused,M,13,6.0
0,149.0,Unused,M,13,6.0
0,149.0,Unused,M,13,6.0
0,149.0,Unused,M,13,6.0
0,298.0,Unused,M,13,12.99
1,151.88,Unused,F,14,6.5
0,11.2,Unused,F,14,6.0
1,8.99,Used,M,12,6.5
0,4.98,Unused,M,12,6.5
0,119.0,Unused,M,12,6.5
0,119.0,Unused,M,12,6.5
1,33.6,Used,F,4,6.0
0,14.96,Used,F,4,6.0
0,23.99,Used,F,4,6.0
0,37.99,Used,F,4,6.0
0,55.99,Used,F,4,6.0
0,27.58,Used,F,4,6.0
0,238.0,Used,F,4,6.0
0,119.0,Used,F,4,6.0
0,119.0,Used,F,4,6.0
0,119.0,Used,F,4,6.0
0,41.99,Used,F,4,6.0
0,16.99,Used,F,4,6.0
0,19.09,Unused,F,4,6.0
0,23.99,Unused,F,4,6.0
0,94.95,Unused,F,4,6.0
0,262.88,Unused,F,4,6.0
0,119.0,Unused,F,4,6.0
0,744.0,Unused,F,4,6.0
0,307.0,Unused,F,4,6.0
0,149.0,Unused,F,4,6.0
0,79.0,Unused,F,4,6.0
0,13.99,Unused,F,4,6.0
0,149.0,Unused,F,4,6.0
0,7.19,Unused,F,4,6.0
0,1.99,Unused,F,4,6.0
0,119.0,Unused,F,4,6.0
0,119.0,Unused,F,4,6.0
0,238.0,Unused,F,4,6.0
0,149.0,Unused,F,4,6.0
0,149.0,Unused,F,4,6.0
1,9.57,Used,M,44,6.5
0,10.99,Used,M,44,30.0
0,8.99,Used,M,44,6.5
0,16.98,Used,M,44,20.0
0,33.96,Used,M,44,6.5
0,79.96,Used,M,44,6.5
0,43.97,Used,M,44,6.5
0,55.99,Used,M,44,6.5
0,119.0,Used,M,44,6.5
0,16.99,Used,M,44,6.5
0,94.95,Used,M,44,6.5
0,237.0,Used,M,44,6.5
0,149.0,Used,M,44,6.5
0,149.0,Used,M,44,6.5
0,149.0,Used,M,44,6.5
0,149.0,Used,M,44,6.5
0,447.0,Used,M,44,6.5
0,7.18,Unused,M,44,6.5
0,138.19,Unused,M,44,6.5
0,41.96,Unused,M,44,6.5
0,19.96,Unused,M,44,30.0
0,11.97,Unused,M,44,6.5
0,3.98,Unused,M,44,6.5
0,1.99,Unused,M,44,6.5
0,269.48,Unused,M,44,6.5
0,19.19,Unused,M,44,6.5
0,119.96,Unused,M,44,6.5
0,155.97,Unused,M,44,6.5
0,6.99,Unused,M,44,6.5
0,119.0,Unused,M,44,6.5
0,357.0,Unused,M,44,6.5
0,119.0,Unused,M,44,6.5
0,119.0,Unused,M,44,6.5
0,238.0,Unused,M,44,6.5
0,291.99,Unused,M,44,6.5
0,238.0,Unused,M,44,6.5
0,79.98,Unused,M,44,6.5
0,149.0,Unused,M,44,6.5
0,149.0,Unused,M,44,6.5
0,3.5,Unused,M,44,6.5
0,21.99,Unused,M,44,6.5
0,1.99,Unused,M,44,20.0
0,167.97,Unused,M,44,6.5
0,109.95,Unused,M,44,6.5
0,12.76,Unused,M,44,16.65
0,238.0,Unused,M,44,6.5
0,277.0,Unused,M,44,6.5
1,33.58,Used,M,44,6.0
0,15.99,Used,M,44,6.0
0,5.98,Used,M,44,6.0
0,15.19,Used,M,44,6.5
0,119.0,Used,M,44,6.0
0,119.0,Used,M,44,19.02
0,349.0,Used,M,44,6.0
0,349.0,Used,M,44,6.0
0,79.0,Used,M,44,6.0
0,19.8,Used,M,44,6.0
0,96.17,Unused,M,44,6.0
0,477.0,Unused,M,44,6.0
0,199.0,Unused,M,44,12.99
0,12.75,Unused,M,44,6.0
0,99.0,Unused,M,44,6.0
0,99.0,Unused,M,44,12.99
0,15.99,Unused,M,44,6.5
0,119.0,Unused,M,44,6.0
0,238.0,Unused,M,44,6.0
0,349.0,Unused,M,44,19.02
0,349.0,Unused,M,44,6.0
0,149.0,Unused,M,44,6.0
0,149.0,Unused,M,44,6.0
0,8.79,Unused,M,44,6.0
0,51.95,Unused,M,44,6.0
0,119.0,Unused,M,44,6.0
0,149.0,Unused,M,44,6.0
0,149.0,Unused,M,44,6.0
1,89.88,Used,M,31,86.74
0,3.5,Used,M,31,6.5
0,119.0,Used,M,31,6.5
0,149.0,Used,M,31,6.5
0,17.97,Unused,M,31,6.5
0,4.78,Unused,M,31,6.5
0,123.06,Unused,M,31,86.74
0,21.99,Unused,M,31,6.5
0,357.0,Unused,M,31,6.5
0,238.0,Unused,M,31,6.5
0,377.0,Unused,M,31,6.5
0,149.0,Unused,M,31,6.5
0,3.5,Unused,M,31,6.5
0,8.99,Unused,M,31,6.5
0,47.9,Unused,M,31,86.74
0,44.76,Unused,M,31,6.5
0,59.99,Unused,M,31,6.5
0,16.99,Unused,M,31,20.0
0,13.17,Used,M,31,35.3
0,75.95,Used,M,31,64.01
0,31.98,Used,M,31,6.5
0,311.59,Used,M,31,6.5
0,395.0,Used,M,31,6.5
0,298.0,Used,M,31,6.5
0,108.7,Unused,M,31,35.3
0,435.65,Unused,M,31,102.79
0,44.79,Unused,M,31,6.5
0,30.38,Unused,M,31,64.01
0,8.99,Unused,M,31,6.5
0,7.19,Unused,M,31,6.5
0,13.59,Unused,M,31,6.5
0,119.0,Unused,M,31,6.5
0,238.0,Unused,M,31,6.5
0,149.0,Unused,M,31,6.5
0,745.0,Unused,M,31,6.5
0,149.0,Unused,M,31,6.5
0,9.56,Unused,M,31,35.3
0,158.3,Unused,M,31,64.01
1,105.19,Used,M,42,6.5
0,491.08,Used,M,42,6.5
0,245.54,Unused,M,42,6.5
0,122.77,Unused,M,42,6.5
1,7.95,Used,F,41,12.48
0,7.95,Unused,F,41,12.48
1,8.23,Used,M,5,6.5
0,8.2,Used,M,5,6.5
0,46.21,Used,M,5,6.5
0,368.31,Used,M,5,6.5
0,122.77,Used,M,5,6.5
0,122.77,Used,M,5,6.5
0,122.77,Used,M,5,6.5
0,122.77,Used,M,5,6.5
0,122.77,Used,M,5,6.5
0,122.77,Used,M,5,6.5
0,15.67,Used,M,5,6.5
0,153.71,Used,M,5,6.5
0,98.96,Unused,M,5,6.5
0,46.21,Unused,M,5,6.5
0,46.21,Unused,M,5,6.5
0,4.12,Unused,M,5,6.5
0,412.05,Unused,M,5,99.55
0,122.77,Unused,M,5,6.5
0,122.77,Unused,M,5,6.5
0,245.54,Unused,M,5,6.5
0,368.31,Unused,M,5,6.5
0,245.54,Unused,M,5,6.5
0,122.77,Unused,M,5,6.5
0,14.02,Unused,M,5,6.5
0,153.71,Unused,M,5,6.5
0,153.71,Unused,M,5,6.5
0,153.71,Unused,M,5,6.5
0,153.71,Unused,M,5,6.5
0,245.54,Unused,M,5,6.5
0,81.5,Unused,M,5,6.5
0,307.42,Unused,M,5,6.5
1,6.15,Used,M,9,49.73
0,138.03,Used,M,9,6.0
0,119.0,Used,M,9,6.0
0,7.6,Used,M,9,6.0
0,298.0,Used,M,9,6.0
0,60.0,Used,M,9,6.0
0,9.99,Unused,M,9,6.0
0,17.7,Unused,M,9,6.0
0,11.99,Unused,M,9,6.0
0,41.48,Unused,M,9,6.0
0,15.99,Unused,M,9,6.0
1,75.29,Used,F,34,6.5
0,23.09,Used,F,34,6.5
0,62.71,Unused,F,34,6.5
0,245.54,Unused,F,34,6.5
0,491.08,Unused,F,34,6.5
0,51.96,Unused,F,34,18.47
0,16.5,Unused,F,34,18.47
0,153.71,Unused,F,34,6.5
1,10.63,Used,F,34,6.0
0,13.59,Unused,F,34,6.0
0,298.0,Unused,F,34,19.99
0,9.98,Unused,F,34,6.0
1,12.98,Used,M,50,6.0
0,238.0,Used,M,50,6.0
0,149.0,Used,M,50,6.0
0,1.99,Unused,M,50,6.0
0,73.72,Unused,M,50,6.0
0,119.0,Unused,M,50,6.0
0,12.31,Unused,M,50,6.0
1,2.8,Used,F,14,6.0
0,4.8,Used,F,14,6.0
0,27.95,Used,F,14,6.0
0,19.99,Used,F,14,6.0
0,8.88,Used,F,14,6.0
0,238.0,Used,F,14,6.0
0,298.0,Used,F,14,6.0
0,13.2,Used,F,14,6.0
0,25.14,Unused,F,14,6.0
0,8.79,Unused,F,14,6.0
0,37.39,Unused,F,14,6.0
0,511.68,Unused,F,14,6.0
0,9.6,Unused,F,14,6.0
0,2.99,Unused,F,14,6.0
0,119.0,Unused,F,14,6.0
0,119.0,Unused,F,14,6.0
0,357.0,Unused,F,14,6.0
0,149.0,Unused,F,14,6.0
0,149.0,Unused,F,14,6.0
0,298.0,Unused,F,14,6.0
0,119.0,Unused,F,14,6.0
0,13.59,Unused,F,14,6.0
0,2.99,Unused,F,14,6.0
0,9.6,Unused,F,14,6.0
0,2.39,Unused,F,14,6.0
0,119.0,Unused,F,14,6.0
0,357.0,Unused,F,14,19.99
0,158.0,Unused,F,14,6.0
0,10.99,Unused,F,14,6.0
0,158.0,Unused,F,14,6.0
0,16.99,Unused,F,14,6.0
1,2.99,Used,F,19,6.0
0,119.0,Used,F,19,6.0
0,19.99,Used,F,19,6.0
0,119.0,Unused,F,19,6.0
0,149.0,Unused,F,19,6.0
0,15.19,Unused,F,19,12.99
0,149.0,Unused,F,19,6.0
0,149.0,Unused,F,19,6.0
0,33.59,Unused,F,19,6.0
0,158.0,Unused,F,19,12.99
0,13.59,Unused,F,19,6.0
1,50.38,Used,F,13,6.0
1,16.8,Unused,F,13,6.0
0,298.0,Unused,F,13,6.0
1,89.94,Used,F,13,6.0
0,99.0,Used,F,13,6.5
0,99.0,Used,F,13,6.5
0,1.99,Used,F,13,6.0
0,8.0,Used,F,13,6.5
0,51.16,Used,F,13,33.94
0,307.0,Used,F,13,6.5
0,149.0,Used,F,13,6.5
0,149.0,Used,F,13,6.5
0,24.96,Unused,F,13,6.0
0,15.99,Unused,F,13,6.5
0,396.0,Unused,F,13,6.5
0,52.7,Unused,F,13,6.0
0,16.0,Unused,F,13,6.5
0,119.0,Unused,F,13,6.5
0,198.0,Unused,F,13,6.5
0,349.0,Unused,F,13,6.5
0,149.0,Unused,F,13,6.5
0,79.0,Unused,F,13,6.5
0,79.0,Unused,F,13,6.5
0,395.0,Unused,F,13,6.5
0,13.6,Unused,F,13,6.5
0,22.97,Unused,F,13,6.0
0,11.49,Unused,F,13,6.0
0,149.0,Unused,F,13,6.5
0,149.0,Unused,F,13,6.5
0,149.0,Unused,F,13,6.5
1,98.99,Unused,M,14,6.0
0,149.0,Used,M,14,6.0
0,79.0,Used,M,14,6.0
0,149.0,Used,M,14,6.0
0,149.0,Used,M,14,6.0
0,149.0,Used,M,14,6.0
0,149.0,Used,M,14,6.0
0,199.0,Unused,M,14,6.0
0,398.0,Unused,M,14,6.0
0,775.0,Unused,M,14,12.99
0,99.0,Unused,M,14,6.0
0,99.0,Unused,M,14,6.0
0,119.75,Unused,M,14,91.58
0,396.0,Unused,M,14,6.0
0,119.0,Unused,M,14,6.0
0,199.0,Unused,M,14,19.99
0,199.0,Unused,M,14,19.99
0,349.0,Unused,M,14,6.0
0,79.0,Unused,M,14,6.0
0,237.0,Unused,M,14,6.0
0,259.75,Unused,M,14,91.58
0,149.0,Unused,M,14,6.0
0,158.0,Unused,M,14,6.0
0,149.0,Unused,M,14,6.0
0,6.38,Unused,M,14,6.0
1,24.5,Used,F,23,6.5
0,278.19,Unused,F,23,6.5
0,257.66,Unused,F,23,6.5
1,44.79,Unused,F,23,6.5
0,115.12,Unused,F,23,35.3
0,87.99,Unused,F,23,6.5
1,4.78,Used,F,23,102.74
0,319.0,Used,F,23,57.33
0,5.7,Used,F,23,6.0
0,5.7,Used,F,23,6.0
0,10.63,Used,F,23,6.0
0,28.78,Used,F,23,6.0
0,307.0,Used,F,23,6.0
0,18.4,Unused,F,23,6.0
0,43.68,Unused,F,23,42.67
0,59.58,Unused,F,23,6.0
0,38.38,Unused,F,23,6.0
0,79.99,Unused,F,23,6.0
0,79.99,Unused,F,23,6.5
0,220.54,Unused,F,23,102.74
0,13.9,Unused,F,23,6.0
0,595.0,Unused,F,23,6.0
0,238.0,Unused,F,23,6.0
0,31.02,Unused,F,23,6.0
0,207.8,Unused,F,23,102.74
0,29.19,Unused,F,23,6.0
0,5.7,Unused,F,23,6.0
0,4.56,Used,F,23,6.0
0,11.91,Unused,F,23,6.0
0,119.0,Unused,F,23,6.0
0,50.97,Unused,F,23,6.0
0,238.0,Unused,F,23,6.0
0,119.0,Unused,F,23,6.0
1,83.76,Used,F,23,6.0
0,277.0,Used,F,23,6.0
0,19.99,Used,F,23,6.0
0,28.0,Used,F,23,6.0
0,22.35,Unused,F,23,6.0
0,199.0,Unused,F,23,6.0
0,332.14,Unused,F,23,6.0
0,49.75,Unused,F,23,6.0
0,8.0,Unused,F,23,6.0
1,35.86,Used,F,23,12.99
0,355.74,Used,F,23,6.5
0,80.52,Used,F,23,12.99
0,219.6,Unused,F,23,6.0
0,8.96,Unused,F,23,12.99
0,49.95,Unused,F,23,6.5
0,100.91,Unused,F,23,6.5
0,48.92,Unused,F,23,12.99
0,80.52,Unused,F,23,6.5
0,151.88,Unused,F,23,6.5
0,48.92,Unused,F,23,12.99
0,355.74,Unused,F,23,12.99
0,151.88,Unused,F,23,6.5
1,18.99,Used,F,21,20.0
0,2.39,Used,F,21,6.0
0,8.77,Used,F,21,6.0
0,10.39,Used,F,21,6.0
0,10.63,Used,F,21,6.0
0,10.63,Used,F,21,6.0
0,119.0,Used,F,21,6.0
0,44.79,Unused,F,21,6.0
0,15.18,Unused,F,21,6.0
0,10.63,Unused,F,21,6.0
0,149.0,Unused,F,21,6.0
0,10.99,Unused,F,21,6.0
0,119.0,Unused,F,21,6.0
0,149.0,Unused,F,21,6.0
0,12.31,Unused,F,21,6.0
1,198.0,Used,F,21,6.0
0,15.0,Used,F,21,6.0
0,149.0,Used,F,21,6.0
0,99.0,Unused,F,21,6.0
0,238.0,Unused,F,21,6.0
0,790.0,Unused,F,21,6.0
0,79.0,Unused,F,21,6.0
0,447.0,Unused,F,21,6.0
0,149.0,Unused,F,21,6.0
1,19.8,Used,F,46,11.1
0,40.18,Used,F,46,28.78
0,122.77,Used,F,46,6.5
0,122.77,Used,F,46,6.5
0,285.77,Used,F,46,6.5
0,245.54,Used,F,46,6.5
0,245.54,Used,F,46,6.5
0,14.02,Used,F,46,11.1
0,14.02,Used,F,46,12.76
0,20.62,Used,F,46,6.5
0,153.71,Used,F,46,6.5
0,153.71,Used,F,46,6.5
0,153.71,Used,F,46,6.5
0,307.42,Used,F,46,6.5
0,88.68,Unused,F,46,6.5
0,35.02,Unused,F,46,28.78
0,141.96,Unused,F,46,6.5
0,46.21,Unused,F,46,6.5
0,46.21,Unused,F,46,6.5
0,2.05,Unused,F,46,6.5
0,122.77,Unused,F,46,6.5
0,113.47,Unused,F,46,6.5
0,489.0,Unused,F,46,6.5
0,244.5,Unused,F,46,6.5
0,15.67,Unused,F,46,6.5
0,28.04,Unused,F,46,12.76
0,14.02,Unused,F,46,12.76
0,16.5,Unused,F,46,6.5
0,153.71,Unused,F,46,6.5
0,153.71,Unused,F,46,6.5
0,49.48,Unused,F,46,28.78
0,122.77,Unused,F,46,6.5
0,122.77,Unused,F,46,6.5
0,368.31,Unused,F,46,6.5
0,153.71,Unused,F,46,6.5
1,10.99,Used,F,46,6.0
0,27.97,Used,F,46,6.5
0,15.9,Used,F,46,6.5
0,39.8,Used,F,46,19.99
0,149.0,Used,F,46,8.7
0,158.0,Used,F,46,6.0
0,36.39,Used,F,46,6.0
0,13.59,Used,F,46,6.0
0,149.0,Used,F,46,6.0
0,3.19,Unused,F,46,6.0
0,59.8,Unused,F,46,6.5
0,10.63,Unused,F,46,6.0
0,268.0,Unused,F,46,6.0
0,447.0,Unused,F,46,6.0
0,149.0,Unused,F,46,6.0
0,298.0,Unused,F,46,6.0
0,149.0,Unused,F,46,6.0
0,447.0,Unused,F,46,6.0
0,79.6,Unused,F,46,19.99
0,25.58,Unused,F,46,6.0
0,4.99,Unused,F,46,6.0
0,119.0,Unused,F,46,6.0
1,12.98,Used,F,46,6.0
0,6.96,Used,F,46,6.0
0,144.0,Used,F,46,190.42
0,48.55,Used,F,46,6.0
0,37.02,Used,F,46,6.0
0,5.98,Used,F,46,6.0
0,13.59,Used,F,46,12.99
0,119.0,Used,F,46,6.0
0,41.99,Used,F,46,6.0
0,34.99,Used,F,46,6.0
0,10.63,Used,F,46,6.0
0,3780.32,Unused,F,46,190.42
0,1.59,Unused,F,46,6.0
0,4.5,Unused,F,46,6.0
0,44.79,Unused,F,46,6.0
0,20.4,Unused,F,46,6.0
0,8.0,Unused,F,46,12.99
0,85.14,Unused,F,46,6.0
0,119.0,Unused,F,46,6.0
0,19.99,Unused,F,46,6.0
0,59.99,Unused,F,46,6.0
0,149.0,Unused,F,46,6.0
0,13.59,Unused,F,46,6.0
0,13.59,Unused,F,46,6.0
0,13.99,Unused,F,46,6.0
0,6.98,Unused,F,46,6.0
0,8.4,Unused,F,46,12.99
0,16.99,Unused,F,46,6.0
0,10.63,Unused,F,46,6.0
1,25.56,Used,F,46,39.27
0,4.4,Used,F,46,6.0
0,79.19,Used,F,46,6.0
0,119.0,Used,F,46,6.0
0,119.0,Used,F,46,6.0
0,149.0,Used,F,46,6.0
0,33.56,Unused,F,46,39.27
0,727.3,Unused,F,46,18.96
0,4.39,Unused,F,46,6.0
0,7.98,Unused,F,46,6.0
0,119.0,Unused,F,46,6.0
0,349.0,Unused,F,46,6.0
0,11.94,Unused,F,46,6.0
0,116.78,Unused,F,46,6.0
0,279.0,Unused,F,46,6.0
0,237.0,Unused,F,46,6.0
0,199.0,Used,F,46,6.0
0,33.0,Used,F,46,6.0
0,13.59,Used,F,46,6.0
0,119.0,Used,F,46,6.0
0,79.0,Used,F,46,6.0
0,149.0,Used,F,46,12.99
0,298.0,Used,F,46,6.0
0,8.39,Unused,F,46,12.99
0,4.8,Unused,F,46,6.0
0,119.0,Unused,F,46,6.0
0,237.0,Unused,F,46,6.0
0,149.0,Unused,F,46,6.0
0,298.0,Unused,F,46,6.0
0,22.0,Unused,F,46,12.99
0,199.0,Unused,F,46,8.7
0,99.0,Unused,F,46,6.0
0,99.0,Unused,F,46,6.0
0,11.6,Unused,F,46,6.0
1,33.59,Used,F,34,6.0
0,33.59,Used,F,34,6.0
0,33.59,Used,F,34,6.0
0,33.59,Used,F,34,6.0
0,33.59,Unused,F,34,6.0
0,33.59,Unused,F,34,6.0
0,11.75,Unused,F,34,6.0
0,33.59,Unused,F,34,6.0
1,34.2,Used,F,34,6.0
0,41.99,Used,F,34,6.0
0,89.24,Unused,F,34,6.0
0,32.22,Unused,F,34,6.0
0,30.08,Unused,F,34,6.0
0,24.22,Unused,F,34,6.0
1,99.0,Used,F,34,6.0
0,349.0,Unused,F,34,6.0
1,605.0,Used,F,36,6.0
0,447.0,Unused,F,36,6.0
0,238.0,Unused,F,36,6.0
1,19.19,Unused,M,45,6.0
0,1.59,Unused,M,45,6.5
0,13.59,Unused,M,45,6.0
0,15.19,Unused,M,45,6.5
1,95.73,Used,F,50,6.0
0,295.8,Used,F,50,12.48
0,99.0,Used,F,50,6.0
0,38.0,Used,F,50,6.0
0,149.0,Used,F,50,6.0
0,158.0,Used,F,50,6.0
0,398.0,Unused,F,50,6.0
0,99.0,Unused,F,50,6.0
0,39.89,Unused,F,50,6.0
0,474.0,Unused,F,50,6.0
0,357.0,Unused,F,50,6.0
0,237.0,Unused,F,50,6.0
1,320.78,Used,F,37,12.99
0,42.34,Used,F,37,6.0
0,13.29,Used,F,37,6.0
0,149.0,Used,F,37,6.0
0,21.98,Unused,F,37,12.99
0,21.82,Unused,F,37,6.0
0,27.28,Unused,F,37,6.0
0,119.0,Unused,F,37,6.0
0,238.0,Unused,F,37,12.99
0,119.0,Unused,F,37,6.0
0,238.0,Unused,F,37,6.0
0,119.0,Unused,F,37,6.0
0,10.99,Unused,F,37,6.0
0,268.0,Unused,F,37,6.0
0,119.0,Unused,F,37,12.99
0,149.0,Unused,F,37,6.0
0,13.59,Unused,F,37,6.0
1,10.99,Used,F,37,6.0
0,37.28,Used,F,37,6.0
0,11.4,Used,F,37,6.0
0,149.0,Used,F,37,6.0
0,149.0,Used,F,37,6.0
0,18.48,Unused,F,37,6.0
0,4.8,Unused,F,37,6.0
0,27.3,Unused,F,37,6.0
0,119.0,Unused,F,37,12.99
0,149.0,Unused,F,37,12.99
0,149.0,Unused,F,37,6.0
0,149.0,Unused,F,37,6.0
0,16.79,Unused,F,37,6.0
1,130.2,Used,F,37,6.0
0,99.0,Used,F,37,6.0
0,99.0,Used,F,37,6.0
0,47.8,Used,F,37,49.73
0,119.0,Used,F,37,6.0
0,149.0,Used,F,37,6.0
0,395.0,Used,F,37,6.0
0,55.99,Unused,F,37,6.0
0,55.99,Unused,F,37,6.0
0,199.0,Unused,F,37,6.0
0,165.27,Unused,F,37,6.0
0,64.0,Unused,F,37,49.73
0,99.0,Unused,F,37,6.0
0,95.94,Unused,F,37,6.5
0,23.2,Unused,F,37,6.0
0,307.0,Unused,F,37,6.0
0,99.0,Unused,F,37,6.0
0,55.0,Unused,F,37,6.0
0,349.0,Unused,F,37,6.0
1,59.14,Used,F,5,18.47
0,44.7,Used,F,5,6.5
0,17.99,Used,F,5,12.76
0,10.99,Used,F,5,6.5
0,5.98,Used,F,5,6.5
0,647.55,Used,F,5,176.35
0,3.49,Used,F,5,6.5
0,24.99,Used,F,5,6.5
0,238.0,Used,F,5,6.5
0,238.0,Used,F,5,6.5
0,238.0,Used,F,5,6.5
0,238.0,Used,F,5,6.5
0,237.0,Used,F,5,6.5
0,149.0,Used,F,5,6.5
0,149.0,Used,F,5,6.5
0,67.94,Unused,F,5,6.5
0,19.19,Unused,F,5,12.76
0,0.99,Unused,F,5,6.5
0,6.49,Unused,F,5,6.5
0,46.37,Unused,F,5,6.5
0,51.17,Unused,F,5,18.47
0,79.19,Unused,F,5,6.5
0,119.0,Unused,F,5,6.5
0,357.0,Unused,F,5,6.5
0,24.99,Unused,F,5,6.5
0,95.99,Unused,F,5,6.5
0,16.99,Unused,F,5,6.5
0,1140.0,Unused,F,5,6.5
0,40.77,Unused,F,5,6.5
0,298.0,Unused,F,5,6.5
0,149.0,Unused,F,5,6.5
0,149.0,Unused,F,5,6.5
0,298.0,Unused,F,5,6.5
0,7.17,Unused,F,5,6.5
0,28.76,Unused,F,5,6.5
0,1.99,Unused,F,5,6.5
0,238.0,Unused,F,5,6.5
0,357.0,Unused,F,5,6.5
0,119.0,Unused,F,5,6.5
0,119.0,Unused,F,5,6.5
0,149.0,Unused,F,5,6.5
0,149.0,Unused,F,5,6.5
0,10.78,Used,F,5,6.5
0,21.99,Used,F,5,6.5
0,16.99,Used,F,5,6.5
0,149.0,Used,F,5,6.5
0,133.51,Unused,F,5,6.5
0,21.99,Unused,F,5,6.5
0,21.99,Unused,F,5,6.5
0,119.0,Unused,F,5,6.5
0,238.0,Unused,F,5,6.5
0,16.99,Unused,F,5,6.5
0,10.99,Unused,F,5,6.5
1,3.35,Used,F,5,6.0
0,2.79,Used,F,5,6.0
0,9.49,Used,F,5,6.0
0,149.0,Used,F,5,6.0
0,12.76,Unused,F,5,6.0
0,8.94,Unused,F,5,6.0
0,91.78,Unused,F,5,6.0
0,357.0,Unused,F,5,6.0
0,43.48,Unused,F,5,6.0
0,234.24,Used,F,5,6.0
0,21.98,Used,F,5,12.99
0,324.84,Used,F,5,6.0
0,71.17,Used,F,5,6.0
0,13.09,Used,F,5,6.0
0,5.03,Used,F,5,6.0
0,197.52,Used,F,5,6.0
0,23.99,Used,F,5,6.0
0,39.18,Used,F,5,6.0
0,87.78,Used,F,5,12.91
0,1.99,Used,F,5,6.0
0,12.0,Used,F,5,6.0
0,7.6,Used,F,5,6.0
0,90.0,Used,F,5,19.99
0,119.0,Used,F,5,6.0
0,238.0,Used,F,5,6.0
0,238.0,Used,F,5,6.0
0,119.0,Used,F,5,6.0
0,238.0,Used,F,5,6.0
0,34.99,Used,F,5,6.0
0,52.49,Used,F,5,6.0
0,13.29,Used,F,5,6.0
0,88.55,Used,F,5,6.0
0,149.0,Used,F,5,6.0
0,48.0,Used,F,5,6.0
0,158.0,Used,F,5,6.0
0,228.0,Used,F,5,6.0
0,33.98,Used,F,5,6.0
0,149.0,Used,F,5,6.0
0,995.0,Unused,F,5,12.99
0,10.99,Unused,F,5,6.0
0,14.38,Unused,F,5,12.99
0,304.98,Unused,F,5,6.0
0,31.99,Unused,F,5,6.0
0,19.19,Unused,F,5,6.0
0,442.16,Unused,F,5,6.0
0,15.43,Unused,F,5,6.0
0,507.65,Unused,F,5,19.99
0,35.9,Unused,F,5,6.0
0,153.12,Unused,F,5,12.91
0,537.44,Unused,F,5,6.0
0,2.39,Unused,F,5,6.0
0,99.15,Unused,F,5,6.0
0,37.21,Unused,F,5,6.0
0,2.39,Unused,F,5,6.0
0,56.47,Unused,F,5,12.99
0,39.99,Unused,F,5,6.0
0,32.15,Unused,F,5,6.0
0,20.99,Unused,F,5,6.0
0,17.1,Unused,F,5,6.0
0,6.0,Unused,F,5,6.0
0,13.02,Unused,F,5,12.99
0,357.0,Unused,F,5,6.0
0,163.0,Unused,F,5,6.0
0,119.0,Unused,F,5,6.0
0,119.0,Unused,F,5,6.0
0,16.99,Unused,F,5,6.0
0,149.0,Unused,F,5,6.0
0,149.0,Unused,F,5,6.0
0,316.0,Unused,F,5,6.0
0,158.0,Unused,F,5,12.99
0,79.0,Unused,F,5,6.0
0,79.0,Unused,F,5,6.0
0,8.4,Unused,F,5,6.0
0,16.99,Unused,F,5,6.0
0,149.0,Unused,F,5,6.0
0,149.0,Unused,F,5,6.0
0,149.0,Unused,F,5,6.0
0,149.0,Unused,F,5,6.0
0,149.0,Unused,F,5,6.0
0,149.0,Unused,F,5,6.0
0,298.0,Unused,F,5,6.0
0,9.19,Unused,F,5,6.0
0,1.59,Unused,F,5,6.0
0,2.99,Unused,F,5,6.0
0,19.19,Unused,F,5,6.0
0,132.0,Unused,F,5,6.0
0,49.95,Unused,F,5,19.99
0,31.35,Unused,F,5,12.99
0,13.59,Unused,F,5,6.0
0,2.99,Unused,F,5,6.0
0,35.4,Unused,F,5,6.0
0,4.56,Unused,F,5,6.0
0,476.0,Unused,F,5,6.0
0,119.0,Unused,F,5,6.0
0,4.08,Unused,F,5,12.99
0,19.99,Unused,F,5,6.0
0,149.0,Unused,F,5,6.0
0,20.21,Used,F,5,6.0
0,1.2,Used,F,5,6.0
0,3.5,Used,F,5,12.99
0,44.79,Used,F,5,6.0
0,1.99,Used,F,5,6.0
0,18.99,Used,F,5,6.0
0,17.83,Unused,F,5,6.0
0,2.79,Unused,F,5,6.0
0,16.22,Unused,F,5,12.99
0,76.74,Unused,F,5,27.62
0,476.0,Unused,F,5,6.0
0,5.1,Unused,F,5,6.0
0,67.19,Unused,F,5,6.0
0,149.0,Unused,F,5,12.99
0,149.0,Unused,F,5,6.0
0,5.6,Unused,F,5,6.0
0,11.96,Unused,F,5,6.0
0,119.0,Unused,F,5,6.0
0,13.59,Unused,F,5,12.99
1,79.0,Unused,F,5,12.99
1,148.26,Used,M,30,28.78
0,30.8,Used,M,30,6.5
0,122.77,Used,M,30,6.5
0,70.12,Used,M,30,6.5
0,32.76,Unused,M,30,28.78
0,122.77,Unused,M,30,6.5
0,143.33,Unused,M,30,6.5
0,36.1,Unused,M,30,6.5
0,368.31,Unused,M,30,6.5
1,3.5,Used,M,30,6.0
0,119.0,Used,M,30,6.0
0,73.45,Unused,M,30,6.0
0,119.0,Unused,M,30,12.99
0,22.49,Unused,M,30,6.0
1,20.46,Unused,M,30,6.0
0,468.0,Unused,M,30,6.0
0,1.0,Unused,M,30,6.0
0,99.0,Unused,M,30,6.0
1,17.93,Used,M,33,6.5
0,8.96,Used,M,33,6.5
0,242.6,Used,M,33,6.5
0,32.01,Used,M,33,6.5
0,3.47,Used,M,33,6.5
0,151.88,Used,M,33,6.5
0,102.53,Unused,M,33,6.5
0,35.86,Unused,M,33,6.5
0,13.84,Unused,M,33,6.5
0,81.53,Unused,M,33,6.5
0,151.88,Unused,M,33,6.5
0,22.41,Unused,M,33,6.0
0,242.6,Unused,M,33,6.5
0,3.47,Unused,M,33,6.5
1,273.18,Unused,M,35,6.5
0,35.81,Used,M,35,6.5
0,20.38,Used,M,35,6.0
0,242.6,Used,M,35,6.5
0,121.3,Used,M,35,6.5
0,455.64,Used,M,35,8.7
0,151.88,Used,M,35,6.5
0,202.84,Used,M,35,8.7
0,202.84,Unused,M,35,6.5
0,61.15,Unused,M,35,6.0
0,100.91,Unused,M,35,6.5
0,52.99,Unused,M,35,6.0
0,3.47,Unused,M,35,6.5
0,151.88,Unused,M,35,19.99
0,402.6,Unused,M,35,6.5
0,303.76,Unused,M,35,6.5
0,22.41,Unused,M,35,6.0
0,17.93,Unused,M,35,6.5
0,22.41,Unused,M,35,6.0
0,3.47,Unused,M,35,6.5
1,298.0,Unused,F,24,6.0
1,14.36,Used,F,48,6.0
0,19.95,Used,F,48,12.48
0,179.55,Used,F,48,19.02
0,9.56,Used,F,48,6.0
0,119.0,Used,F,48,6.0
0,119.0,Used,F,48,6.0
0,3.5,Unused,F,48,6.0
0,398.0,Unused,F,48,19.99
0,3.99,Unused,F,48,6.0
0,51.95,Unused,F,48,12.48
0,99.0,Unused,F,48,6.0
0,441.32,Unused,F,48,6.0
0,79.99,Unused,F,48,6.0
0,119.0,Unused,F,48,6.0
0,395.0,Unused,F,48,6.0
0,158.0,Unused,F,48,6.0
0,104.0,Unused,F,48,8.7
0,149.0,Unused,F,48,6.0
0,1.59,Unused,F,48,6.0
0,22.0,Unused,F,48,12.48
0,149.0,Unused,F,48,6.0
0,149.0,Unused,F,48,6.0
1,33.59,Used,F,42,6.0
0,67.18,Used,F,42,6.0
0,25.0,Used,F,42,0.0
0,119.0,Used,F,42,6.0
0,12.31,Used,F,42,6.0
0,18.34,Unused,F,42,6.0
0,33.59,Unused,F,42,6.0
0,30.39,Unused,F,42,6.0
0,119.0,Unused,F,42,6.0
0,37.53,Unused,F,42,6.0
0,39.8,Unused,F,42,12.99
0,149.0,Unused,F,42,6.0
1,6.16,Used,F,34,20.0
0,28.04,Used,F,34,12.76
0,153.71,Used,F,34,8.7
0,204.27,Used,F,34,6.5
0,122.77,Used,F,34,6.5
0,245.54,Used,F,34,6.5
0,122.77,Used,F,34,6.5
0,307.42,Used,F,34,6.5
0,307.42,Used,F,34,6.5
0,153.71,Used,F,34,6.5
0,37.95,Unused,F,34,6.5
0,92.42,Unused,F,34,35.96
0,122.77,Unused,F,34,6.5
0,61.89,Unused,F,34,6.5
0,768.55,Unused,F,34,6.5
0,2.05,Unused,F,34,20.0
0,122.77,Used,F,34,6.5
0,119.0,Used,F,34,6.5
0,39.98,Unused,F,34,6.5
0,79.0,Unused,F,34,6.5
0,11.19,Unused,F,34,6.5
0,21.98,Used,F,34,6.5
0,31.98,Used,F,34,6.5
0,131.55,Used,F,34,35.3
0,1.59,Used,F,34,6.5
0,44.79,Used,F,34,6.5
0,55.99,Used,F,34,6.5
0,44.79,Used,F,34,24.47
0,298.0,Used,F,34,8.7
0,238.0,Used,F,34,6.5
0,119.0,Used,F,34,6.5
0,595.0,Used,F,34,6.5
0,18.99,Used,F,34,6.5
0,237.0,Used,F,34,6.5
0,158.0,Used,F,34,6.5
0,316.0,Used,F,34,6.5
0,79.0,Used,F,34,6.5
0,447.0,Used,F,34,6.5
0,149.0,Used,F,34,6.5
0,149.0,Used,F,34,6.5
0,149.0,Used,F,34,6.5
0,149.0,Used,F,34,6.5
0,1.99,Unused,F,34,6.5
0,104.65,Unused,F,34,6.5
0,50.37,Unused,F,34,6.5
0,4.98,Unused,F,34,6.5
0,47.85,Unused,F,34,35.3
0,99.99,Unused,F,34,6.5
0,119.0,Unused,F,34,6.5
0,119.0,Unused,F,34,6.5
0,357.0,Unused,F,34,6.5
0,119.0,Unused,F,34,6.5
0,119.0,Unused,F,34,6.5
0,595.0,Unused,F,34,6.5
0,357.0,Unused,F,34,6.5
0,119.0,Unused,F,34,6.5
0,119.0,Unused,F,34,6.5
0,24.99,Unused,F,34,6.5
0,15.19,Unused,F,34,6.5
0,15.19,Unused,F,34,6.5
0,237.0,Unused,F,34,6.5
0,395.0,Unused,F,34,6.5
0,158.0,Unused,F,34,6.5
0,395.0,Unused,F,34,6.5
0,149.0,Unused,F,34,6.5
0,149.0,Unused,F,34,35.3
0,149.0,Unused,F,34,6.5
0,149.0,Unused,F,34,6.5
0,149.0,Unused,F,34,6.5
0,82.98,Unused,F,34,6.5
0,44.79,Unused,F,34,24.47
0,119.0,Unused,F,34,6.5
0,119.0,Unused,F,34,6.5
0,19.99,Unused,F,34,6.5
0,149.0,Unused,F,34,6.5
0,149.0,Unused,F,34,6.5
0,149.0,Unused,F,34,6.5
0,149.0,Unused,F,34,6.5
0,298.0,Unused,F,34,6.5
1,239.6,Used,F,34,64.01
0,35.18,Used,F,34,6.5
0,238.0,Used,F,34,6.5
0,39.19,Used,F,34,6.5
0,298.0,Used,F,34,6.5
0,31.98,Unused,F,34,6.5
0,238.0,Unused,F,34,6.5
0,238.0,Unused,F,34,6.5
0,149.0,Unused,F,34,6.5
0,119.0,Unused,F,34,6.5
0,357.0,Unused,F,34,6.5
0,149.0,Unused,F,34,6.5
0,99.95,Unused,F,34,13.78
0,139.6,Used,F,34,294.0
0,3.99,Used,F,34,6.5
0,59.99,Used,F,34,6.5
0,19.99,Used,F,34,6.5
0,149.0,Used,F,34,6.5
0,149.0,Used,F,34,6.5
0,292.0,Unused,F,34,294.0
0,28.98,Unused,F,34,6.5
0,7.97,Unused,F,34,6.5
0,19.99,Unused,F,34,6.5
0,149.0,Unused,F,34,6.5
0,69.99,Unused,F,34,6.5
0,5.5,Unused,F,34,6.5
1,89.58,Used,F,34,6.5
0,17.59,Used,F,34,6.0
0,45.98,Used,F,34,6.0
0,17.49,Used,F,34,6.0
0,238.0,Used,F,34,6.0
0,119.0,Used,F,34,6.0
0,11.19,Used,F,34,6.0
0,465.0,Used,F,34,6.0
0,298.0,Used,F,34,6.0
0,149.0,Used,F,34,6.0
0,15.55,Unused,F,34,24.49
0,44.79,Unused,F,34,6.5
0,11.75,Unused,F,34,6.0
0,80.48,Unused,F,34,6.0
0,13.59,Unused,F,34,6.5
0,119.0,Unused,F,34,6.0
0,833.0,Unused,F,34,19.99
0,119.0,Unused,F,34,6.0
0,149.0,Unused,F,34,6.0
0,42.0,Unused,F,34,24.49
0,19.19,Unused,F,34,6.5
0,18.99,Unused,F,34,6.0
0,13.99,Unused,F,34,6.0
0,27.18,Unused,F,34,6.0
0,149.0,Unused,F,34,6.0
0,33.59,Used,F,34,6.0
0,33.59,Used,F,34,6.0
0,33.59,Used,F,34,6.0
0,33.59,Used,F,34,6.0
0,67.18,Used,F,34,6.0
0,33.59,Used,F,34,6.0
0,134.36,Used,F,34,6.0
0,33.59,Used,F,34,6.0
0,33.59,Used,F,34,6.0
0,33.59,Used,F,34,6.0
0,33.59,Used,F,34,6.0
0,62.37,Used,F,34,6.0
0,32.38,Used,F,34,12.99
0,33.59,Unused,F,34,6.0
0,67.18,Unused,F,34,6.0
0,33.59,Unused,F,34,6.0
0,33.59,Unused,F,34,6.0
0,33.59,Unused,F,34,6.0
0,33.59,Unused,F,34,6.0
0,67.18,Unused,F,34,6.0
0,33.59,Unused,F,34,6.0
0,33.59,Unused,F,34,6.5
0,33.59,Unused,F,34,6.0
0,67.18,Unused,F,34,6.0
0,33.59,Unused,F,34,6.0
0,33.59,Unused,F,34,6.0
0,33.59,Unused,F,34,6.0
0,49.58,Unused,F,34,6.0
0,67.18,Unused,F,34,6.0
0,33.59,Unused,F,34,6.0
0,30.28,Unused,F,34,12.99
0,238.0,Unused,F,34,6.0
0,13.59,Unused,F,34,6.0
0,104.0,Unused,F,34,8.7
0,33.59,Unused,F,34,6.0
0,33.59,Unused,F,34,6.0
0,33.59,Unused,F,34,6.5
0,33.59,Unused,F,34,6.0
0,47.18,Unused,F,34,6.0
0,100.77,Unused,F,34,6.0
1,149.0,Used,F,34,6.0
0,149.0,Unused,F,34,6.0
0,149.0,Unused,F,34,12.99
0,19.99,Unused,F,34,6.0
0,10.63,Unused,F,34,6.0
0,79.99,Used,F,34,12.48
0,263.78,Used,F,34,57.53
0,44.0,Used,F,34,6.0
0,11.19,Used,F,34,6.0
0,12.31,Used,F,34,6.0
0,34.98,Unused,F,34,57.53
0,13.29,Unused,F,34,6.0
0,595.0,Unused,F,34,6.0
0,32.3,Unused,F,34,12.48
0,79.0,Unused,F,34,6.0
0,307.0,Unused,F,34,6.0
0,119.0,Unused,F,34,6.0
0,15.99,Unused,F,34,6.0
0,298.0,Unused,F,34,6.0
0,61.59,Unused,F,34,12.48
0,32.79,Used,F,34,6.0
0,42.52,Used,F,34,6.0
0,149.0,Used,F,34,6.0
0,149.0,Used,F,34,6.0
0,53.97,Unused,F,34,6.0
0,122.91,Unused,F,34,6.0
0,66.74,Unused,F,34,6.0
0,21.26,Unused,F,34,6.0
0,15.19,Unused,F,34,6.0
0,191.85,Used,F,34,12.91
0,377.0,Used,F,34,6.0
0,19.19,Unused,F,34,6.0
0,42.0,Unused,F,34,12.91
0,119.0,Unused,F,34,6.0
0,238.0,Unused,F,34,6.0
0,100.98,Unused,F,34,6.0
0,149.0,Unused,F,34,6.0
0,119.0,Unused,F,34,12.99
0,59.18,Unused,F,34,6.5
0,67.96,Unused,F,34,6.0
0,745.0,Unused,F,34,6.0
0,10.99,Used,F,34,6.0
0,31.68,Used,F,34,6.0
0,15.99,Used,F,34,49.73
0,1.39,Used,F,34,6.0
0,238.0,Used,F,34,6.0
0,13.68,Used,F,34,19.99
0,10.63,Used,F,34,6.5
0,456.0,Used,F,34,6.0
0,544.0,Used,F,34,6.0
0,34.52,Unused,F,34,49.73
0,13.39,Unused,F,34,6.0
0,31.35,Unused,F,34,6.5
0,31.2,Unused,F,34,19.99
0,119.0,Unused,F,34,6.0
0,595.0,Unused,F,34,19.99
0,24.22,Unused,F,34,6.0
0,10.39,Unused,F,34,49.73
0,149.0,Unused,F,34,6.0
0,43.8,Used,F,34,6.0
0,8.79,Unused,F,34,6.0
0,71.59,Unused,F,34,6.0
0,714.0,Unused,F,34,6.0
0,42.63,Unused,F,34,6.0
0,39.9,Used,F,34,6.0
0,13.59,Used,F,34,6.0
0,6.0,Used,F,34,6.0
0,218.8,Unused,F,34,6.0
0,152.1,Unused,F,34,45.72
0,33.99,Unused,F,34,6.0
0,9.57,Unused,F,34,6.0
0,10.99,Unused,F,34,6.0
0,7.5,Unused,F,34,6.0
0,10.99,Used,F,34,6.0
0,238.0,Used,F,34,6.0
0,119.0,Used,F,34,6.0
0,199.0,Unused,F,34,6.0
0,238.0,Unused,F,34,6.0
0,5.1,Unused,F,34,6.0
0,44.0,Used,F,34,6.0
0,298.0,Used,F,34,6.0
0,10.63,Unused,F,34,6.0
0,832.0,Unused,F,34,6.0
0,476.0,Unused,F,34,6.0
1,25.98,Unused,F,34,75.0
0,40.8,Unused,F,34,6.0
0,5.99,Unused,F,34,75.0
0,23.28,Unused,F,34,6.0
0,99.0,Used,F,34,6.0
0,27.17,Used,F,34,6.0
0,111.9,Used,F,34,12.91
0,286.6,Unused,F,34,73.71
0,41.97,Unused,F,34,6.0
0,15.58,Unused,F,34,6.0
0,99.0,Unused,F,34,6.0
0,47.8,Unused,F,34,6.5
0,67.85,Unused,F,34,12.91
0,79.0,Unused,F,34,6.0
0,37.49,Unused,F,34,6.0
0,3.19,Unused,F,34,6.0
0,190.8,Unused,F,34,73.71
0,52.49,Unused,F,34,6.0
0,30.38,Used,F,34,6.0
0,158.0,Used,F,34,6.0
0,3.99,Unused,F,34,6.0
0,10.39,Unused,F,34,6.0
0,279.0,Unused,F,34,6.0
0,238.0,Unused,F,34,6.0
0,119.0,Unused,F,34,6.0
0,349.0,Unused,F,34,6.0
0,45.57,Unused,F,34,6.0
0,395.0,Unused,F,34,6.0
0,298.0,Unused,F,34,6.0
0,199.0,Unused,F,34,6.0
0,99.0,Unused,F,34,6.0
0,158.0,Unused,F,34,6.0
0,462.19,Used,F,34,6.0
0,28.78,Used,F,34,6.0
0,13.56,Used,F,34,6.0
0,49.48,Used,F,34,75.0
0,198.0,Used,F,34,6.0
0,99.0,Used,F,34,6.0
0,238.0,Used,F,34,6.0
0,119.0,Used,F,34,6.0
0,15.19,Used,F,34,6.0
0,149.0,Used,F,34,6.0
0,149.0,Used,F,34,6.0
0,1371.27,Unused,F,34,6.0
0,20.19,Unused,F,34,6.0
0,199.0,Unused,F,34,6.0
0,131.7,Unused,F,34,20.22
0,198.0,Unused,F,34,6.0
0,79.99,Unused,F,34,6.0
0,49.58,Unused,F,34,6.0
0,279.0,Unused,F,34,6.0
0,119.0,Unused,F,34,6.0
0,25.4,Unused,F,34,6.0
0,298.0,Unused,F,34,12.99
0,298.0,Unused,F,34,6.0
0,291.97,Unused,F,34,6.0
0,99.0,Unused,F,34,6.0
0,12.79,Unused,F,34,6.0
0,238.0,Unused,F,34,6.0
0,3.4,Unused,F,34,6.0
0,158.0,Unused,F,34,6.0
0,277.0,Used,F,34,6.0
0,349.0,Unused,F,34,6.0
0,119.0,Unused,F,34,6.0
0,769.07,Used,F,34,12.91
0,2.79,Used,F,34,6.5
0,2.99,Used,F,34,6.0
0,39.48,Unused,F,34,6.0
0,34.97,Unused,F,34,6.0
0,99.0,Unused,F,34,6.0
0,2.39,Unused,F,34,6.5
0,149.0,Unused,F,34,6.0
0,79.99,Unused,F,34,6.0
0,25.25,Used,F,34,6.0
0,26.85,Used,F,34,6.5
0,20.87,Used,F,34,6.0
0,16.3,Used,F,34,6.5
0,42.39,Used,F,34,6.5
0,242.6,Used,F,34,19.99
0,121.3,Used,F,34,19.99
0,355.74,Used,F,34,6.5
0,151.88,Used,F,34,6.5
0,80.52,Used,F,34,6.5
0,43.19,Unused,F,34,18.12
0,71.71,Unused,F,34,6.5
0,19.14,Unused,F,34,6.5
0,202.84,Unused,F,34,6.5
0,202.84,Unused,F,34,6.5
0,202.84,Unused,F,34,6.5
0,22.41,Unused,F,34,6.0
0,100.91,Unused,F,34,6.5
0,100.91,Unused,F,34,6.5
0,171.0,Unused,F,34,13.75
0,39.12,Unused,F,34,6.5
0,2.44,Unused,F,34,6.5
0,477.04,Unused,F,34,6.5
0,242.6,Unused,F,34,6.5
0,8.65,Unused,F,34,6.0
0,355.74,Unused,F,34,6.5
0,151.88,Unused,F,34,15.75
0,151.88,Unused,F,34,6.5
0,161.04,Unused,F,34,6.5
0,303.76,Unused,F,34,6.5
0,151.88,Unused,F,34,6.5
0,151.88,Unused,F,34,6.5
0,303.76,Unused,F,34,6.5
0,151.88,Unused,F,34,6.5
0,202.84,Unused,F,34,6.5
0,14.64,Unused,F,34,6.5
0,5.7,Unused,F,34,6.5
0,26.08,Unused,F,34,18.12
0,8.16,Used,F,34,6.0
0,3.47,Used,F,34,19.99
0,44.82,Unused,F,34,6.0
0,125.51,Unused,F,34,6.5
0,100.91,Unused,F,34,19.99
0,5.08,Unused,F,34,6.0
0,151.88,Unused,F,34,6.5
0,242.6,Unused,F,34,19.99
0,151.88,Unused,F,34,6.5
1,36.78,Used,M,14,6.5
0,252.98,Used,M,14,6.5
0,119.0,Used,M,14,6.5
0,119.0,Used,M,14,6.5
0,30.38,Used,M,14,6.5
0,79.0,Used,M,14,6.5
0,298.0,Used,M,14,6.5
0,8.99,Unused,M,14,6.5
0,174.5,Unused,M,14,6.5
0,55.99,Unused,M,14,6.5
0,26.39,Unused,M,14,6.5
0,39.99,Unused,M,14,6.5
0,1.59,Unused,M,14,6.5
0,238.0,Unused,M,14,6.5
0,797.43,Unused,M,14,6.5
0,79.0,Unused,M,14,6.5
0,569.43,Unused,M,14,6.5
1,55.99,Used,M,48,6.5
0,83.18,Used,M,48,12.99
0,2.99,Used,M,48,6.0
0,65.47,Unused,M,48,6.0
0,21.99,Unused,M,48,6.0
0,34.38,Unused,M,48,6.5
0,238.0,Unused,M,48,6.5
0,119.0,Unused,M,48,6.5
0,277.0,Unused,M,48,6.5
0,149.0,Unused,M,48,6.5
0,55.99,Unused,M,48,6.5
0,17.59,Unused,M,48,6.5
0,83.18,Unused,M,48,6.5
1,153.71,Used,F,42,6.5
0,42.91,Unused,F,42,6.5
0,368.31,Unused,F,42,6.5
0,122.77,Unused,F,42,6.5
0,115.52,Unused,F,42,6.5
0,307.42,Unused,F,42,6.5
0,8.24,Used,F,42,6.5
0,153.71,Used,F,42,6.5
0,3.61,Unused,F,42,6.5
0,3.08,Unused,F,42,6.5
0,15.67,Unused,F,42,6.5
0,307.42,Unused,F,42,6.5
1,53.9,Used,F,30,12.48
0,44.95,Used,F,30,6.5
0,24.73,Used,F,30,12.48
0,18.99,Used,F,30,6.5
0,151.09,Used,F,30,12.48
0,103.18,Used,F,30,6.5
0,119.0,Used,F,30,6.5
0,119.0,Used,F,30,6.5
0,52.38,Used,F,30,6.5
0,16.99,Used,F,30,14.41
0,83.98,Used,F,30,6.5
0,395.0,Used,F,30,6.5
0,16.99,Used,F,30,6.5
0,149.0,Used,F,30,6.5
0,23.98,Unused,F,30,6.5
0,41.9,Unused,F,30,12.48
0,3.5,Unused,F,30,6.5
0,7.0,Unused,F,30,6.5
0,173.55,Unused,F,30,12.48
0,31.98,Unused,F,30,12.48
0,399.5,Unused,F,30,14.85
0,59.98,Unused,F,30,6.5
0,140.0,Unused,F,30,51.99
0,30.39,Unused,F,30,6.5
0,387.0,Unused,F,30,6.5
0,15.19,Unused,F,30,6.5
0,67.19,Unused,F,30,6.5
0,149.0,Unused,F,30,6.5
0,10.99,Unused,F,30,6.5
0,15.99,Unused,F,30,6.5
0,23.9,Unused,F,30,51.99
0,27.9,Unused,F,30,12.48
0,57.56,Unused,F,30,12.48
0,8.99,Unused,F,30,6.5
0,119.0,Unused,F,30,6.5
0,149.0,Unused,F,30,6.5
1,55.27,Used,F,30,6.0
0,14.37,Used,F,30,12.99
0,149.0,Used,F,30,6.0
0,23.96,Unused,F,30,12.99
0,71.48,Unused,F,30,6.0
0,298.0,Unused,F,30,12.99
0,4.79,Unused,F,30,12.99
0,13.29,Unused,F,30,6.0
0,298.0,Unused,F,30,12.99
1,119.0,Used,F,30,6.0
0,10.99,Unused,F,30,6.0
0,119.0,Unused,F,30,6.0
0,149.0,Unused,F,30,6.0
0,79.0,Used,F,30,13.38
0,4.99,Used,F,30,6.0
0,159.69,Used,F,30,6.0
0,44.79,Used,F,30,6.0
0,300.06,Used,F,30,6.0
0,73.49,Used,F,30,6.0
0,16.28,Used,F,30,6.0
0,149.0,Used,F,30,6.0
0,298.0,Used,F,30,6.0
0,26.87,Unused,F,30,6.0
0,69.07,Unused,F,30,6.0
0,67.78,Unused,F,30,16.85
0,88.98,Unused,F,30,6.0
0,15.99,Unused,F,30,6.0
0,357.0,Unused,F,30,6.0
0,19.99,Unused,F,30,6.0
0,79.0,Unused,F,30,6.0
0,399.0,Unused,F,30,13.38
0,23.99,Unused,F,30,6.0
0,5.98,Unused,F,30,6.0
0,9.98,Unused,F,30,6.0
0,12.31,Unused,F,30,16.85
0,298.0,Unused,F,30,6.0
1,91.54,Used,F,37,6.0
0,1.2,Used,F,37,19.99
0,311.7,Used,F,37,25.73
0,12.99,Used,F,37,6.0
0,238.0,Used,F,37,6.0
0,238.0,Used,F,37,6.0
0,20.8,Used,F,37,6.0
0,149.0,Used,F,37,19.99
0,253.05,Unused,F,37,19.99
0,1.59,Unused,F,37,6.0
0,89.55,Unused,F,37,6.0
0,42.45,Unused,F,37,6.0
0,16.78,Unused,F,37,6.0
0,47.8,Unused,F,37,6.0
0,3.99,Unused,F,37,19.99
0,31.99,Unused,F,37,6.0
0,13.59,Unused,F,37,6.0
0,5.7,Unused,F,37,6.0
0,11.68,Unused,F,37,6.0
0,149.0,Unused,F,37,6.0
0,596.0,Unused,F,37,6.0
0,41.99,Unused,F,37,6.0
0,37.49,Unused,F,37,6.0
0,12.63,Unused,F,37,6.0
0,99.99,Unused,F,37,6.0
0,63.95,Unused,F,37,25.73
0,55.17,Unused,F,37,6.0
0,119.0,Unused,F,37,6.0
0,8.64,Unused,F,37,6.0
0,22.0,Unused,F,37,19.99
0,15.99,Unused,F,37,6.0
1,18.32,Used,F,15,6.0
0,119.0,Used,F,15,6.0
0,466.0,Used,F,15,6.0
0,198.71,Used,F,15,6.0
0,149.0,Used,F,15,6.0
0,615.5,Unused,F,15,14.25
0,569.5,Unused,F,15,93.52
0,44.56,Unused,F,15,6.0
0,347.0,Unused,F,15,6.0
0,238.0,Unused,F,15,6.0
0,133.96,Unused,F,15,6.0
0,16.79,Unused,F,15,6.0
1,7.48,Used,F,38,6.5
0,10.99,Used,F,38,6.5
0,3.99,Used,F,38,6.5
0,32.78,Used,F,38,6.5
0,123.98,Used,F,38,6.5
0,27.19,Used,F,38,6.5
0,119.0,Used,F,38,6.5
0,238.0,Used,F,38,6.5
0,13.59,Used,F,38,6.5
0,16.99,Used,F,38,6.5
0,149.0,Used,F,38,6.5
0,149.0,Used,F,38,6.5
0,149.0,Used,F,38,6.5
0,272.37,Unused,F,38,6.5
0,32.9,Unused,F,38,6.5
0,39.97,Unused,F,38,6.5
0,84.75,Unused,F,38,6.5
0,119.0,Unused,F,38,6.5
0,119.0,Unused,F,38,6.5
0,119.0,Unused,F,38,6.5
0,16.99,Unused,F,38,6.5
0,18.99,Unused,F,38,6.5
0,149.0,Unused,F,38,6.5
0,149.0,Unused,F,38,6.5
0,19.19,Unused,F,38,6.5
0,8.99,Unused,F,38,6.5
0,3.19,Unused,F,38,6.5
0,119.0,Unused,F,38,6.5
0,24.99,Unused,F,38,6.5
0,149.0,Unused,F,38,6.5
1,68.95,Used,F,38,6.0
0,60.78,Used,F,38,6.0
0,4.19,Used,F,38,6.0
0,238.0,Used,F,38,6.0
0,119.0,Used,F,38,6.0
0,15.19,Used,F,38,6.0
0,20.98,Unused,F,38,6.0
0,53.96,Unused,F,38,6.0
0,105.54,Unused,F,38,6.0
0,28.62,Unused,F,38,6.0
0,48.67,Unused,F,38,6.0
0,238.0,Unused,F,38,6.0
0,119.0,Unused,F,38,6.0
0,52.38,Unused,F,38,6.0
0,149.0,Unused,F,38,6.0
0,71.64,Unused,F,38,6.0
0,76.74,Unused,F,38,6.0
0,119.0,Unused,F,38,6.0
0,13.59,Unused,F,38,6.0
1,3.5,Used,F,38,6.0
0,48.97,Used,F,38,6.0
0,42.0,Used,F,38,6.0
0,62.7,Used,F,38,12.48
0,14.4,Used,F,38,6.0
0,63.82,Used,F,38,6.0
0,38.38,Unused,F,38,6.5
0,116.21,Unused,F,38,6.0
0,19.19,Unused,F,38,6.5
0,42.0,Unused,F,38,12.48
0,57.95,Unused,F,38,6.0
0,19.98,Unused,F,38,6.0
0,119.0,Unused,F,38,6.0
0,46.5,Unused,F,38,6.0
0,39.49,Unused,F,38,6.0
0,98.85,Unused,F,38,12.48
0,33.6,Unused,F,38,6.0
0,25.19,Unused,F,38,6.0
0,119.0,Unused,F,38,6.0
1,22.41,Used,F,38,6.0
0,48.92,Used,F,38,6.5
0,100.91,Used,F,38,6.5
0,121.3,Used,F,38,6.5
0,22.41,Unused,F,38,6.0
0,199.8,Unused,F,38,6.5
0,97.84,Unused,F,38,6.5
0,100.91,Unused,F,38,6.5
0,100.91,Unused,F,38,6.5
0,242.6,Unused,F,38,6.5
0,121.3,Unused,F,38,12.99
0,242.6,Unused,F,38,12.99
0,242.6,Unused,F,38,6.5
0,151.88,Unused,F,38,6.5
0,455.64,Unused,F,38,6.5
0,402.6,Unused,F,38,12.99
0,151.88,Unused,F,38,6.5
0,40.78,Unused,F,38,6.5
0,100.91,Unused,F,38,6.5
0,36.6,Unused,F,38,6.5
0,100.91,Used,F,38,6.5
0,151.88,Unused,F,38,6.5
0,151.88,Unused,F,38,6.5
1,1.59,Used,M,14,12.48
0,103.85,Used,M,14,30.92
0,111.65,Used,M,14,15.37
0,24.99,Used,M,14,6.5
0,119.0,Used,M,14,6.5
0,119.0,Used,M,14,6.5
0,79.0,Used,M,14,6.5
0,149.0,Used,M,14,6.5
0,58.33,Unused,M,14,12.48
0,7.49,Unused,M,14,6.5
0,290.21,Unused,M,14,30.92
0,298.0,Unused,M,14,6.5
0,83.65,Unused,M,14,15.37
0,79.99,Unused,M,14,6.5
0,38.34,Unused,M,14,12.48
1,52.38,Used,F,5,21.92
0,536.0,Used,F,5,6.5
0,67.19,Used,F,5,6.5
0,79.0,Used,F,5,6.5
0,349.89,Unused,F,5,21.92
0,3026.1,Unused,F,5,250.01
0,357.0,Unused,F,5,6.5
0,474.75,Unused,F,5,6.5
0,149.0,Unused,F,5,6.5
0,14.0,Unused,F,5,21.92
0,39.19,Unused,F,5,6.5
1,43.25,Used,F,5,6.0
0,357.0,Used,F,5,12.99
0,24.78,Used,F,5,6.0
0,6.8,Used,F,5,6.0
0,61.2,Unused,F,5,6.0
0,8.4,Unused,F,5,6.0
0,15.38,Unused,F,5,6.0
0,7.6,Unused,F,5,6.0
0,13.59,Unused,F,5,6.0
1,35.86,Used,F,5,12.99
0,39.33,Unused,F,5,12.99
0,35.86,Unused,F,5,12.99
0,39.33,Used,F,5,12.99
0,13.88,Used,F,5,6.5
0,49.71,Unused,F,5,12.99
0,849.1,Unused,F,5,6.5
0,151.88,Unused,F,5,6.5
0,17.93,Unused,F,5,12.99
1,99.75,Used,F,23,6.0
0,137.2,Unused,F,23,6.0
0,12.16,Unused,F,23,6.0
0,64.7,Unused,F,23,6.0
0,4.8,Unused,F,23,6.0
1,174.95,Used,M,26,6.0
0,1.59,Used,M,26,6.0
0,6.99,Used,M,26,6.0
0,119.0,Used,M,26,6.0
0,436.4,Unused,M,26,19.94
0,119.0,Unused,M,26,6.0
0,79.0,Unused,M,26,6.0
0,109.95,Unused,M,26,6.0
0,14.7,Unused,M,26,6.0
0,1.99,Unused,M,26,6.0
0,119.0,Unused,M,26,12.99
0,298.0,Unused,M,26,6.0
1,199.0,Used,M,30,6.0
0,238.0,Used,M,30,6.0
0,119.0,Used,M,30,6.0
0,298.0,Used,M,30,6.0
0,83.18,Unused,M,30,6.5
0,476.0,Unused,M,30,6.0
0,149.0,Unused,M,30,6.0
0,149.0,Unused,M,30,6.5
0,18.99,Unused,M,30,6.0
0,349.0,Unused,M,30,6.5
1,10.39,Used,F,37,6.5
0,149.0,Used,F,37,6.5
0,13.59,Used,F,37,6.5
0,7.2,Unused,F,37,6.5
0,20.39,Unused,F,37,6.5
0,149.0,Unused,F,37,8.7
0,357.0,Unused,F,37,6.5
0,119.0,Unused,F,37,6.5
0,119.0,Unused,F,37,6.5
0,16.99,Unused,F,37,6.5
0,149.0,Unused,F,37,6.5
0,395.0,Unused,F,37,6.5
0,4.79,Unused,F,37,6.5
0,20.79,Used,F,37,6.5
0,57.1,Unused,F,37,6.5
0,10.63,Unused,F,37,6.5
1,5.99,Used,F,19,6.0
0,119.0,Used,F,19,12.99
0,119.0,Used,F,19,12.99
0,298.0,Used,F,19,6.0
0,79.0,Used,F,19,6.0
0,7.58,Unused,F,19,6.0
0,14.69,Unused,F,19,6.0
0,73.17,Unused,F,19,6.0
0,15.19,Unused,F,19,6.0
0,7.97,Unused,F,19,6.0
0,395.0,Unused,F,19,6.0
0,298.0,Unused,F,19,6.0
1,25.98,Used,M,35,6.5
0,14.38,Used,M,35,6.5
0,15.94,Used,M,35,6.5
0,1.5,Used,M,35,6.5
0,238.0,Used,M,35,20.22
0,149.0,Used,M,35,6.5
0,60.3,Unused,M,35,6.5
0,56.98,Unused,M,35,15.75
0,59.95,Unused,M,35,6.5
0,79.49,Unused,M,35,6.5
0,68.98,Unused,M,35,6.5
0,238.0,Unused,M,35,6.5
0,119.0,Unused,M,35,6.5
0,22.93,Unused,M,35,6.5
0,1.99,Unused,M,35,6.5
1,6.99,Used,M,35,6.0
0,38.98,Unused,M,35,30.0
1,8.79,Used,M,35,6.0
0,51.16,Used,M,35,6.0
0,119.0,Used,M,35,6.0
0,3.99,Unused,M,35,6.0
0,19.99,Unused,M,35,6.0
0,12.79,Unused,M,35,6.0
0,13.29,Unused,M,35,6.0
0,79.0,Unused,M,35,6.0
0,149.0,Unused,M,35,6.0
0,81.39,Unused,M,35,6.0
0,149.0,Unused,M,35,6.0
1,25.98,Used,M,35,6.0
0,257.0,Used,M,35,6.0
0,49.98,Used,M,35,6.0
0,233.32,Unused,M,35,6.0
0,118.48,Unused,M,35,6.0
0,119.0,Unused,M,35,6.0
0,119.0,Unused,M,35,6.0
0,119.0,Unused,M,35,6.0
0,238.0,Unused,M,35,6.0
0,349.0,Unused,M,35,6.0
0,2.78,Unused,M,35,6.0
1,33.59,Used,M,6,6.5
0,67.18,Used,M,6,6.5
0,33.59,Used,M,6,6.0
0,67.18,Used,M,6,6.0
0,33.59,Used,M,6,6.0
0,33.59,Used,M,6,6.0
0,33.59,Used,M,6,6.0
0,33.59,Used,M,6,6.0
0,33.59,Used,M,6,6.0
0,135.95,Used,M,6,75.0
0,18.99,Used,M,6,6.0
0,37.98,Used,M,6,6.0
0,18.99,Used,M,6,6.0
0,119.0,Used,M,6,6.0
0,29.58,Used,M,6,6.0
0,18.99,Used,M,6,6.0
0,608.21,Unused,M,6,6.0
0,33.59,Unused,M,6,6.0
0,33.59,Unused,M,6,6.0
0,33.59,Unused,M,6,6.0
0,33.59,Unused,M,6,6.0
0,33.59,Unused,M,6,6.5
0,64.77,Unused,M,6,6.0
0,33.59,Unused,M,6,6.0
0,33.59,Unused,M,6,6.0
0,67.18,Unused,M,6,6.0
0,33.59,Unused,M,6,6.0
0,33.59,Unused,M,6,6.0
0,33.59,Unused,M,6,6.0
0,27.19,Unused,M,6,6.0
0,41.41,Unused,M,6,6.0
0,48.98,Unused,M,6,6.0
0,27.28,Unused,M,6,6.0
0,43.28,Unused,M,6,6.0
0,15.19,Unused,M,6,6.0
0,61.59,Unused,M,6,6.0
0,79.0,Unused,M,6,6.0
0,158.0,Unused,M,6,6.0
0,33.98,Unused,M,6,6.0
0,16.99,Unused,M,6,6.0
0,79.19,Unused,M,6,6.0
0,149.0,Unused,M,6,6.0
0,33.59,Unused,M,6,6.0
0,33.59,Unused,M,6,6.0
0,33.59,Unused,M,6,6.0
0,33.59,Unused,M,6,6.0
0,33.59,Unused,M,6,6.0
0,33.59,Unused,M,6,6.0
0,47.98,Unused,M,6,6.0
0,51.5,Unused,M,6,6.0
1,12.22,Unused,M,6,6.0
1,451.15,Used,F,7,16.86
0,70.0,Unused,F,7,16.86
0,56.0,Unused,F,7,16.86
1,42.0,Used,F,7,6.0
0,45.43,Unused,F,7,6.0
0,8.8,Unused,F,7,6.0
1,40.77,Used,F,3,6.0
0,199.0,Used,F,3,19.99
0,99.0,Used,F,3,6.0
0,57.36,Used,F,3,12.48
0,573.99,Used,F,3,12.99
0,119.0,Used,F,3,6.0
0,119.0,Used,F,3,6.0
0,238.0,Used,F,3,6.0
0,357.0,Used,F,3,6.0
0,357.0,Used,F,3,6.0
0,119.0,Used,F,3,6.0
0,238.0,Used,F,3,6.0
0,149.0,Used,F,3,6.0
0,79.0,Used,F,3,6.0
0,79.0,Used,F,3,6.0
0,27.5,Used,F,3,6.0
0,532.38,Unused,F,3,6.0
0,22.4,Unused,F,3,6.0
0,45.57,Unused,F,3,6.0
0,19.11,Unused,F,3,12.48
0,28.78,Unused,F,3,6.0
0,2.39,Unused,F,3,6.0
0,476.0,Unused,F,3,19.99
0,357.0,Unused,F,3,6.0
0,79.0,Unused,F,3,6.0
0,79.0,Unused,F,3,6.0
0,397.0,Unused,F,3,6.0
0,6.0,Unused,F,3,6.0
0,2.39,Unused,F,3,6.0
0,7.17,Unused,F,3,12.48
0,119.0,Unused,F,3,6.0
0,64.5,Unused,F,3,6.0
0,149.0,Unused,F,3,19.99
0,8.79,Used,F,3,6.0
0,99.0,Used,F,3,6.0
0,4.79,Used,F,3,12.91
0,1395.0,Used,F,3,12.91
0,119.0,Used,F,3,12.99
0,15.0,Used,F,3,6.0
0,298.0,Used,F,3,6.5
0,149.0,Used,F,3,6.0
0,149.0,Used,F,3,6.0
0,27.9,Unused,F,3,12.91
0,15.99,Unused,F,3,6.0
0,119.99,Unused,F,3,6.0
0,119.0,Unused,F,3,6.0
0,476.0,Unused,F,3,6.0
0,298.0,Unused,F,3,6.0
0,149.0,Unused,F,3,6.0
0,158.0,Unused,F,3,6.0
0,79.0,Unused,F,3,6.0
0,79.0,Unused,F,3,6.0
0,298.0,Unused,F,3,12.99
0,62.34,Unused,F,3,12.91
0,238.0,Unused,F,3,12.99
0,119.0,Unused,F,3,6.0
0,698.0,Unused,F,3,12.91
0,149.0,Unused,F,3,12.99
0,298.0,Unused,F,3,6.0
1,111.9,Used,F,5,59.16
0,359.7,Unused,F,5,28.69
0,17.59,Unused,F,5,6.5
0,44.76,Unused,F,5,59.16
0,10.39,Unused,F,5,6.5
1,49.58,Used,F,41,6.5
0,23.99,Used,F,41,11.1
0,149.0,Used,F,41,6.5
0,33.59,Unused,F,41,6.5
0,7.19,Unused,F,41,6.5
0,238.0,Unused,F,41,6.5
0,387.0,Unused,F,41,6.5
0,18.99,Unused,F,41,6.5
0,149.0,Unused,F,41,6.5
0,119.0,Unused,F,41,6.5
1,10.39,Used,F,41,6.5
0,36.0,Used,F,41,20.91
0,23.85,Used,F,41,19.94
0,238.0,Used,F,41,6.0
0,79.0,Used,F,41,6.0
0,359.6,Unused,F,41,20.91
0,431.7,Unused,F,41,19.94
0,4.8,Unused,F,41,24.49
0,238.0,Unused,F,41,6.0
0,45.57,Unused,F,41,6.5
0,149.0,Unused,F,41,6.0
0,95.8,Unused,F,41,20.91
0,15.19,Unused,F,41,6.5
1,3.08,Used,F,38,6.5
0,14.02,Used,F,38,6.5
0,153.71,Used,F,38,6.5
0,37.95,Unused,F,38,6.5
0,122.77,Unused,F,38,6.5
0,122.77,Unused,F,38,6.5
0,19.59,Unused,F,38,6.5
0,153.71,Unused,F,38,6.5
0,6.16,Unused,F,38,6.5
0,245.54,Unused,F,38,6.5
0,9.56,Used,F,38,18.47
1,342.12,Used,F,34,19.99
0,298.0,Used,F,34,6.0
0,626.39,Unused,F,34,19.99
0,44.98,Unused,F,34,6.0
0,149.0,Unused,F,34,6.0
0,344.8,Unused,F,34,19.99
0,357.0,Unused,F,34,6.0
1,20.7,Unused,M,20,6.0
0,119.0,Unused,M,20,6.0
0,9.51,Unused,M,20,6.0
0,7.0,Used,M,20,6.0
0,25.98,Used,M,20,6.0
0,528.59,Used,M,20,6.0
0,3.5,Unused,M,20,6.0
0,238.0,Unused,M,20,6.0
0,119.0,Unused,M,20,6.0
0,271.8,Unused,M,20,12.48
0,35.17,Unused,M,20,6.0
0,67.95,Unused,M,20,12.48
0,39.19,Unused,M,20,6.0
1,891.0,Used,F,24,12.99
0,10.5,Used,F,24,6.0
0,199.0,Used,F,24,6.0
0,99.0,Used,F,24,6.5
0,31.5,Unused,F,24,6.0
0,398.0,Unused,F,24,6.0
0,120.2,Unused,F,24,6.0
0,99.0,Unused,F,24,6.5
0,119.0,Unused,F,24,6.0
0,119.0,Unused,F,24,12.99
0,16.79,Unused,F,24,42.67
0,44.0,Unused,F,24,6.0
0,149.0,Unused,F,24,6.0
0,237.0,Unused,F,24,6.0
0,79.0,Unused,F,24,19.99
0,23.7,Unused,F,24,42.67
0,99.0,Unused,F,24,6.0
0,99.0,Unused,F,24,6.0
0,279.0,Unused,F,24,6.0
0,237.0,Unused,F,24,6.0
0,59.99,Unused,F,24,6.0
0,149.0,Unused,F,24,6.0
0,88.98,Used,F,24,6.0
0,608.18,Used,F,24,48.59
0,134.99,Used,F,24,6.0
0,238.0,Used,F,24,6.0
0,587.0,Used,F,24,6.0
0,476.0,Used,F,24,12.91
0,15.0,Used,F,24,6.0
0,149.0,Used,F,24,6.0
0,149.0,Used,F,24,6.0
0,237.0,Used,F,24,6.0
0,298.0,Used,F,24,6.5
0,168.5,Unused,F,24,6.0
0,1.2,Unused,F,24,6.0
0,255.2,Unused,F,24,6.0
0,1387.0,Unused,F,24,48.59
0,99.0,Unused,F,24,6.0
0,28.72,Unused,F,24,6.5
0,11.97,Unused,F,24,12.99
0,558.0,Unused,F,24,6.0
0,119.0,Unused,F,24,6.0
0,238.0,Unused,F,24,6.0
0,119.0,Unused,F,24,6.0
0,476.0,Unused,F,24,6.0
0,119.0,Unused,F,24,6.0
0,13.59,Unused,F,24,6.5
0,149.0,Unused,F,24,6.0
0,149.0,Unused,F,24,6.0
0,199.0,Unused,F,24,8.7
0,8.0,Unused,F,24,6.5
0,99.0,Unused,F,24,6.0
0,15.99,Unused,F,24,6.0
0,468.0,Unused,F,24,6.0
0,544.0,Unused,F,24,48.59
0,894.0,Unused,F,24,12.99
1,8.77,Used,F,42,6.0
0,17.59,Used,F,42,6.5
0,747.0,Used,F,42,6.0
0,95.8,Used,F,42,18.69
0,119.0,Used,F,42,6.0
0,119.0,Used,F,42,6.0
0,349.0,Used,F,42,6.0
0,544.0,Used,F,42,6.0
0,149.0,Used,F,42,6.0
0,298.0,Used,F,42,6.0
0,22.0,Used,F,42,6.0
0,15.15,Unused,F,42,6.0
0,615.8,Unused,F,42,18.69
0,61.95,Unused,F,42,6.0
0,99.0,Unused,F,42,6.0
0,18.38,Unused,F,42,6.0
0,23.95,Unused,F,42,22.71
0,665.0,Unused,F,42,6.0
0,238.0,Unused,F,42,6.0
0,30.0,Unused,F,42,6.5
0,307.0,Unused,F,42,6.0
0,158.0,Unused,F,42,6.0
0,158.0,Unused,F,42,6.0
0,298.0,Unused,F,42,6.0
0,32.78,Unused,F,42,6.0
0,30.6,Unused,F,42,6.0
0,119.0,Unused,F,42,6.0
0,198.0,Unused,F,42,6.0
0,19.8,Unused,F,42,6.0
0,149.0,Unused,F,42,6.0
1,153.71,Used,M,26,6.5
1,10.99,Used,M,45,6.0
0,3.99,Used,M,45,6.0
0,30.39,Used,M,45,6.0
0,238.0,Used,M,45,6.0
0,12.31,Used,M,45,12.99
0,149.0,Used,M,45,6.0
0,37.57,Unused,M,45,12.99
0,13.59,Unused,M,45,6.0
0,79.0,Unused,M,45,6.0
0,32.78,Unused,M,45,6.0
0,18.99,Unused,M,45,6.0
1,274.75,Used,M,45,6.0
0,26.0,Used,M,45,12.99
0,199.0,Used,M,45,6.0
0,119.0,Used,M,45,6.0
0,11.0,Used,M,45,6.0
0,40.77,Used,M,45,6.5
0,149.0,Used,M,45,6.5
0,56.39,Unused,M,45,6.0
0,13.19,Unused,M,45,12.99
0,8.79,Unused,M,45,6.0
0,29.9,Unused,M,45,6.0
0,74.75,Unused,M,45,6.0
0,279.0,Unused,M,45,6.0
0,158.0,Unused,M,45,19.99
0,2.8,Unused,M,45,12.99
0,1.59,Unused,M,45,6.0
0,595.0,Unused,M,45,6.5
1,28.78,Unused,M,40,19.99
1,8.88,Used,M,2,6.0
0,15.94,Used,M,2,6.5
0,45.8,Used,M,2,24.37
0,119.0,Used,M,2,6.0
0,238.0,Used,M,2,6.0
0,52.62,Used,M,2,6.0
0,62.77,Used,M,2,6.0
0,15.19,Used,M,2,6.0
0,149.0,Used,M,2,6.0
0,106.7,Unused,M,2,24.37
0,24.0,Unused,M,2,6.0
0,45.43,Unused,M,2,6.0
0,21.27,Unused,M,2,6.5
0,16.74,Unused,M,2,6.5
0,119.0,Unused,M,2,6.0
0,119.0,Unused,M,2,6.0
0,119.0,Unused,M,2,6.0
0,238.0,Unused,M,2,6.0
0,10.63,Unused,M,2,6.0
0,29.58,Unused,M,2,6.0
0,298.0,Unused,M,2,6.0
0,74.61,Unused,M,2,6.5
0,21.26,Unused,M,2,6.0
0,158.0,Unused,M,2,6.0
0,149.0,Unused,M,2,6.0
0,69.95,Unused,M,2,24.37
0,27.98,Unused,M,2,6.0
0,55.96,Unused,M,2,6.0
0,194.15,Used,M,2,6.0
0,32.78,Used,M,2,6.0
0,4.78,Used,M,2,6.0
0,50.95,Used,M,2,12.99
0,595.0,Used,M,2,6.0
0,79.0,Used,M,2,6.0
0,79.0,Used,M,2,6.0
0,11.0,Used,M,2,6.0
0,149.0,Used,M,2,6.0
0,149.0,Used,M,2,6.0
0,6.0,Unused,M,2,6.0
0,173.04,Unused,M,2,6.0
0,11.5,Unused,M,2,6.0
0,119.0,Unused,M,2,6.0
0,119.0,Unused,M,2,6.0
0,119.0,Unused,M,2,6.0
0,24.78,Unused,M,2,12.99
0,43.99,Unused,M,2,6.0
0,6.0,Unused,M,2,6.0
0,447.0,Unused,M,2,12.99
0,395.0,Unused,M,2,6.0
0,13.59,Unused,M,2,6.0
0,115.0,Unused,M,2,6.0
0,9.6,Unused,M,2,12.99
0,119.0,Unused,M,2,6.0
0,268.0,Unused,M,2,6.0
0,8.49,Unused,M,2,6.0
1,43.97,Used,M,40,6.0
0,3.99,Used,M,40,6.0
0,147.78,Used,M,40,13.38
0,29.58,Used,M,40,12.99
0,64.57,Unused,M,40,6.5
0,24.64,Unused,M,40,6.0
0,76.75,Unused,M,40,6.0
0,119.0,Unused,M,40,6.0
0,119.0,Unused,M,40,6.0
0,79.96,Unused,M,40,12.99
0,23.7,Unused,M,40,6.5
0,79.99,Unused,M,40,6.0
0,247.77,Unused,M,40,13.38
1,154.99,Used,M,50,6.0
0,219.75,Used,M,50,34.94
0,251.94,Used,M,50,14.96
0,149.0,Used,M,50,6.0
0,149.0,Used,M,50,6.0
0,22.45,Unused,M,50,6.0
0,83.55,Unused,M,50,6.0
0,99.77,Unused,M,50,34.94
0,7.98,Unused,M,50,6.0
0,15.99,Unused,M,50,12.99
0,119.0,Unused,M,50,6.0
0,238.0,Unused,M,50,6.0
0,335.92,Unused,M,50,14.96
0,27.18,Unused,M,50,6.0
0,377.91,Unused,M,50,14.96
1,8.24,Used,M,30,6.5
0,20.6,Unused,M,30,6.5
1,73.92,Used,M,30,6.0
0,31.13,Used,M,30,12.99
0,238.0,Used,M,30,12.99
0,238.0,Used,M,30,6.0
0,149.0,Used,M,30,6.0
0,149.0,Used,M,30,6.0
0,168.23,Unused,M,30,6.0
0,17.56,Unused,M,30,12.99
0,119.0,Unused,M,30,6.0
0,119.0,Unused,M,30,6.0
0,149.0,Unused,M,30,6.0
0,149.0,Unused,M,30,6.0
0,13.59,Unused,M,30,6.0
0,51.35,Unused,M,30,6.0
0,19.99,Unused,M,30,6.0
1,119.0,Unused,M,6,6.5
1,13.99,Unused,M,6,19.99
0,12.31,Used,M,6,6.0
0,119.0,Used,M,6,12.99
0,149.0,Unused,M,6,6.0
1,119.0,Used,M,6,6.0
0,7.6,Used,M,6,6.0
0,25.2,Unused,M,6,6.0
0,149.0,Unused,M,6,12.99
0,8.4,Unused,M,6,6.0
1,121.3,Unused,M,6,19.02
1,122.77,Used,F,45,6.5
0,122.77,Used,F,45,6.5
0,153.71,Used,F,45,6.5
0,37.94,Unused,F,45,6.5
0,245.54,Unused,F,45,6.5
0,245.54,Unused,F,45,6.5
0,245.54,Unused,F,45,6.5
0,15.67,Unused,F,45,6.5
0,19.59,Unused,F,45,6.5
0,4.94,Unused,F,45,6.5
0,19.59,Unused,F,45,6.5
1,255.55,Used,F,45,34.94
0,126.7,Unused,F,45,34.94
0,23.99,Unused,F,45,18.36
0,170.25,Unused,F,45,34.94
1,60.0,Used,F,35,59.16
0,31.35,Used,F,35,6.0
0,39.75,Used,F,35,12.91
0,21.26,Used,F,35,6.0
0,28.0,Used,F,35,6.0
0,199.0,Unused,F,35,6.0
0,359.7,Unused,F,35,59.16
0,11.95,Unused,F,35,6.0
0,9.12,Unused,F,35,6.0
0,149.0,Unused,F,35,6.0
0,28.71,Unused,F,35,12.91
0,149.0,Unused,F,35,6.0
1,7.2,Used,F,37,6.0
0,199.0,Used,F,37,19.99
0,3.19,Unused,F,37,6.0
0,16.79,Unused,F,37,6.0
0,79.0,Unused,F,37,6.0
0,238.0,Unused,F,37,6.0
0,237.0,Unused,F,37,6.0
0,79.0,Unused,F,37,6.0
1,659.64,Used,F,18,6.0
0,100.91,Used,F,18,6.5
0,100.91,Used,F,18,6.5
0,121.3,Used,F,18,12.99
0,242.6,Used,F,18,6.5
0,355.74,Used,F,18,6.5
0,80.52,Used,F,18,6.5
0,151.88,Used,F,18,6.5
0,406.98,Unused,F,18,6.0
0,107.58,Unused,F,18,6.5
0,9.94,Unused,F,18,6.0
0,20.38,Unused,F,18,6.0
0,711.48,Unused,F,18,6.5
0,303.76,Unused,F,18,6.5
0,706.36,Unused,F,18,6.5
0,241.56,Unused,F,18,6.5
0,80.52,Unused,F,18,6.5
0,151.88,Unused,F,18,6.5
0,20.38,Unused,F,18,6.0
0,151.88,Unused,F,18,12.99
1,22.92,Used,F,38,6.0
0,22.41,Used,F,38,6.0
0,303.76,Used,F,38,6.5
0,12.83,Unused,F,38,6.5
0,121.3,Unused,F,38,6.5
0,121.3,Unused,F,38,6.5
0,355.74,Unused,F,38,6.5
0,151.88,Unused,F,38,6.5
0,151.88,Unused,F,38,6.5
0,100.91,Unused,F,38,6.5
1,16.98,Used,M,5,6.0
0,2.39,Used,M,5,6.0
0,119.0,Used,M,5,6.0
0,119.0,Used,M,5,6.0
0,106.79,Used,M,5,12.99
0,35.7,Used,M,5,6.0
0,16.38,Unused,M,5,6.0
0,9.0,Unused,M,5,6.0
0,39.19,Unused,M,5,6.0
0,28.79,Unused,M,5,12.99
0,16.99,Unused,M,5,6.0
0,20.99,Unused,M,5,6.0
0,62.7,Unused,M,5,12.99
0,15.3,Unused,M,5,6.0
0,149.0,Unused,M,5,6.0
1,597.0,Used,M,5,12.99
0,149.0,Used,M,5,6.0
0,149.0,Used,M,5,6.0
0,289.49,Unused,M,5,12.48
0,31.96,Unused,M,5,6.0
0,27.97,Unused,M,5,6.5
0,198.0,Unused,M,5,6.0
0,119.0,Unused,M,5,6.0
0,119.0,Unused,M,5,6.0
0,119.0,Unused,M,5,6.0
0,183.95,Unused,M,5,12.48
0,149.0,Unused,M,5,6.0
1,69.99,Used,F,19,6.5
0,70.36,Used,F,19,6.5
0,71.9,Used,F,19,35.96
0,59.85,Used,F,19,6.5
0,49.85,Used,F,19,106.0
0,133.84,Used,F,19,6.5
0,238.0,Used,F,19,6.5
0,158.0,Used,F,19,6.5
0,149.0,Used,F,19,6.5
0,1199.85,Unused,F,19,134.74
0,47.8,Unused,F,19,35.96
0,249.7,Unused,F,19,106.0
0,107.86,Unused,F,19,6.5
0,17.59,Unused,F,19,6.5
0,149.0,Unused,F,19,6.5
0,167.8,Unused,F,19,35.96
0,79.8,Unused,F,19,6.5
0,47.8,Unused,F,19,6.5
0,557.69,Used,F,19,6.5
0,1.59,Used,F,19,6.5
0,24.99,Used,F,19,6.5
0,74.99,Used,F,19,6.5
0,33.59,Unused,F,19,6.5
0,8.39,Unused,F,19,6.5
0,701.71,Unused,F,19,6.5
0,61.98,Unused,F,19,6.5
0,119.0,Unused,F,19,6.5
0,149.0,Unused,F,19,6.5
1,15.98,Used,F,19,6.0
0,20.79,Used,F,19,6.0
0,4.8,Used,F,19,6.0
0,149.0,Used,F,19,6.0
0,68.77,Unused,F,19,6.0
0,16.16,Unused,F,19,6.0
0,31.36,Unused,F,19,6.0
0,4.56,Unused,F,19,6.0
0,119.0,Unused,F,19,6.0
0,94.48,Unused,F,19,6.0
0,20.99,Unused,F,19,6.0
0,149.0,Unused,F,19,6.0
0,2.39,Unused,F,19,6.0
0,27.19,Unused,F,19,6.0
0,79.0,Unused,F,19,6.0
1,279.0,Used,F,19,6.0
0,349.0,Used,F,19,6.0
0,349.0,Used,F,19,6.0
0,23.76,Used,F,19,6.5
0,58.11,Unused,F,19,6.0
0,10.63,Unused,F,19,6.0
0,13.29,Unused,F,19,6.0
0,3.98,Unused,F,19,6.0
0,279.0,Unused,F,19,6.0
0,238.0,Unused,F,19,6.0
0,4.08,Unused,F,19,6.5
0,349.0,Unused,F,19,6.0
0,349.0,Unused,F,19,6.0
0,349.0,Unused,F,19,6.0
0,349.0,Unused,F,19,6.0
0,149.0,Unused,F,19,6.0
0,15.19,Unused,F,19,6.0
1,677.0,Used,F,19,6.5
0,238.0,Used,F,19,6.5
0,149.0,Used,F,19,6.5
0,0.8,Unused,F,19,6.5
0,311.7,Unused,F,19,166.18
0,119.0,Unused,F,19,6.5
0,498.0,Unused,F,19,6.5
0,946.0,Unused,F,19,6.5
1,31.17,Used,F,18,6.0
0,30.87,Used,F,18,6.0
0,45.76,Unused,F,18,6.0
0,13.59,Unused,F,18,6.0
0,13.59,Unused,F,18,6.0
1,43.57,Used,F,18,6.0
0,237.0,Used,F,18,6.0
0,119.0,Unused,F,18,6.0
0,349.0,Unused,F,18,6.0
1,18.39,Used,F,37,6.5
0,198.0,Used,F,37,6.5
0,139.65,Unused,F,37,28.78
0,35.98,Unused,F,37,6.5
0,119.0,Unused,F,37,6.5
0,119.0,Unused,F,37,6.5
0,119.0,Unused,F,37,6.5
0,119.0,Unused,F,37,6.5
0,119.0,Unused,F,37,6.5
0,59.99,Unused,F,37,6.5
0,149.0,Unused,F,37,6.5
0,119.0,Unused,F,37,6.5
0,79.0,Unused,F,37,6.5
0,149.0,Unused,F,37,6.5
0,3.19,Used,F,37,6.5
0,8.79,Used,F,37,20.78
0,119.0,Used,F,37,6.5
0,79.0,Used,F,37,6.5
0,16.99,Used,F,37,6.5
0,149.0,Used,F,37,6.5
0,4.98,Unused,F,37,6.5
0,30.38,Unused,F,37,6.5
0,19.19,Unused,F,37,20.0
0,40.97,Unused,F,37,6.5
0,30.39,Unused,F,37,6.5
0,119.0,Unused,F,37,6.5
0,149.0,Unused,F,37,6.5
0,13.59,Unused,F,37,18.65
0,27.99,Unused,F,37,20.78
1,25.0,Used,M,39,0.0
0,15.9,Used,M,39,16.86
0,35.81,Used,M,39,6.0
0,237.0,Used,M,39,6.0
0,7.98,Unused,M,39,6.0
0,50.0,Unused,M,39,0.0
0,22.33,Unused,M,39,6.5
0,37.01,Unused,M,39,6.0
0,491.65,Unused,M,39,16.86
0,109.72,Unused,M,39,6.0
0,149.0,Unused,M,39,6.0
0,149.0,Unused,M,39,6.0
0,59.7,Unused,M,39,50.0
0,19.19,Unused,M,39,6.0
0,16.73,Unused,M,39,6.5
0,34.13,Unused,M,39,6.0
0,149.0,Unused,M,39,6.0
1,119.0,Used,M,40,6.0
0,79.0,Used,M,40,6.0
0,119.0,Unused,M,40,6.0
0,7.99,Used,M,40,6.0
0,17.2,Used,M,40,6.0
0,311.7,Used,M,40,55.73
0,39.96,Used,M,40,6.0
0,14.38,Used,M,40,6.0
0,15.9,Used,M,40,19.99
0,30.39,Used,M,40,6.5
0,19.99,Used,M,40,6.0
0,30.28,Used,M,40,6.0
0,119.0,Used,M,40,6.0
0,119.0,Used,M,40,6.0
0,154.37,Used,M,40,6.0
0,149.0,Used,M,40,6.0
0,167.4,Unused,M,40,55.73
0,33.59,Unused,M,40,6.0
0,41.99,Unused,M,40,6.0
0,33.59,Unused,M,40,6.0
0,28.78,Unused,M,40,12.99
0,21.95,Unused,M,40,6.0
0,11.75,Unused,M,40,6.0
0,60.78,Unused,M,40,6.0
0,19.99,Unused,M,40,6.0
0,19.99,Unused,M,40,6.0
0,8.38,Unused,M,40,6.0
0,13.59,Unused,M,40,6.5
0,119.0,Unused,M,40,6.0
0,119.0,Unused,M,40,6.0
0,228.0,Unused,M,40,6.0
0,149.0,Unused,M,40,6.0
0,149.0,Unused,M,40,6.0
0,15.19,Unused,M,40,6.0
0,3.99,Unused,M,40,6.0
0,19.19,Unused,M,40,6.5
0,7.95,Unused,M,40,6.0
0,30.39,Unused,M,40,6.0
0,238.0,Unused,M,40,6.0
0,19.99,Unused,M,40,6.0
0,15.99,Unused,M,40,6.0
1,15.46,Used,M,40,6.0
0,99.0,Used,M,40,6.0
0,13.98,Used,M,40,6.0
0,279.0,Used,M,40,6.0
0,238.0,Used,M,40,6.0
0,119.0,Used,M,40,6.0
0,119.0,Used,M,40,6.0
0,119.0,Used,M,40,6.0
0,158.0,Used,M,40,6.0
0,149.0,Used,M,40,6.0
0,9.5,Unused,M,40,6.0
0,99.0,Unused,M,40,6.0
0,99.0,Unused,M,40,6.0
0,99.0,Unused,M,40,6.0
0,198.0,Unused,M,40,6.0
0,407.15,Unused,M,40,77.22
0,119.0,Unused,M,40,6.0
0,468.0,Unused,M,40,6.0
0,149.0,Unused,M,40,6.0
0,228.0,Unused,M,40,6.0
0,79.0,Unused,M,40,6.0
0,349.0,Unused,M,40,6.0
0,199.0,Used,M,40,12.99
0,628.0,Unused,M,40,6.0
0,119.0,Unused,M,40,12.99
0,149.0,Unused,M,40,6.0
0,41.59,Unused,M,40,6.0
1,3.5,Used,M,19,6.0
0,22.4,Used,M,19,6.0
0,640.45,Used,M,19,28.21
0,2.99,Used,M,19,6.0
0,18.99,Used,M,19,19.99
0,3.5,Unused,M,19,6.0
0,11.2,Unused,M,19,6.0
0,797.3,Unused,M,19,28.21
0,58.38,Unused,M,19,6.0
0,19.99,Unused,M,19,6.0
0,47.27,Unused,M,19,6.0
0,119.0,Unused,M,19,6.0
0,11.2,Unused,M,19,6.0
0,15.39,Unused,M,19,6.0
1,23.57,Used,M,19,6.0
0,1499.0,Used,M,19,6.0
0,5.7,Used,M,19,6.0
0,5.7,Used,M,19,6.0
0,18.15,Used,M,19,6.0
0,298.0,Used,M,19,6.0
0,15.41,Unused,M,19,6.0
0,10.99,Unused,M,19,6.0
0,398.0,Unused,M,19,12.99
0,26.38,Unused,M,19,6.0
0,6.0,Unused,M,19,6.0
0,4.56,Unused,M,19,6.0
0,45.57,Unused,M,19,6.0
0,3.19,Unused,M,19,6.0
0,5.7,Unused,M,19,6.0
0,16.99,Unused,M,19,6.0
1,119.0,Used,F,5,6.0
0,23.99,Used,F,5,6.0
0,386.0,Unused,F,5,6.0
0,149.0,Unused,F,5,6.0
0,119.0,Unused,F,5,6.0
0,395.0,Unused,F,5,6.0
0,11.19,Used,F,5,6.0
0,79.19,Used,F,5,12.99
0,238.0,Used,F,5,6.0
0,399.5,Unused,F,5,14.85
0,24.22,Unused,F,5,6.0
0,238.0,Unused,F,5,6.0
0,67.19,Unused,F,5,6.0
0,149.0,Unused,F,5,6.0
1,16.0,Used,F,5,6.0
0,8.0,Unused,F,5,6.0
1,153.71,Used,M,9,6.5
0,153.71,Used,M,9,6.5
0,11.34,Unused,M,9,6.5
0,12.32,Unused,M,9,6.5
0,122.77,Unused,M,9,6.5
0,204.27,Unused,M,9,6.5
0,153.71,Unused,M,9,6.5
0,245.54,Unused,M,9,6.5
0,368.31,Unused,M,9,6.5
0,153.71,Unused,M,9,6.5
1,14.0,Unused,M,9,12.48
1,5.6,Used,M,20,6.0
0,18.99,Used,M,20,12.99
0,16.99,Used,M,20,6.0
0,11.75,Used,M,20,6.0
0,92.78,Used,M,20,6.0
0,13.59,Used,M,20,6.0
0,2.99,Used,M,20,6.0
0,237.0,Used,M,20,6.0
0,2.8,Unused,M,20,6.0
0,68.61,Unused,M,20,6.0
0,104.94,Unused,M,20,12.99
0,1.99,Unused,M,20,6.0
0,71.42,Unused,M,20,6.0
0,46.44,Unused,M,20,6.0
0,119.0,Unused,M,20,6.0
0,13.59,Unused,M,20,6.0
0,16.99,Unused,M,20,6.0
0,1.99,Unused,M,20,6.0
0,58.98,Unused,M,20,12.99
0,30.39,Unused,M,20,6.0
0,119.0,Unused,M,20,6.0
0,119.0,Unused,M,20,6.0
0,119.0,Unused,M,20,6.0
1,6.0,Used,F,45,6.0
0,4.8,Used,F,45,6.0
0,4.78,Used,F,45,6.0
0,15.99,Used,F,45,6.0
0,119.0,Used,F,45,6.5
0,238.0,Used,F,45,6.0
0,119.0,Used,F,45,6.0
0,349.0,Used,F,45,6.0
0,349.0,Used,F,45,6.0
0,349.0,Used,F,45,6.0
0,682.99,Unused,F,45,6.0
0,199.0,Unused,F,45,6.0
0,4.8,Unused,F,45,6.0
0,9.58,Unused,F,45,6.0
0,99.0,Unused,F,45,6.0
0,99.0,Unused,F,45,6.0
0,99.0,Unused,F,45,6.0
0,119.0,Unused,F,45,6.0
0,349.0,Unused,F,45,6.0
0,3.8,Unused,F,45,6.0
0,149.0,Unused,F,45,6.0
0,15.99,Unused,F,45,6.0
0,298.0,Unused,F,45,6.0
0,149.0,Unused,F,45,6.0
0,21.0,Unused,F,45,6.0
0,30.0,Unused,F,45,6.0
0,15.19,Unused,F,45,6.0
0,478.0,Used,F,45,6.0
0,10.0,Used,F,45,6.0
0,47.8,Used,F,45,6.5
0,119.0,Used,F,45,6.0
0,44.97,Unused,F,45,6.0
0,85.58,Unused,F,45,6.0
0,149.0,Unused,F,45,8.7
0,2.99,Unused,F,45,6.0
0,29.0,Unused,F,45,6.0
0,199.0,Unused,F,45,8.7
0,3.0,Unused,F,45,6.0
1,1.25,Used,F,46,6.0
0,20.54,Unused,F,46,6.0
1,17.94,Unused,F,46,6.0
0,13.2,Unused,F,46,6.0
0,23.1,Unused,F,46,6.0
0,10.5,Used,F,46,6.0
0,15.0,Unused,F,46,6.0
1,12.99,Unused,F,46,6.0
1,51.57,Used,M,48,6.5
0,79.0,Used,M,48,6.5
0,0.99,Unused,M,48,20.0
0,52.75,Unused,M,48,6.5
0,59.97,Unused,M,48,6.5
0,18.99,Unused,M,48,6.5
0,238.0,Unused,M,48,6.5
1,17.98,Used,F,35,6.0
0,79.99,Used,F,35,6.0
0,30.78,Used,F,35,6.0
0,29.95,Used,F,35,6.0
0,357.0,Used,F,35,6.0
0,349.0,Used,F,35,6.0
0,349.0,Used,F,35,6.0
0,79.0,Used,F,35,6.0
0,149.0,Used,F,35,6.0
0,436.0,Unused,F,35,6.0
0,2.99,Unused,F,35,6.0
0,11.1,Unused,F,35,6.0
0,42.45,Unused,F,35,6.0
0,395.0,Unused,F,35,6.0
0,79.0,Unused,F,35,6.0
0,5.5,Unused,F,35,6.0
0,11.97,Used,F,35,6.0
0,198.0,Used,F,35,6.0
0,152.99,Used,F,35,6.0
0,119.0,Used,F,35,6.0
0,395.0,Used,F,35,6.0
0,71.7,Unused,F,35,6.0
0,124.56,Unused,F,35,12.91
0,133.11,Unused,F,35,6.0
0,1209.0,Unused,F,35,6.0
0,11.98,Unused,F,35,6.0
0,77.0,Unused,F,35,6.0
0,130.6,Unused,F,35,6.0
0,119.0,Unused,F,35,6.0
0,119.0,Unused,F,35,6.0
0,149.0,Unused,F,35,6.0
0,237.0,Unused,F,35,6.0
0,149.0,Unused,F,35,6.0
0,22.89,Unused,F,35,6.0
0,6.32,Unused,F,35,6.0
0,6.0,Unused,F,35,6.0
0,18.99,Unused,F,35,6.0
0,13.98,Unused,F,35,6.0
0,13.99,Unused,F,35,6.0
0,79.0,Unused,F,35,6.0
1,18.99,Used,F,28,6.0
0,2.99,Used,F,28,6.0
0,119.0,Used,F,28,12.99
0,149.0,Used,F,28,6.0
0,149.0,Used,F,28,6.0
0,119.0,Unused,F,28,12.99
0,119.0,Unused,F,28,6.0
0,158.0,Unused,F,28,6.0
0,316.0,Unused,F,28,6.0
1,341.89,Used,F,28,12.91
0,35.0,Used,F,28,6.0
0,24.0,Used,F,28,23.17
0,2.39,Used,F,28,6.0
0,39.5,Unused,F,28,23.17
0,15.8,Unused,F,28,6.5
0,59.29,Unused,F,28,6.0
0,199.0,Unused,F,28,6.0
0,1.59,Unused,F,28,6.0
0,14.69,Unused,F,28,6.0
0,2.39,Unused,F,28,12.91
0,149.0,Unused,F,28,6.0
0,5.0,Unused,F,28,6.0
0,47.8,Unused,F,28,6.5
0,26.54,Unused,F,28,6.0
0,255.8,Unused,F,28,23.17
1,24.99,Used,M,47,6.5
0,44.95,Unused,M,47,6.5
0,238.0,Unused,M,47,6.5
0,24.95,Unused,M,47,6.5
1,16.99,Used,M,47,6.0
0,10.99,Unused,M,47,6.0
0,19.19,Unused,M,47,6.5
0,99.99,Unused,M,47,6.0
0,476.0,Unused,M,47,6.0
0,149.0,Unused,M,47,6.0
0,237.0,Unused,M,47,6.0
1,238.0,Used,M,47,6.0
0,149.0,Used,M,47,6.0
1,11.4,Unused,M,47,6.0
0,12.79,Unused,M,47,6.0
1,151.88,Used,M,47,6.5
1,44.34,Used,M,42,6.5
0,45.31,Used,M,42,6.5
0,245.54,Used,M,42,6.5
0,40.2,Unused,M,42,6.5
0,187.5,Unused,M,42,6.5
0,122.77,Unused,M,42,6.5
0,205.3,Unused,M,42,6.5
0,28.86,Unused,M,42,6.5
0,256.88,Unused,M,42,6.5
0,18.54,Unused,M,42,6.5
0,82.48,Unused,M,42,50.0
0,25.78,Unused,M,42,6.5
0,35.06,Unused,M,42,6.5
1,241.61,Used,M,27,6.0
0,207.92,Used,M,27,15.37
0,1495.0,Unused,M,27,12.99
0,136.71,Unused,M,27,6.0
0,45.49,Unused,M,27,6.0
1,303.76,Used,M,27,6.5
0,43.19,Unused,M,27,6.5
0,355.74,Unused,M,27,12.99
0,80.52,Unused,M,27,6.5
0,151.88,Unused,M,27,6.5
0,151.88,Unused,M,27,6.5
1,17.93,Used,F,17,6.5
0,51.35,Used,F,17,6.5
0,100.91,Used,F,17,6.5
0,2.44,Used,F,17,6.5
0,100.91,Unused,F,17,6.5
0,3.24,Unused,F,17,6.5
0,42.39,Unused,F,17,6.5
0,121.3,Unused,F,17,6.5
0,151.88,Unused,F,17,6.5
0,10.17,Unused,F,17,6.0
0,1.62,Unused,F,17,6.5
1,79.99,Used,F,42,6.0
0,79.99,Used,F,42,6.5
0,238.0,Used,F,42,6.0
0,238.0,Used,F,42,6.0
0,15.99,Used,F,42,6.0
0,149.0,Used,F,42,6.0
0,395.0,Used,F,42,12.99
0,149.0,Used,F,42,6.0
0,30.37,Unused,F,42,6.0
0,59.0,Unused,F,42,6.0
0,268.0,Unused,F,42,6.0
0,19.99,Unused,F,42,6.0
0,217.38,Unused,F,42,6.0
0,149.0,Unused,F,42,6.0
0,14.38,Unused,F,42,6.0
0,238.0,Unused,F,42,6.0
0,59.99,Unused,F,42,12.99
0,11.19,Unused,F,42,6.0
0,149.0,Unused,F,42,12.99
1,25.0,Used,F,42,0.0
0,10.63,Used,F,42,6.0
0,317.0,Used,F,42,6.0
0,119.0,Used,F,42,6.0
0,15.19,Used,F,42,6.5
0,15.19,Used,F,42,6.5
0,149.0,Used,F,42,6.0
0,149.0,Used,F,42,6.0
0,71.65,Unused,F,42,12.91
0,41.57,Unused,F,42,12.48
0,149.0,Unused,F,42,6.0
0,149.0,Unused,F,42,6.0
0,10.39,Unused,F,42,6.0
0,71.95,Unused,F,42,12.48
1,3.19,Used,F,42,6.0
0,199.0,Used,F,42,6.0
0,39.8,Used,F,42,12.99
0,12.99,Used,F,42,20.0
0,8.09,Used,F,42,6.0
0,11.95,Used,F,42,12.99
0,111.86,Used,F,42,34.16
0,119.0,Used,F,42,6.0
0,29.58,Used,F,42,6.0
0,149.0,Used,F,42,6.0
0,3.99,Unused,F,42,20.0
0,15.93,Unused,F,42,12.99
0,99.0,Unused,F,42,6.0
0,99.0,Unused,F,42,6.0
0,198.0,Unused,F,42,6.0
0,297.0,Unused,F,42,6.0
0,99.0,Unused,F,42,6.0
0,99.0,Unused,F,42,6.0
0,119.8,Unused,F,42,12.99
0,115.92,Unused,F,42,34.16
0,119.0,Unused,F,42,6.0
0,119.0,Unused,F,42,6.0
0,119.0,Unused,F,42,6.0
0,149.0,Unused,F,42,6.0
0,79.0,Unused,F,42,6.0
0,149.0,Unused,F,42,6.0
0,149.0,Unused,F,42,6.0
0,495.0,Unused,F,42,6.0
0,5.99,Unused,F,42,20.0
0,237.0,Unused,F,42,6.0
1,1.99,Used,F,40,6.0
0,1.99,Used,F,40,6.0
0,119.0,Used,F,40,6.0
0,238.0,Used,F,40,6.0
0,15.99,Used,F,40,6.0
0,15.99,Used,F,40,6.0
0,10.99,Unused,F,40,6.0
0,140.72,Unused,F,40,12.99
0,236.66,Unused,F,40,26.43
0,143.96,Unused,F,40,6.0
0,119.0,Unused,F,40,6.0
0,119.0,Unused,F,40,12.99
0,55.43,Unused,F,40,6.0
0,395.0,Unused,F,40,6.0
0,298.0,Unused,F,40,6.0
0,149.0,Unused,F,40,6.0
0,149.0,Unused,F,40,6.0
0,140.72,Unused,F,40,12.99
0,5.59,Unused,F,40,6.0
0,119.0,Unused,F,40,6.0
0,119.0,Unused,F,40,6.0
0,24.99,Unused,F,40,6.0
0,30.39,Used,F,40,6.0
0,13.29,Used,F,40,6.0
0,119.0,Unused,F,40,6.0
0,506.0,Unused,F,40,8.7
0,16.99,Unused,F,40,6.0
1,3.19,Used,F,4,6.5
0,2.39,Used,F,4,20.0
0,16.98,Used,F,4,6.5
0,16.5,Used,F,4,6.5
0,51.08,Used,F,4,15.72
0,287.4,Used,F,4,45.5
0,119.0,Used,F,4,6.5
0,119.0,Used,F,4,6.5
0,12.31,Used,F,4,6.5
0,237.0,Used,F,4,6.5
0,12.31,Used,F,4,6.5
0,149.0,Used,F,4,6.5
0,2.8,Unused,F,4,6.5
0,163.95,Unused,F,4,45.5
0,219.75,Unused,F,4,15.72
0,1.99,Unused,F,4,6.5
0,3.98,Unused,F,4,6.5
0,27.82,Unused,F,4,6.5
0,15.18,Unused,F,4,6.5
0,119.0,Unused,F,4,6.5
0,17.59,Unused,F,4,20.0
0,149.0,Unused,F,4,6.5
0,15.19,Unused,F,4,6.5
0,7.19,Used,F,4,6.5
1,12.88,Used,M,16,6.5
0,245.54,Used,M,16,6.5
0,16.5,Used,M,16,6.5
0,45.82,Unused,M,16,6.5
0,17.01,Unused,M,16,6.5
0,163.0,Unused,M,16,6.5
0,6.15,Unused,M,16,6.5
1,1.2,Unused,M,16,6.0
1,86.4,Used,M,16,44.22
0,4.08,Used,M,16,6.0
0,149.0,Used,M,16,6.0
0,4.56,Unused,M,16,44.22
0,42.16,Unused,M,16,6.0
0,447.0,Unused,M,16,6.0
0,44.79,Unused,M,16,6.0
0,19.99,Unused,M,16,6.0
0,22.8,Unused,M,16,44.22
1,16.18,Used,M,16,6.5
0,23.9,Used,M,16,56.32
0,238.0,Used,M,16,6.5
0,149.0,Used,M,16,12.99
0,47.9,Unused,M,16,56.32
0,6.8,Unused,M,16,6.5
0,277.0,Unused,M,16,6.5
1,13.59,Used,M,6,6.0
0,4.5,Unused,M,6,6.0
0,16.99,Unused,M,6,6.0
0,79.0,Unused,M,6,6.0
0,15.0,Unused,M,6,6.0
0,8.0,Unused,M,6,6.5
1,18.38,Used,F,48,6.5
0,17.5,Used,F,48,6.5
0,3.5,Used,F,48,6.5
0,159.6,Used,F,48,18.47
0,7.17,Unused,F,48,6.5
0,35.0,Unused,F,48,6.5
0,3.5,Unused,F,48,6.5
0,7.95,Unused,F,48,18.47
0,391.93,Unused,F,48,175.14
0,6.99,Unused,F,48,6.5
0,238.0,Unused,F,48,6.5
0,19.99,Unused,F,48,6.5
0,149.0,Unused,F,48,6.5
0,9.95,Unused,F,48,6.5
0,14.85,Unused,F,48,6.5
0,183.91,Unused,F,48,175.14
0,119.0,Unused,F,48,6.5
0,119.0,Unused,F,48,18.47
0,298.0,Unused,F,48,6.5
1,31.88,Used,F,48,6.5
0,47.98,Used,F,48,6.0
0,28.3,Used,F,48,6.0
0,40.77,Used,F,48,22.71
0,149.0,Used,F,48,6.0
0,149.0,Used,F,48,6.0
0,43.08,Unused,F,48,6.5
0,81.57,Unused,F,48,6.5
0,135.96,Unused,F,48,6.0
0,15.95,Unused,F,48,6.5
0,10.63,Unused,F,48,6.0
0,54.36,Unused,F,48,22.71
0,149.0,Unused,F,48,6.0
0,30.39,Unused,F,48,6.5
0,13.59,Unused,F,48,22.71
1,81.79,Used,F,48,6.0
0,63.96,Used,F,48,6.0
0,44.79,Used,F,48,6.0
0,73.17,Used,F,48,6.0
0,119.0,Used,F,48,12.99
0,119.0,Used,F,48,6.0
0,119.0,Used,F,48,6.0
0,6.8,Used,F,48,6.0
0,59.99,Used,F,48,6.0
0,149.0,Used,F,48,6.0
0,298.0,Used,F,48,6.0
0,34.95,Unused,F,48,6.0
0,10.63,Unused,F,48,6.0
0,333.54,Unused,F,48,6.0
0,10.39,Unused,F,48,6.0
0,14.99,Unused,F,48,12.99
0,66.85,Unused,F,48,6.0
0,20.79,Unused,F,48,6.0
0,119.0,Unused,F,48,6.0
0,238.0,Unused,F,48,6.0
0,48.08,Unused,F,48,6.0
0,149.0,Unused,F,48,6.0
0,14.63,Unused,F,48,6.0
0,143.17,Unused,F,48,6.0
0,277.0,Unused,F,48,6.0
0,15.99,Unused,F,48,6.0
0,13.59,Unused,F,48,6.0
0,16.99,Unused,F,48,6.0
0,149.0,Unused,F,48,6.0
1,131.35,Used,F,48,6.0
0,89.7,Used,F,48,19.99
0,99.55,Used,F,48,12.48
0,39.98,Used,F,48,6.0
0,98.19,Used,F,48,6.0
0,119.0,Used,F,48,6.0
0,15.99,Used,F,48,6.0
0,398.0,Unused,F,48,6.0
0,19.2,Unused,F,48,6.0
0,44.79,Unused,F,48,6.0
0,89.7,Unused,F,48,19.99
0,29.94,Unused,F,48,6.0
0,29.58,Unused,F,48,12.48
0,21.49,Unused,F,48,6.0
0,119.0,Unused,F,48,6.0
0,19.99,Unused,F,48,6.0
0,149.0,Unused,F,48,6.0
0,149.0,Unused,F,48,12.99
0,119.4,Unused,F,48,19.99
0,9.95,Unused,F,48,12.99
0,54.85,Unused,F,48,6.0
0,26.0,Unused,F,48,12.48
0,33.0,Unused,F,48,6.0
1,79.99,Used,M,17,6.0
0,16.99,Used,M,17,6.0
0,20.99,Used,M,17,6.0
0,3.5,Unused,M,17,6.0
0,10.63,Unused,M,17,6.0
0,238.0,Unused,M,17,6.0
0,298.0,Used,M,17,8.7
0,119.0,Used,M,17,6.0
0,34.38,Used,M,17,6.0
0,15.39,Used,M,17,6.0
0,149.0,Used,M,17,6.0
0,28.68,Unused,M,17,6.0
0,119.0,Unused,M,17,6.0
0,268.0,Unused,M,17,6.0
0,119.0,Unused,M,17,6.0
0,119.0,Unused,M,17,6.0
0,119.0,Unused,M,17,12.99
0,79.0,Unused,M,17,6.0
0,13.59,Unused,M,17,12.99
0,149.0,Unused,M,17,6.0
0,36.39,Unused,M,17,6.0
1,19.19,Used,F,24,6.0
0,71.41,Used,F,24,6.0
0,31.98,Used,F,24,6.0
0,79.8,Used,F,24,6.0
0,19.99,Used,F,24,6.0
0,119.0,Used,F,24,6.0
0,119.0,Used,F,24,6.0
0,238.0,Used,F,24,12.0
0,238.0,Used,F,24,6.0
0,19.99,Used,F,24,6.0
0,59.99,Used,F,24,6.0
0,596.0,Used,F,24,12.99
0,79.0,Used,F,24,6.0
0,79.0,Used,F,24,6.0
0,149.0,Used,F,24,6.0
0,638.0,Unused,F,24,75.74
0,7.98,Unused,F,24,12.0
0,3.5,Unused,F,24,6.0
0,20.78,Unused,F,24,6.0
0,42.21,Unused,F,24,6.0
0,37.58,Unused,F,24,6.0
0,27.18,Unused,F,24,6.0
0,238.0,Unused,F,24,6.0
0,119.0,Unused,F,24,6.0
0,119.0,Unused,F,24,6.0
0,119.0,Unused,F,24,6.0
0,238.0,Unused,F,24,12.99
0,119.0,Unused,F,24,6.0
0,238.0,Unused,F,24,12.99
0,119.0,Unused,F,24,6.0
0,347.0,Unused,F,24,6.0
0,13.59,Unused,F,24,6.0
0,15.99,Unused,F,24,6.0
0,11.19,Unused,F,24,6.0
0,79.0,Unused,F,24,6.0
0,16.99,Unused,F,24,6.0
0,149.0,Unused,F,24,6.0
0,31.92,Unused,F,24,6.0
0,19.18,Unused,F,24,6.0
0,119.0,Unused,F,24,6.0
0,119.0,Unused,F,24,6.0
0,13.59,Unused,F,24,6.0
0,15.19,Unused,F,24,6.0
0,149.0,Unused,F,24,6.0
0,55.98,Used,F,24,6.0
0,2.99,Used,F,24,6.0
0,238.0,Used,F,24,6.0
0,390.85,Unused,F,24,6.0
0,27.19,Unused,F,24,14.41
0,119.0,Unused,F,24,6.0
0,395.0,Unused,F,24,6.0
0,274.75,Unused,F,24,6.0
0,30.39,Unused,F,24,14.41
0,3.99,Unused,F,24,6.0
0,119.0,Unused,F,24,12.99
1,71.72,Used,M,39,12.99
0,99.9,Used,M,39,6.5
0,29.76,Used,M,39,6.5
0,37.49,Used,M,39,12.99
0,121.3,Used,M,39,6.5
0,363.9,Used,M,39,6.5
0,355.74,Used,M,39,6.5
0,151.88,Used,M,39,12.99
0,151.88,Used,M,39,6.5
0,73.34,Unused,M,39,12.99
0,17.93,Unused,M,39,12.99
0,558.58,Unused,M,39,6.5
0,405.68,Unused,M,39,12.99
0,100.91,Unused,M,39,12.99
0,201.82,Unused,M,39,12.99
0,84.58,Unused,M,39,6.0
0,39.12,Unused,M,39,6.5
0,242.6,Unused,M,39,6.5
0,242.6,Unused,M,39,6.5
0,363.9,Unused,M,39,12.99
0,121.3,Unused,M,39,6.5
0,355.74,Unused,M,39,6.5
0,151.88,Unused,M,39,12.99
0,17.93,Unused,M,39,12.99
0,202.84,Unused,M,39,6.5
0,10.18,Unused,M,39,6.0
0,151.88,Unused,M,39,6.5
0,151.88,Unused,M,39,6.5
1,50.0,Used,F,28,6.0
0,204.65,Unused,F,28,6.0
0,149.0,Unused,F,28,6.0
0,149.0,Unused,F,28,6.0
1,73.88,Used,F,15,12.91
0,13.59,Used,F,15,12.99
0,59.94,Unused,F,15,12.91
0,46.37,Unused,F,15,6.0
0,44.77,Unused,F,15,12.99
0,238.0,Unused,F,15,12.99
0,15.99,Unused,F,15,12.99
1,14.37,Used,F,48,6.5
0,357.0,Used,F,48,6.5
0,1.2,Unused,F,48,6.5
0,417.0,Unused,F,48,6.5
0,119.0,Unused,F,48,6.5
0,16.99,Unused,F,48,6.5
0,79.0,Unused,F,48,6.5
0,149.0,Unused,F,48,6.5
0,2.39,Unused,F,48,6.5
0,238.0,Unused,F,48,6.5
0,119.0,Unused,F,48,6.5
0,2870.0,Used,F,48,6.5
0,44.79,Used,F,48,41.3
0,23.98,Used,F,48,6.5
0,20.48,Unused,F,48,6.5
0,44.79,Unused,F,48,6.5
0,191.9,Unused,F,48,41.3
0,103.9,Unused,F,48,41.3
1,153.71,Unused,F,21,6.5
1,33.96,Used,M,41,6.0
0,10.97,Used,M,41,6.0
0,104.48,Used,M,41,6.0
0,15.19,Used,M,41,19.99
0,26.62,Used,M,41,6.0
0,47.58,Used,M,41,6.0
0,100.78,Used,M,41,12.99
0,9.51,Used,M,41,6.0
0,79.0,Used,M,41,6.0
0,56.89,Unused,M,41,6.0
0,39.96,Unused,M,41,19.99
0,2.39,Unused,M,41,6.0
0,33.99,Unused,M,41,6.0
0,60.45,Unused,M,41,12.99
0,119.0,Unused,M,41,6.0
0,506.0,Unused,M,41,6.0
0,119.0,Unused,M,41,6.0
0,15.99,Unused,M,41,6.0
0,15.19,Unused,M,41,6.0
0,43.17,Unused,M,41,6.0
0,9.98,Unused,M,41,6.0
0,15.19,Unused,M,41,19.99
0,15.99,Unused,M,41,6.0
1,476.0,Used,F,24,6.0
1,349.0,Used,F,24,6.0
0,119.0,Unused,F,24,6.0
0,349.0,Unused,F,24,6.0
0,79.0,Unused,F,24,6.0
1,199.0,Used,F,27,6.0
1,21.0,Used,F,12,6.0
0,199.0,Used,F,12,6.0
0,22.09,Used,F,12,6.0
0,27.57,Used,F,12,6.0
0,119.0,Used,F,12,6.0
0,79.0,Used,F,12,6.0
0,79.0,Used,F,12,12.99
0,199.0,Unused,F,12,6.0
0,50.27,Unused,F,12,6.0
0,41.86,Unused,F,12,6.0
0,79.99,Unused,F,12,6.0
0,20.99,Unused,F,12,6.0
0,2.99,Unused,F,12,6.0
0,238.0,Unused,F,12,6.0
0,119.0,Unused,F,12,6.0
0,357.0,Unused,F,12,12.99
0,119.0,Unused,F,12,6.0
0,298.0,Unused,F,12,6.0
0,149.0,Unused,F,12,6.0
0,62.94,Unused,F,12,6.0
0,5.59,Unused,F,12,12.99
0,119.0,Unused,F,12,6.0
0,15.19,Unused,F,12,6.0
0,149.0,Unused,F,12,6.0
0,149.0,Unused,F,12,6.0
1,119.0,Used,F,50,6.5
0,357.0,Used,F,50,6.5
0,61.59,Used,F,50,6.5
0,13.59,Used,F,50,6.5
0,149.0,Used,F,50,6.5
0,30.39,Unused,F,50,6.5
0,238.0,Unused,F,50,6.5
0,119.0,Unused,F,50,6.5
0,61.98,Unused,F,50,6.5
0,15.19,Unused,F,50,6.5
0,149.0,Unused,F,50,6.5
0,8.4,Used,F,50,6.5
0,31.94,Used,F,50,6.5
0,17.98,Used,F,50,6.5
0,111.6,Used,F,50,39.81
0,238.0,Used,F,50,6.5
0,238.0,Used,F,50,22.29
0,119.0,Used,F,50,6.5
0,238.0,Used,F,50,6.5
0,61.59,Used,F,50,6.5
0,98.99,Used,F,50,6.5
0,84.47,Used,F,50,6.5
0,16.99,Used,F,50,14.41
0,31.99,Unused,F,50,6.5
0,119.0,Unused,F,50,6.5
0,238.0,Unused,F,50,6.5
0,119.0,Unused,F,50,6.5
0,19.19,Unused,F,50,6.5
0,13.59,Unused,F,50,6.5
0,79.0,Unused,F,50,22.29
0,79.0,Unused,F,50,6.5
0,79.0,Unused,F,50,6.5
0,16.99,Unused,F,50,14.41
0,8.4,Unused,F,50,6.5
0,2.99,Unused,F,50,6.5
0,158.0,Unused,F,50,6.5
0,13.59,Unused,F,50,6.5
0,149.0,Unused,F,50,6.5
1,39.8,Used,F,17,6.5
0,82.44,Unused,F,17,6.5
1,198.85,Used,F,17,6.0
0,54.3,Used,F,17,12.99
0,3.98,Used,F,17,6.0
0,91.04,Used,F,17,6.0
0,72.27,Used,F,17,6.0
0,50.78,Used,F,17,6.0
0,13.36,Used,F,17,6.0
0,298.0,Used,F,17,6.0
0,86.32,Unused,F,17,12.99
0,64.95,Unused,F,17,6.0
0,6.0,Unused,F,17,6.0
0,4.08,Unused,F,17,6.0
0,158.0,Unused,F,17,6.0
0,298.0,Unused,F,17,6.0
0,16.5,Unused,F,17,6.0
0,53.57,Unused,F,17,12.99
0,35.4,Unused,F,17,6.0
0,4.8,Unused,F,17,6.0
0,119.0,Unused,F,17,6.0
0,7.6,Unused,F,17,6.0
0,5.7,Unused,F,17,6.0
0,39.9,Used,F,17,30.0
0,17.58,Used,F,17,12.99
0,16.4,Used,F,17,30.0
0,5.59,Used,F,17,12.99
0,23.19,Used,F,17,6.0
0,149.0,Used,F,17,6.0
0,11.75,Unused,F,17,12.99
0,53.57,Unused,F,17,12.99
0,119.0,Unused,F,17,6.0
0,119.0,Unused,F,17,6.0
0,17.67,Unused,F,17,30.0
0,26.95,Unused,F,17,6.0
0,149.0,Unused,F,17,6.0
0,24.22,Unused,F,17,12.99
1,13.6,Used,F,27,6.0
0,159.8,Used,F,27,15.72
0,47.96,Used,F,27,12.99
0,99.99,Used,F,27,12.99
0,31.35,Used,F,27,19.99
0,81.0,Used,F,27,6.0
0,5.98,Used,F,27,6.0
0,238.0,Used,F,27,6.0
0,13.59,Used,F,27,6.0
0,149.0,Used,F,27,6.0
0,395.0,Used,F,27,6.0
0,26.0,Used,F,27,6.0
0,149.0,Used,F,27,6.0
0,149.0,Used,F,27,6.0
0,359.55,Unused,F,27,73.01
0,13.11,Unused,F,27,6.0
0,65.67,Unused,F,27,12.99
0,133.58,Unused,F,27,6.5
0,39.35,Unused,F,27,6.0
0,43.95,Unused,F,27,15.72
0,36.0,Unused,F,27,6.0
0,119.0,Unused,F,27,6.0
0,119.0,Unused,F,27,6.0
0,417.0,Unused,F,27,6.0
0,44.0,Unused,F,27,6.0
0,8.8,Unused,F,27,6.0
0,6.78,Unused,F,27,6.0
0,18.0,Unused,F,27,6.0
0,478.35,Unused,F,27,73.01
0,20.99,Unused,F,27,6.0
0,25.51,Unused,F,27,6.0
1,163.16,Used,F,28,6.5
0,88.76,Unused,F,28,6.5
1,83.95,Used,F,28,6.0
0,3.0,Used,F,28,6.0
0,61.19,Used,F,28,6.0
0,24.99,Used,F,28,6.0
0,4.8,Used,F,28,6.0
0,179.8,Unused,F,28,14.96
0,44.49,Unused,F,28,6.0
0,72.98,Unused,F,28,6.0
0,7.6,Unused,F,28,6.0
0,5.1,Unused,F,28,6.0
0,54.36,Unused,F,28,6.0
0,17.49,Unused,F,28,6.0
0,149.0,Unused,F,28,6.0
1,61.15,Used,F,28,6.0
0,355.74,Used,F,28,6.5
0,303.76,Used,F,28,6.5
0,52.39,Unused,F,28,6.5
0,242.6,Unused,F,28,6.5
0,161.04,Unused,F,28,6.5
0,201.82,Unused,F,28,6.5
0,16.3,Unused,F,28,6.5
1,10.99,Unused,F,34,6.5
0,15.9,Used,F,34,26.43
0,107.7,Unused,F,34,26.43
0,16.3,Unused,F,34,6.5
0,149.0,Unused,F,34,6.5
0,21.99,Unused,F,34,6.5
0,1.2,Unused,F,34,26.43
0,13.99,Unused,F,34,6.5
0,149.0,Unused,F,34,6.5
1,17.93,Used,M,24,6.5
0,151.88,Used,M,24,6.5
0,62.75,Unused,M,24,6.5
0,121.3,Unused,M,24,19.99
1,98.0,Used,M,32,30.59
0,1.99,Used,M,32,6.0
0,12.31,Used,M,32,6.0
0,159.95,Used,M,32,12.48
0,58.79,Used,M,32,6.0
0,119.0,Used,M,32,6.0
0,298.0,Used,M,32,6.0
0,79.0,Used,M,32,6.0
0,83.98,Used,M,32,6.5
0,12.31,Used,M,32,6.0
0,149.0,Used,M,32,6.0
0,149.0,Used,M,32,6.0
0,149.0,Used,M,32,6.0
0,149.0,Used,M,32,6.0
0,112.0,Unused,M,32,30.59
0,32.18,Unused,M,32,6.0
0,26.97,Unused,M,32,6.0
0,15.19,Unused,M,32,6.0
0,19.19,Unused,M,32,12.99
0,2.99,Unused,M,32,6.0
0,159.95,Unused,M,32,12.48
0,43.98,Unused,M,32,6.0
0,119.0,Unused,M,32,12.99
0,238.0,Unused,M,32,6.0
0,298.0,Unused,M,32,6.0
0,158.0,Unused,M,32,6.0
0,149.0,Unused,M,32,6.0
0,36.39,Unused,M,32,6.5
0,674.5,Unused,M,32,30.59
0,5.98,Unused,M,32,6.0
0,119.0,Unused,M,32,6.0
0,12.31,Unused,M,32,6.0
0,15.19,Unused,M,32,6.0
1,119.0,Used,M,32,12.99
0,119.0,Used,M,32,6.0
0,387.0,Used,M,32,6.0
0,5.1,Used,M,32,6.0
0,158.0,Used,M,32,6.0
0,79.0,Used,M,32,6.0
0,19.59,Unused,M,32,6.0
0,238.0,Unused,M,32,6.0
0,119.0,Unused,M,32,6.0
0,238.0,Unused,M,32,6.0
0,634.0,Unused,M,32,6.0
0,23.59,Unused,M,32,6.0
0,149.0,Unused,M,32,6.0
0,149.0,Unused,M,32,6.0
0,149.0,Unused,M,32,6.0
1,5.1,Used,F,23,6.0
0,4.08,Used,F,23,12.99
0,186.29,Unused,F,23,12.99
0,10.99,Unused,F,23,6.0
0,24.69,Unused,F,23,12.99
0,23.59,Unused,F,23,6.0
0,119.0,Unused,F,23,6.0
0,119.0,Unused,F,23,12.99
0,149.0,Unused,F,23,6.0
0,47.05,Unused,F,23,6.0
0,4.56,Unused,F,23,6.0
0,357.0,Unused,F,23,12.99
1,358.6,Used,F,4,37.51
0,978.12,Unused,F,4,37.51
0,179.3,Unused,F,4,37.51
1,10.79,Used,M,30,6.5
0,528.39,Used,M,30,6.5
0,119.4,Used,M,30,6.5
0,18.99,Used,M,30,6.5
0,28.78,Used,M,30,6.5
0,297.0,Used,M,30,6.5
0,149.0,Used,M,30,6.5
0,522.39,Unused,M,30,6.5
0,39.99,Unused,M,30,6.5
0,29.98,Unused,M,30,42.67
0,29.99,Unused,M,30,39.27
0,4.79,Unused,M,30,6.5
0,699.0,Unused,M,30,6.5
0,139.9,Unused,M,30,75.0
0,119.0,Unused,M,30,42.67
0,18.99,Unused,M,30,6.5
0,158.0,Unused,M,30,6.5
0,13.59,Unused,M,30,6.5
0,119.0,Unused,M,30,6.5
1,21.99,Used,M,30,6.0
0,6.99,Used,M,30,6.0
0,6.99,Used,M,30,6.0
0,119.0,Used,M,30,6.0
0,307.0,Used,M,30,6.0
0,149.0,Used,M,30,6.0
0,33.97,Unused,M,30,6.0
0,15.98,Unused,M,30,6.0
0,8.98,Unused,M,30,6.0
0,55.99,Unused,M,30,6.0
0,13.29,Unused,M,30,6.0
0,238.0,Unused,M,30,6.0
0,396.0,Unused,M,30,6.0
0,357.0,Unused,M,30,6.0
0,298.0,Unused,M,30,12.99
0,228.0,Unused,M,30,6.0
0,4.99,Unused,M,30,6.0
0,119.0,Unused,M,30,6.0
0,13.29,Unused,M,30,6.0
0,28.42,Used,M,30,6.0
0,149.0,Used,M,30,6.0
0,152.79,Unused,M,30,6.0
0,6.99,Unused,M,30,6.0
0,79.0,Unused,M,30,6.0
1,119.0,Used,M,30,6.0
0,149.0,Used,M,30,6.0
0,17.49,Unused,M,30,6.0
0,13.59,Unused,M,30,6.5
0,149.0,Unused,M,30,6.0
0,119.0,Unused,M,30,6.0
0,15.99,Unused,M,30,6.0
0,10.63,Used,M,30,6.0
0,149.0,Used,M,30,6.0
0,149.0,Used,M,30,6.0
0,14.99,Unused,M,30,6.0
0,39.19,Unused,M,30,6.0
0,298.0,Unused,M,30,6.0
0,18.99,Unused,M,30,6.0
0,16.99,Unused,M,30,6.0
0,149.0,Unused,M,30,6.0
0,119.0,Unused,M,30,6.0
1,398.0,Used,M,30,6.0
0,64.14,Used,M,30,12.91
0,138.29,Used,M,30,37.19
0,19.19,Used,M,30,6.0
0,24.99,Used,M,30,6.0
0,17.7,Used,M,30,6.0
0,119.0,Used,M,30,6.0
0,119.0,Used,M,30,6.0
0,4.56,Used,M,30,6.0
0,158.0,Used,M,30,6.0
0,50.96,Unused,M,30,37.19
0,20.8,Unused,M,30,6.0
0,199.0,Unused,M,30,6.0
0,96.0,Unused,M,30,28.37
0,7.17,Unused,M,30,6.0
0,76.7,Unused,M,30,12.91
0,191.76,Unused,M,30,34.16
0,45.57,Unused,M,30,6.0
0,39.98,Unused,M,30,6.0
0,119.0,Unused,M,30,6.0
0,238.0,Unused,M,30,6.0
0,238.0,Unused,M,30,6.0
0,33.27,Unused,M,30,6.0
0,228.0,Unused,M,30,6.0
0,27.18,Unused,M,30,6.0
0,1.59,Unused,M,30,6.0
0,4.78,Unused,M,30,12.91
0,9.99,Unused,M,30,6.0
0,18.39,Unused,M,30,6.0
0,357.0,Unused,M,30,6.0
1,8.24,Used,M,30,6.0
0,2.39,Used,M,30,6.0
0,15.46,Unused,M,30,6.0
0,119.0,Unused,M,30,6.0
0,11.0,Unused,M,30,6.0
0,11.6,Unused,M,30,6.0
0,4.25,Unused,M,30,6.0
1,97.54,Used,F,27,6.5
0,18.99,Used,F,27,6.5
0,79.0,Used,F,27,6.5
0,12.78,Unused,F,27,6.5
0,15.99,Unused,F,27,6.5
0,119.0,Unused,F,27,6.5
0,91.98,Unused,F,27,6.5
0,59.99,Unused,F,27,6.5
1,119.0,Used,F,27,6.0
0,149.0,Used,F,27,6.0
0,8.0,Unused,F,27,6.0
0,18.99,Unused,F,27,6.0
0,149.0,Unused,F,27,6.0
0,4.08,Unused,F,27,6.0
1,65.67,Used,M,37,6.0
0,27.19,Used,M,37,19.99
0,238.0,Used,M,37,6.0
0,29.98,Unused,M,37,6.0
0,19.19,Unused,M,37,19.99
0,745.0,Unused,M,37,12.91
0,149.0,Unused,M,37,6.0
1,173.21,Used,F,49,6.0
0,91.7,Unused,F,49,6.0
0,272.94,Unused,F,49,6.0
0,44.82,Unused,F,49,6.0
1,599.36,Used,F,6,492.84
0,175.0,Used,F,6,6.5
0,155.7,Used,F,6,18.47
0,19.99,Used,F,6,6.5
0,119.0,Used,F,6,6.5
0,119.0,Used,F,6,6.5
0,119.0,Used,F,6,6.5
0,119.0,Used,F,6,6.5
0,119.0,Used,F,6,6.5
0,237.0,Used,F,6,6.5
0,15.19,Used,F,6,6.5
0,67.95,Used,F,6,41.3
0,54.36,Used,F,6,41.3
0,399.2,Unused,F,6,6.5
0,424.5,Unused,F,6,6.5
0,759.11,Unused,F,6,492.84
0,10.39,Unused,F,6,6.5
0,7.18,Unused,F,6,6.5
0,70.38,Unused,F,6,13.78
0,17.58,Unused,F,6,6.5
0,2.99,Unused,F,6,6.5
0,27.98,Unused,F,6,6.5
0,39.98,Unused,F,6,30.0
0,23.99,Unused,F,6,20.0
0,249.34,Unused,F,6,41.3
0,283.35,Unused,F,6,41.3
0,238.0,Unused,F,6,6.5
0,357.0,Unused,F,6,6.5
0,149.0,Unused,F,6,19.05
0,238.0,Unused,F,6,6.5
0,15.99,Unused,F,6,6.5
0,59.99,Unused,F,6,6.5
0,13.59,Unused,F,6,6.5
0,158.0,Unused,F,6,6.5
0,149.0,Unused,F,6,6.5
0,19.19,Unused,F,6,6.5
0,18.99,Unused,F,6,6.5
0,119.0,Unused,F,6,6.5
0,238.0,Unused,F,6,6.5
0,19.99,Unused,F,6,6.5
0,13.59,Unused,F,6,6.5
0,298.0,Unused,F,6,6.5
0,149.0,Unused,F,6,6.5
1,35.97,Unused,F,6,19.02
0,149.0,Unused,F,6,6.0
0,16.79,Used,F,6,6.0
0,54.98,Used,F,6,12.99
0,82.85,Used,F,6,6.0
0,30.28,Used,F,6,6.0
0,119.0,Used,F,6,6.0
0,149.0,Used,F,6,6.0
0,33.98,Used,F,6,6.0
0,279.3,Unused,F,6,6.0
0,34.08,Unused,F,6,6.0
0,23.99,Unused,F,6,12.99
0,8.98,Unused,F,6,6.0
0,110.34,Unused,F,6,6.0
0,5.98,Unused,F,6,6.0
0,2.99,Unused,F,6,6.0
0,198.0,Unused,F,6,6.0
0,238.0,Unused,F,6,6.0
0,15.99,Unused,F,6,6.0
0,61.59,Unused,F,6,6.0
0,149.0,Unused,F,6,6.0
0,149.0,Unused,F,6,6.0
0,126.97,Unused,F,6,12.99
0,1.5,Unused,F,6,6.0
0,11.99,Unused,F,6,6.0
0,13.29,Unused,F,6,6.0
0,176.48,Unused,F,6,6.0
1,9.5,Used,F,6,6.0
0,2.79,Used,F,6,6.0
0,59.75,Used,F,6,55.73
0,7.2,Used,F,6,6.0
0,66.0,Used,F,6,6.0
0,87.9,Used,F,6,13.38
0,5.58,Used,F,6,6.5
0,12.16,Used,F,6,6.0
0,8.0,Used,F,6,6.0
0,55.99,Unused,F,6,6.0
0,70.29,Unused,F,6,13.38
0,28.0,Unused,F,6,55.73
0,133.79,Unused,F,6,6.0
0,3.49,Unused,F,6,6.0
0,56.52,Unused,F,6,6.5
0,14.62,Unused,F,6,6.0
0,61.99,Unused,F,6,6.0
0,13.59,Unused,F,6,6.0
0,119.0,Unused,F,6,6.0
0,238.0,Unused,F,6,6.0
0,119.0,Unused,F,6,6.0
0,119.0,Unused,F,6,6.0
0,10.63,Unused,F,6,6.0
0,544.0,Unused,F,6,6.0
0,20.99,Unused,F,6,6.0
0,80.23,Unused,F,6,13.38
0,31.35,Unused,F,6,6.0
0,83.9,Unused,F,6,55.73
0,37.2,Unused,F,6,6.0
1,35.86,Used,F,6,6.5
0,261.95,Used,F,6,6.5
0,100.91,Used,F,6,6.5
0,100.91,Used,F,6,6.5
0,242.6,Used,F,6,6.5
0,546.36,Used,F,6,6.5
0,242.6,Used,F,6,6.5
0,121.3,Used,F,6,6.5
0,161.04,Used,F,6,6.5
0,80.52,Used,F,6,6.5
0,161.04,Used,F,6,6.5
0,402.6,Used,F,6,19.99
0,151.88,Used,F,6,6.5
0,151.88,Used,F,6,6.5
0,128.38,Unused,F,6,6.0
0,202.84,Unused,F,6,6.5
0,202.84,Unused,F,6,6.5
0,101.93,Unused,F,6,0.0
0,100.91,Unused,F,6,6.5
0,100.91,Unused,F,6,6.5
0,81.53,Unused,F,6,6.5
0,22.41,Unused,F,6,6.0
0,485.2,Unused,F,6,6.5
0,242.6,Unused,F,6,6.5
0,121.3,Unused,F,6,6.5
0,242.6,Unused,F,6,6.5
0,121.3,Unused,F,6,6.5
0,121.3,Unused,F,6,6.5
0,121.3,Unused,F,6,6.5
0,121.3,Unused,F,6,6.5
0,242.6,Unused,F,6,6.5
0,121.3,Unused,F,6,6.5
0,121.3,Unused,F,6,6.5
0,151.88,Unused,F,6,6.5
0,151.88,Unused,F,6,6.5
0,151.88,Unused,F,6,6.5
0,151.88,Unused,F,6,6.5
0,151.88,Unused,F,6,6.5
0,151.88,Unused,F,6,6.5
0,100.91,Unused,F,6,6.5
0,100.91,Unused,F,6,6.5
0,42.39,Unused,F,6,6.5
0,363.9,Unused,F,6,12.99
0,121.3,Unused,F,6,6.5
0,242.6,Unused,F,6,6.5
0,121.3,Unused,F,6,6.5
0,242.6,Unused,F,6,6.5
0,151.88,Unused,F,6,6.5
0,151.88,Used,F,6,6.5
0,151.88,Used,F,6,6.5
0,151.88,Unused,F,6,19.99
0,249.75,Unused,F,6,6.5
0,99.9,Unused,F,6,6.5
0,201.82,Unused,F,6,12.99
1,53.85,Used,M,7,6.5
0,99.99,Used,M,7,6.0
0,8.99,Used,M,7,6.0
0,1.99,Used,M,7,6.0
0,149.0,Used,M,7,12.99
0,36.39,Used,M,7,6.0
0,37.14,Unused,M,7,6.5
0,11.75,Unused,M,7,6.0
0,56.77,Unused,M,7,6.0
0,39.19,Unused,M,7,6.0
0,316.0,Unused,M,7,12.99
0,447.0,Unused,M,7,6.0
0,6.99,Unused,M,7,6.0
0,165.91,Unused,M,7,6.0
0,10.63,Unused,M,7,6.0
0,119.0,Unused,M,7,12.99
1,9.98,Used,M,7,6.0
0,25.35,Used,M,7,6.0
0,119.0,Used,M,7,6.0
0,119.0,Used,M,7,6.0
0,119.0,Used,M,7,6.0
0,238.0,Used,M,7,6.0
0,49.09,Unused,M,7,6.0
0,53.88,Unused,M,7,6.0
0,119.0,Unused,M,7,6.0
0,595.0,Unused,M,7,6.0
0,119.0,Unused,M,7,12.99
0,387.0,Unused,M,7,12.99
0,26.62,Unused,M,7,6.0
0,199.0,Unused,M,7,8.7
0,7.98,Unused,M,7,6.0
0,149.0,Unused,M,7,8.7
0,37.2,Unused,M,7,12.99
0,119.0,Unused,M,7,6.0
0,238.0,Unused,M,7,6.0
0,4.56,Unused,M,7,6.0
1,2.99,Used,F,9,324.0
0,396.0,Used,F,9,6.0
0,5.7,Used,F,9,6.0
0,149.0,Used,F,9,6.0
0,4.99,Unused,F,9,6.0
0,15.98,Unused,F,9,324.0
0,199.0,Unused,F,9,6.0
0,119.0,Unused,F,9,12.99
0,119.0,Unused,F,9,6.0
0,752.0,Unused,F,9,6.0
0,149.0,Unused,F,9,6.0
0,6.99,Unused,F,9,324.0
1,28.48,Used,F,33,6.0
0,349.0,Used,F,33,6.0
0,298.0,Used,F,33,12.99
0,17.59,Unused,F,33,6.0
0,72.45,Unused,F,33,6.0
0,398.0,Unused,F,33,6.0
0,357.0,Unused,F,33,6.0
0,149.0,Unused,F,33,6.5
0,17.59,Unused,F,33,6.0
1,138.16,Used,M,11,6.5
0,72.18,Unused,M,11,6.5
0,17.53,Unused,M,11,6.5
1,26.48,Used,F,15,6.0
0,42.39,Used,F,15,6.5
0,121.3,Used,F,15,12.99
0,121.3,Used,F,15,6.5
0,49.15,Unused,F,15,6.0
0,100.91,Unused,F,15,6.5
0,42.39,Unused,F,15,6.5
0,84.78,Unused,F,15,6.5
0,241.56,Unused,F,15,12.99
0,17.93,Unused,F,15,6.5
0,100.91,Unused,F,15,6.5
0,151.88,Unused,F,15,6.5
0,151.88,Unused,F,15,12.99
1,11.19,Used,M,8,6.0
0,149.0,Used,M,8,6.0
0,13.59,Unused,M,8,6.0
0,149.0,Unused,M,8,6.0
0,13.59,Unused,M,8,6.0
0,298.0,Unused,M,8,6.0
1,119.8,Unused,M,8,19.99
0,3.99,Used,M,8,6.0
0,4.78,Used,M,8,12.99
0,119.0,Used,M,8,6.0
0,149.0,Used,M,8,6.0
0,10.36,Unused,M,8,12.99
0,38.88,Unused,M,8,6.0
0,6.15,Unused,M,8,12.99
1,260.0,Unused,M,8,6.0
0,349.0,Unused,M,8,6.0
0,49.6,Used,M,8,6.0
0,79.8,Used,M,8,6.5
0,15.19,Used,M,8,12.99
0,119.0,Used,M,8,12.99
0,119.0,Used,M,8,6.0
0,149.0,Used,M,8,6.0
0,41.59,Unused,M,8,6.5
0,47.7,Unused,M,8,12.99
0,119.75,Unused,M,8,25.37
0,4.78,Unused,M,8,6.0
0,149.0,Unused,M,8,12.99
0,149.0,Unused,M,8,6.0
0,238.0,Unused,M,8,6.0
0,79.0,Unused,M,8,6.0
0,79.0,Unused,M,8,6.0
0,149.0,Unused,M,8,6.0
1,30.77,Used,F,31,6.5
0,36.77,Used,F,31,49.73
0,9.99,Used,F,31,6.5
0,3.98,Used,F,31,6.5
0,23.9,Used,F,31,20.85
0,238.0,Used,F,31,6.5
0,79.96,Used,F,31,6.5
0,149.0,Used,F,31,6.5
0,298.0,Used,F,31,6.5
0,149.0,Used,F,31,6.5
0,39.96,Unused,F,31,6.5
0,29.98,Unused,F,31,6.5
0,53.17,Unused,F,31,6.5
0,17.54,Unused,F,31,6.5
0,35.18,Unused,F,31,51.99
0,19.98,Unused,F,31,6.5
0,55.65,Unused,F,31,20.85
0,44.79,Unused,F,31,49.73
0,41.59,Unused,F,31,6.5
0,119.0,Unused,F,31,6.5
0,119.0,Unused,F,31,6.5
0,119.0,Unused,F,31,6.5
0,119.0,Unused,F,31,16.85
0,41.98,Unused,F,31,6.5
0,83.99,Unused,F,31,6.5
0,76.99,Unused,F,31,6.5
0,158.0,Unused,F,31,6.5
0,18.99,Unused,F,31,6.5
0,4.78,Unused,F,31,6.5
0,5.19,Unused,F,31,6.5
0,179.92,Unused,F,31,6.5
0,119.0,Unused,F,31,6.5
0,119.0,Unused,F,31,16.85
0,33.98,Unused,F,31,6.5
1,123.97,Used,F,31,12.99
0,22.33,Used,F,31,12.99
0,3.99,Used,F,31,6.0
0,38.28,Used,F,31,6.0
0,119.0,Used,F,31,6.0
0,238.0,Used,F,31,6.0
0,357.0,Used,F,31,6.0
0,28.53,Used,F,31,19.02
0,67.95,Used,F,31,24.56
0,149.0,Used,F,31,6.0
0,10.99,Unused,F,31,6.0
0,209.94,Unused,F,31,12.99
0,1.99,Unused,F,31,6.0
0,119.73,Unused,F,31,19.02
0,20.7,Unused,F,31,6.0
0,119.0,Unused,F,31,6.0
0,633.0,Unused,F,31,6.0
0,16.99,Unused,F,31,6.0
0,1.99,Unused,F,31,6.0
0,1.99,Unused,F,31,6.0
0,13.29,Unused,F,31,6.0
0,11.19,Unused,F,31,6.0
0,55.95,Unused,F,31,24.56
1,18.88,Used,F,31,6.0
0,143.91,Used,F,31,6.0
0,29.99,Used,F,31,6.0
0,30.27,Unused,F,31,6.0
0,59.99,Unused,F,31,6.0
0,13.29,Unused,F,31,6.0
1,199.0,Used,F,31,6.0
0,19.19,Used,F,31,6.0
0,55.99,Used,F,31,6.0
0,13.59,Used,F,31,6.0
0,149.0,Used,F,31,6.0
0,15.19,Used,F,31,19.99
0,79.0,Used,F,31,6.0
0,158.0,Used,F,31,6.0
0,158.0,Used,F,31,6.0
0,298.0,Used,F,31,6.0
0,25.0,Unused,F,31,0.0
0,58.21,Unused,F,31,19.99
0,79.99,Unused,F,31,6.0
0,27.18,Unused,F,31,6.0
0,149.0,Unused,F,31,6.0
0,119.0,Unused,F,31,6.0
0,298.0,Unused,F,31,6.0
1,67.06,Used,M,30,58.49
0,27.18,Used,M,30,19.99
1,6.97,Used,M,30,6.0
0,37.57,Used,M,30,6.5
0,43.98,Used,M,30,6.0
0,114.85,Used,M,30,6.0
0,99.0,Used,M,30,6.5
0,41.59,Used,M,30,6.5
0,238.0,Used,M,30,6.5
0,238.0,Used,M,30,19.99
0,349.0,Used,M,30,6.5
0,298.0,Used,M,30,6.5
0,237.0,Used,M,30,6.5
0,19.9,Unused,M,30,6.0
0,29.47,Unused,M,30,6.0
0,8.79,Unused,M,30,6.5
0,398.0,Unused,M,30,6.5
0,5.98,Unused,M,30,6.0
0,119.0,Unused,M,30,6.5
0,238.0,Unused,M,30,6.5
0,119.0,Unused,M,30,6.5
0,119.0,Unused,M,30,12.99
0,119.0,Unused,M,30,6.5
0,298.0,Unused,M,30,6.5
0,79.0,Unused,M,30,6.5
0,158.0,Unused,M,30,6.5
0,158.0,Unused,M,30,19.99
0,149.0,Unused,M,30,6.5
0,9.99,Unused,M,30,6.0
0,119.0,Unused,M,30,6.5
0,238.0,Unused,M,30,6.5
0,149.0,Unused,M,30,6.5
0,298.0,Unused,M,30,6.5
1,21.99,Used,M,26,6.0
0,22.4,Used,M,26,6.5
0,99.96,Used,M,26,12.48
0,44.79,Used,M,26,6.0
0,28.68,Used,M,26,6.0
0,238.0,Used,M,26,6.0
0,18.99,Used,M,26,6.0
0,18.99,Used,M,26,6.0
0,15.99,Used,M,26,6.0
0,36.98,Used,M,26,6.0
0,27.18,Used,M,26,6.5
0,149.0,Used,M,26,6.0
0,22.4,Unused,M,26,6.5
0,184.3,Unused,M,26,12.91
0,22.28,Unused,M,26,6.0
0,52.76,Unused,M,26,12.48
0,79.19,Unused,M,26,6.0
0,356.0,Unused,M,26,6.0
0,119.0,Unused,M,26,6.0
0,238.0,Unused,M,26,6.0
0,18.99,Unused,M,26,6.0
0,15.99,Unused,M,26,6.0
0,27.18,Unused,M,26,6.5
0,22.4,Unused,M,26,6.5
0,174.72,Unused,M,26,12.91
0,74.38,Unused,M,26,6.0
0,79.19,Unused,M,26,6.0
0,119.0,Unused,M,26,6.0
0,19.99,Unused,M,26,6.0
1,55.99,Used,M,26,12.99
0,60.97,Used,M,26,6.0
0,26.98,Used,M,26,6.0
0,1186.0,Used,M,26,19.99
0,40.48,Used,M,26,6.0
0,9.6,Used,M,26,6.0
0,238.0,Used,M,26,6.0
0,119.0,Used,M,26,6.0
0,13.59,Used,M,26,6.0
0,238.0,Used,M,26,6.0
0,238.0,Used,M,26,12.99
0,149.0,Used,M,26,6.0
0,149.0,Used,M,26,6.0
0,79.0,Used,M,26,6.0
0,11.0,Used,M,26,6.0
0,149.0,Used,M,26,6.0
0,298.0,Used,M,26,6.0
0,8.79,Unused,M,26,6.0
0,278.0,Unused,M,26,6.0
0,398.0,Unused,M,26,19.99
0,19.19,Unused,M,26,6.0
0,15.69,Unused,M,26,6.0
0,33.67,Unused,M,26,6.0
0,119.0,Unused,M,26,6.0
0,119.0,Unused,M,26,6.0
0,53.76,Unused,M,26,6.0
0,119.0,Unused,M,26,6.0
0,149.0,Unused,M,26,6.0
0,316.0,Unused,M,26,6.0
0,149.0,Unused,M,26,6.0
0,149.0,Unused,M,26,6.0
0,149.0,Unused,M,26,6.0
0,30.15,Unused,M,26,6.0
0,387.0,Unused,M,26,6.0
0,160.8,Used,M,26,6.0
0,3.5,Used,M,26,6.0
0,20.05,Used,M,26,50.0
0,99.0,Used,M,26,6.0
0,2.39,Used,M,26,6.0
0,298.0,Used,M,26,6.0
0,3.5,Unused,M,26,6.0
0,99.0,Unused,M,26,6.0
0,23.66,Unused,M,26,50.0
0,238.0,Unused,M,26,12.99
0,119.0,Unused,M,26,6.0
0,119.0,Unused,M,26,6.0
0,119.0,Unused,M,26,6.0
0,238.0,Unused,M,26,6.0
0,357.0,Unused,M,26,6.0
0,9.99,Unused,M,26,6.0
0,50.39,Unused,M,26,6.0
0,149.0,Unused,M,26,6.0
0,238.0,Unused,M,26,6.0
0,238.0,Unused,M,26,6.0
0,7.6,Unused,M,26,6.0
0,11.7,Unused,M,26,50.0
0,14.98,Used,M,26,6.0
0,35.08,Used,M,26,12.99
0,8.79,Used,M,26,12.99
0,14.0,Used,M,26,22.29
0,199.0,Used,M,26,6.0
0,199.0,Used,M,26,6.0
0,318.0,Used,M,26,12.99
0,100.0,Used,M,26,0.0
0,13.47,Used,M,26,12.99
0,198.0,Used,M,26,6.0
0,337.0,Used,M,26,6.0
0,115.44,Used,M,26,16.85
0,4.56,Used,M,26,6.0
0,4.56,Used,M,26,6.0
0,5.7,Used,M,26,12.99
0,4.56,Used,M,26,6.0
0,238.0,Used,M,26,6.0
0,119.0,Used,M,26,6.0
0,119.0,Used,M,26,6.0
0,26.09,Used,M,26,6.0
0,149.0,Used,M,26,6.0
0,149.0,Used,M,26,6.0
0,237.0,Used,M,26,12.48
0,149.0,Used,M,26,12.99
0,20.97,Unused,M,26,6.0
0,33.54,Unused,M,26,12.99
0,111.75,Unused,M,26,22.29
0,398.0,Unused,M,26,19.99
0,16.29,Unused,M,26,12.99
0,250.0,Unused,M,26,0.0
0,1.5,Unused,M,26,6.0
0,99.0,Unused,M,26,6.0
0,44.79,Unused,M,26,6.0
0,27.51,Unused,M,26,6.0
0,2.0,Unused,M,26,6.0
0,19.99,Unused,M,26,12.99
0,35.18,Unused,M,26,6.0
0,35.18,Unused,M,26,6.5
0,119.0,Unused,M,26,6.0
0,119.0,Unused,M,26,6.0
0,199.0,Unused,M,26,19.99
0,119.0,Unused,M,26,6.0
0,349.0,Unused,M,26,6.0
0,349.0,Unused,M,26,6.0
0,395.0,Unused,M,26,6.0
0,298.0,Unused,M,26,6.0
0,149.0,Unused,M,26,6.0
0,7.0,Unused,M,26,12.99
0,18.63,Unused,M,26,6.0
0,112.6,Unused,M,26,6.0
0,13.59,Unused,M,26,12.99
0,119.0,Unused,M,26,6.0
0,9.6,Unused,M,26,6.0
0,158.0,Unused,M,26,6.0
1,119.6,Used,M,29,6.5
0,79.8,Used,M,29,6.5
0,65.48,Used,M,29,6.5
0,44.79,Used,M,29,6.5
0,2.99,Used,M,29,6.5
0,119.0,Used,M,29,6.5
0,13.59,Used,M,29,6.5
0,59.99,Used,M,29,6.5
0,158.0,Used,M,29,6.5
0,559.2,Unused,M,29,6.5
0,38.38,Unused,M,29,18.36
0,106.99,Unused,M,29,6.5
0,10.99,Unused,M,29,14.41
0,15.99,Unused,M,29,6.5
0,44.79,Unused,M,29,6.5
0,52.07,Unused,M,29,6.5
0,119.0,Unused,M,29,6.5
0,149.0,Unused,M,29,6.5
0,149.0,Unused,M,29,6.5
0,19.19,Unused,M,29,6.5
0,238.0,Unused,M,29,6.5
0,119.0,Unused,M,29,6.5
1,55.99,Used,F,25,6.0
0,21.98,Used,F,25,6.0
0,23.9,Used,F,25,6.0
0,15.99,Used,F,25,6.0
0,119.0,Used,F,25,6.0
0,349.0,Used,F,25,6.0
0,149.0,Used,F,25,6.0
0,15.99,Used,F,25,6.0
0,55.99,Unused,F,25,6.0
0,638.8,Unused,F,25,70.38
0,199.0,Unused,F,25,6.5
0,3.49,Unused,F,25,6.0
0,198.0,Unused,F,25,6.0
0,7.5,Unused,F,25,6.0
0,119.0,Unused,F,25,6.0
0,349.0,Unused,F,25,6.0
0,158.0,Unused,F,25,6.0
0,149.0,Unused,F,25,6.0
0,149.0,Unused,F,25,12.99
0,149.0,Unused,F,25,6.0
0,199.0,Unused,F,25,6.5
0,199.0,Unused,F,25,6.5
0,1116.0,Unused,F,25,6.0
1,119.0,Unused,F,37,6.0
0,15.19,Unused,F,37,6.0
0,149.0,Unused,F,37,6.0
1,8.37,Used,F,33,6.0
0,178.0,Used,F,33,6.0
0,99.0,Used,F,33,6.0
0,398.0,Used,F,33,6.0
0,2.39,Used,F,33,6.0
0,119.0,Used,F,33,6.0
0,149.0,Used,F,33,6.0
0,745.0,Used,F,33,6.0
0,79.0,Used,F,33,6.0
0,149.0,Used,F,33,6.0
0,149.0,Used,F,33,6.0
0,29.37,Unused,F,33,6.0
0,8.4,Unused,F,33,6.0
0,548.0,Unused,F,33,6.0
0,198.0,Unused,F,33,6.0
0,595.0,Unused,F,33,6.0
0,119.0,Unused,F,33,6.0
0,119.0,Unused,F,33,6.0
0,119.0,Unused,F,33,6.0
0,44.0,Unused,F,33,6.0
0,349.0,Unused,F,33,6.0
0,982.0,Unused,F,33,6.0
0,149.0,Unused,F,33,6.0
0,149.0,Unused,F,33,6.0
0,158.0,Unused,F,33,6.0
0,511.0,Unused,F,33,8.7
0,298.0,Unused,F,33,6.0
0,149.0,Unused,F,33,6.0
0,149.0,Unused,F,33,6.0
0,149.0,Unused,F,33,6.0
0,126.9,Unused,F,33,6.0
0,2.5,Unused,F,33,6.0
0,99.0,Unused,F,33,6.0
0,2.99,Unused,F,33,6.0
0,119.0,Unused,F,33,6.0
0,158.0,Unused,F,33,6.0
0,149.0,Unused,F,33,6.0
0,79.0,Used,F,33,6.0
0,198.0,Unused,F,33,6.0
0,119.0,Unused,F,33,6.0
0,238.0,Unused,F,33,6.0
1,44.37,Used,M,14,6.0
0,42.15,Unused,M,14,6.0
0,9.84,Unused,M,14,6.0
0,27.18,Unused,M,14,6.0
1,159.6,Used,F,5,132.54
0,357.0,Used,F,5,6.5
0,79.19,Used,F,5,16.85
0,298.0,Used,F,5,6.5
0,149.0,Used,F,5,6.5
0,229.05,Unused,F,5,132.54
0,88.98,Unused,F,5,6.5
0,79.99,Unused,F,5,16.85
0,26.98,Unused,F,5,6.5
0,21.99,Unused,F,5,6.5
0,448.5,Unused,F,5,58.49
0,119.0,Unused,F,5,6.5
0,357.0,Unused,F,5,6.5
0,119.0,Unused,F,5,6.5
0,149.0,Unused,F,5,15.75
0,316.0,Unused,F,5,6.5
0,79.0,Unused,F,5,6.5
0,316.0,Unused,F,5,6.5
0,745.0,Unused,F,5,6.5
0,55.99,Unused,F,5,6.5
0,12.79,Unused,F,5,6.5
0,19.99,Unused,F,5,6.5
1,30.97,Used,F,18,6.5
0,19.19,Used,F,18,6.5
0,59.94,Used,F,18,6.5
0,6.38,Used,F,18,6.5
0,47.97,Used,F,18,6.5
0,238.0,Used,F,18,6.5
0,119.0,Used,F,18,6.5
0,67.96,Used,F,18,6.5
0,316.0,Used,F,18,6.5
0,345.28,Unused,F,18,15.72
0,101.94,Unused,F,18,6.5
0,12.99,Unused,F,18,6.5
0,28.87,Unused,F,18,6.5
0,79.19,Unused,F,18,15.75
0,119.0,Unused,F,18,6.5
0,238.0,Unused,F,18,6.5
0,119.0,Unused,F,18,6.5
0,15.99,Unused,F,18,6.5
0,316.0,Unused,F,18,6.5
0,50.97,Unused,F,18,6.5
0,149.0,Unused,F,18,6.5
0,149.0,Unused,F,18,6.5
0,46.38,Unused,F,18,6.5
0,15.99,Unused,F,18,6.5
0,238.0,Unused,F,18,6.5
0,119.0,Unused,F,18,6.5
0,15.99,Unused,F,18,6.5
0,158.0,Unused,F,18,6.5
0,50.97,Unused,F,18,6.5
0,16.99,Unused,F,18,6.5
1,15.67,Used,F,49,6.5
0,444.54,Used,F,49,307.47
0,8.24,Used,F,49,6.5
0,102.13,Used,F,49,6.5
0,153.71,Used,F,49,6.5
0,45.36,Unused,F,49,6.5
0,167.44,Unused,F,49,323.47
0,2.47,Unused,F,49,6.5
0,368.31,Unused,F,49,6.5
0,16.5,Unused,F,49,6.5
0,102.13,Unused,F,49,6.5
0,81.5,Unused,F,49,6.5
0,461.13,Unused,F,49,6.5
0,153.71,Unused,F,49,6.5
0,19.8,Unused,F,49,11.1
0,326.0,Unused,F,49,6.5
1,164.9,Used,M,47,6.0
0,238.0,Used,M,47,6.0
0,122.8,Used,M,47,6.0
0,634.0,Used,M,47,6.0
0,15.0,Used,M,47,6.0
0,149.0,Used,M,47,6.0
0,99.0,Unused,M,47,6.0
0,93.81,Unused,M,47,6.0
0,18.4,Unused,M,47,6.0
0,79.0,Unused,M,47,6.0
0,357.0,Unused,M,47,6.0
0,3.99,Used,M,47,6.0
0,47.4,Used,M,47,6.0
0,298.0,Used,M,47,6.0
0,72.74,Unused,M,47,6.0
0,84.69,Unused,M,47,6.0
0,24.75,Unused,M,47,6.0
0,28.68,Unused,M,47,6.0
1,149.0,Used,F,18,8.7
0,15.19,Used,F,18,6.0
0,13.59,Used,F,18,6.0
0,13.59,Used,F,18,12.99
0,122.91,Unused,F,18,6.0
0,28.78,Unused,F,18,6.0
0,13.29,Unused,F,18,6.0
0,79.0,Unused,F,18,6.0
0,312.0,Unused,F,18,8.7
0,24.64,Unused,F,18,6.0
1,6.93,Used,F,18,6.0
0,5.94,Used,F,18,6.0
0,79.8,Used,F,18,44.06
0,13.93,Used,F,18,6.0
0,53.97,Used,F,18,6.0
0,99.0,Used,F,18,6.0
0,79.99,Used,F,18,6.5
0,199.5,Unused,F,18,12.48
0,38.43,Unused,F,18,6.0
0,32.94,Unused,F,18,6.0
0,24.5,Unused,F,18,6.0
0,99.0,Unused,F,18,6.0
0,15.0,Unused,F,18,6.0
0,28.78,Unused,F,18,6.5
0,6.93,Unused,F,18,6.0
1,119.65,Used,M,13,40.25
0,23.98,Used,M,13,6.5
0,23.85,Used,M,13,6.5
0,98.99,Used,M,13,6.5
0,7.99,Used,M,13,6.5
0,55.43,Used,M,13,6.5
0,67.19,Used,M,13,6.5
0,149.0,Used,M,13,6.5
0,149.0,Used,M,13,6.5
0,721.05,Unused,M,13,40.25
0,29.99,Unused,M,13,6.5
0,79.99,Unused,M,13,6.5
0,1.99,Unused,M,13,6.5
0,134.99,Unused,M,13,6.5
0,119.0,Unused,M,13,6.5
0,238.0,Unused,M,13,28.51
0,476.0,Unused,M,13,6.5
0,357.0,Unused,M,13,6.5
0,37.98,Unused,M,13,6.5
0,18.99,Unused,M,13,6.5
0,15.99,Unused,M,13,6.5
0,316.0,Unused,M,13,6.5
0,15.99,Unused,M,13,6.5
0,149.0,Unused,M,13,6.5
0,15.95,Unused,M,13,6.5
0,15.99,Unused,M,13,6.5
0,238.0,Unused,M,13,6.5
0,16.99,Unused,M,13,6.5
0,396.0,Unused,M,13,6.5
0,395.0,Unused,M,13,6.5
0,104.98,Unused,M,13,6.5
0,149.0,Unused,M,13,6.5
0,29.98,Used,M,13,6.5
0,83.96,Used,M,13,6.5
0,479.7,Used,M,13,126.76
0,15.19,Used,M,13,50.0
0,119.0,Used,M,13,6.5
0,149.0,Used,M,13,6.5
0,127.68,Unused,M,13,6.5
0,119.02,Unused,M,13,6.5
0,79.99,Unused,M,13,15.75
0,58.38,Unused,M,13,50.0
0,29.9,Unused,M,13,6.5
0,65.09,Unused,M,13,6.5
0,119.0,Unused,M,13,6.5
0,119.0,Unused,M,13,6.5
0,119.0,Unused,M,13,6.5
0,298.0,Unused,M,13,24.49
0,57.96,Unused,M,13,6.5
0,89.7,Unused,M,13,6.5
0,239.6,Unused,M,13,126.76
1,11.99,Used,F,10,6.0
0,119.0,Used,F,10,6.0
0,26.58,Used,F,10,6.0
0,377.0,Used,F,10,6.0
0,158.0,Used,F,10,12.99
0,79.0,Used,F,10,6.0
0,59.99,Used,F,10,6.0
0,149.0,Used,F,10,6.0
0,34.38,Unused,F,10,6.0
0,75.98,Unused,F,10,6.0
0,238.0,Unused,F,10,6.0
0,238.0,Unused,F,10,6.0
0,119.0,Unused,F,10,6.0
0,238.0,Unused,F,10,6.0
0,119.0,Unused,F,10,19.99
0,45.98,Unused,F,10,6.0
0,149.0,Unused,F,10,6.0
0,149.0,Unused,F,10,6.0
0,13.59,Unused,F,10,6.0
0,8.79,Unused,F,10,6.0
0,19.99,Unused,F,10,6.0
0,18.99,Used,F,10,6.0
0,14.69,Unused,F,10,6.0
0,30.28,Unused,F,10,6.0
0,119.0,Used,F,10,6.0
0,48.0,Used,F,10,6.0
0,79.0,Used,F,10,6.0
0,30.0,Used,F,10,6.0
0,119.0,Unused,F,10,6.0
0,238.0,Unused,F,10,6.0
0,23.76,Unused,F,10,6.0
0,79.0,Unused,F,10,6.0
0,149.0,Unused,F,10,6.0
0,48.8,Used,F,10,6.0
0,18.23,Used,F,10,6.0
0,10.63,Unused,F,10,6.0
0,4.8,Unused,F,10,6.0
0,119.0,Unused,F,10,6.0
1,33.6,Used,F,10,33.04
0,122.99,Used,F,10,6.0
0,149.0,Used,F,10,6.0
0,16.8,Unused,F,10,33.04
0,99.0,Unused,F,10,6.0
0,149.0,Unused,F,10,6.0
0,119.0,Unused,F,10,6.0
0,1.59,Used,F,10,20.0
0,6.8,Used,F,10,6.0
0,199.5,Unused,F,10,28.51
0,7.66,Unused,F,10,20.0
0,558.5,Unused,F,10,115.38
0,13.59,Unused,F,10,6.0
0,3.99,Unused,F,10,20.0
0,79.5,Unused,F,10,115.38
1,17.92,Used,F,10,6.5
0,202.84,Used,F,10,6.5
0,100.91,Used,F,10,6.5
0,242.6,Used,F,10,6.5
0,242.6,Used,F,10,6.5
0,80.52,Used,F,10,6.5
0,100.91,Unused,F,10,6.5
0,81.53,Unused,F,10,6.5
0,242.6,Unused,F,10,19.99
0,668.66,Unused,F,10,6.5
0,80.52,Unused,F,10,6.5
0,212.02,Unused,F,10,8.7
0,151.88,Unused,F,10,6.5
0,100.91,Unused,F,10,6.5
0,242.6,Unused,F,10,19.99
1,4.07,Used,F,26,6.0
0,17.93,Used,F,26,12.99
0,80.52,Used,F,26,6.5
0,13.0,Unused,F,26,6.5
0,303.76,Unused,F,26,6.5
0,151.88,Unused,F,26,6.5
0,303.76,Unused,F,26,6.5
0,3.47,Unused,F,26,12.99
1,202.84,Used,M,37,6.5
0,61.15,Used,M,37,6.0
0,201.82,Used,M,37,12.99
0,100.91,Used,M,37,6.5
0,19.52,Used,M,37,6.5
0,201.82,Used,M,37,6.5
0,121.3,Used,M,37,6.5
0,242.6,Used,M,37,12.99
0,355.74,Used,M,37,6.5
0,151.88,Used,M,37,6.5
0,151.88,Used,M,37,6.5
0,455.64,Used,M,37,6.5
0,161.04,Used,M,37,6.5
0,151.88,Used,M,37,6.5
0,181.46,Unused,M,37,6.5
0,445.44,Unused,M,37,6.5
0,341.46,Unused,M,37,6.5
0,17.93,Unused,M,37,12.99
0,61.15,Unused,M,37,6.0
0,48.92,Unused,M,37,6.5
0,201.82,Unused,M,37,6.5
0,464.81,Unused,M,37,6.5
0,48.92,Unused,M,37,19.99
0,122.31,Unused,M,37,6.5
0,6.09,Unused,M,37,6.0
0,436.26,Unused,M,37,12.99
0,151.88,Unused,M,37,6.5
0,241.56,Unused,M,37,12.99
0,151.88,Unused,M,37,6.5
0,151.88,Unused,M,37,6.5
0,202.84,Unused,M,37,8.7
0,21.4,Unused,M,37,6.5
0,17.93,Unused,M,37,12.99
0,558.58,Unused,M,37,6.5
0,99.9,Unused,M,37,12.99
0,363.9,Unused,M,37,6.5
0,121.3,Unused,M,37,6.5
0,151.88,Unused,M,37,19.99
0,151.88,Unused,M,37,6.5
0,80.52,Unused,M,37,6.5
1,4.65,Used,F,45,0.0
0,4.65,Unused,F,45,0.0
0,122.77,Unused,F,45,6.5
0,407.5,Unused,F,45,6.5
0,8.24,Used,F,45,6.5
0,4.1,Used,F,45,6.5
0,57.76,Unused,F,45,64.01
0,103.15,Unused,F,45,6.5
0,92.8,Unused,F,45,13.78
0,307.42,Unused,F,45,6.5
0,144.4,Unused,F,45,6.5
0,5.66,Unused,F,45,6.5
0,122.77,Unused,F,45,6.5
0,368.31,Unused,F,45,6.5
0,245.54,Unused,F,45,6.5
1,24.06,Used,F,45,6.0
0,169.95,Used,F,45,6.0
0,504.81,Used,F,45,63.91
0,32.78,Unused,F,45,6.5
0,24.06,Unused,F,45,6.0
0,119.96,Unused,F,45,12.99
0,11.19,Unused,F,45,6.0
1,14.0,Used,F,45,51.99
0,23.16,Used,F,45,6.5
0,119.0,Used,F,45,6.0
0,119.0,Used,F,45,6.0
0,199.0,Used,F,45,19.99
0,199.0,Used,F,45,19.99
0,68.8,Unused,F,45,51.99
0,45.36,Unused,F,45,12.48
0,17.94,Unused,F,45,6.0
0,71.15,Unused,F,45,6.5
0,38.37,Unused,F,45,6.5
0,357.0,Unused,F,45,6.0
0,79.0,Unused,F,45,6.0
0,26.0,Unused,F,45,6.5
0,238.0,Unused,F,45,6.0
0,199.0,Unused,F,45,19.99
0,149.0,Used,F,45,6.0
1,7.19,Used,M,33,6.5
0,356.0,Used,M,33,6.5
0,48.99,Used,M,33,6.5
0,18.99,Used,M,33,6.5
0,8.99,Unused,M,33,6.5
0,10.5,Unused,M,33,6.5
0,72.98,Unused,M,33,6.5
0,15.99,Unused,M,33,6.5
0,119.0,Unused,M,33,6.5
0,14.99,Unused,M,33,6.5
0,1.59,Unused,M,33,6.5
0,119.0,Unused,M,33,6.5
0,16.99,Unused,M,33,6.5
1,109.35,Used,M,33,6.0
0,237.0,Used,M,33,6.0
0,24.95,Unused,M,33,6.0
0,268.0,Unused,M,33,6.0
0,316.0,Unused,M,33,6.0
0,158.0,Unused,M,33,6.0
0,3.96,Unused,M,33,6.0
0,55.99,Unused,M,33,6.0
0,92.34,Unused,M,33,12.99
0,149.0,Unused,M,33,6.0
0,92.34,Unused,M,33,12.99
0,286.05,Used,M,33,26.2
0,38.97,Used,M,33,6.0
0,24.28,Used,M,33,6.0
0,3.5,Used,M,33,6.0
0,119.0,Used,M,33,6.0
0,316.0,Used,M,33,6.0
0,13.59,Used,M,33,6.0
0,237.0,Used,M,33,6.0
0,149.0,Used,M,33,6.0
0,578.04,Unused,M,33,26.2
0,10.47,Unused,M,33,6.0
0,50.12,Unused,M,33,6.0
0,238.0,Unused,M,33,6.0
0,32.98,Unused,M,33,6.0
0,149.0,Unused,M,33,6.0
0,158.0,Unused,M,33,12.99
0,544.0,Unused,M,33,6.0
0,395.0,Unused,M,33,6.0
0,596.0,Unused,M,33,6.0
0,149.0,Unused,M,33,6.0
0,327.12,Unused,M,33,26.2
0,149.0,Unused,M,33,6.0
0,59.99,Unused,M,33,6.0
0,12.31,Unused,M,33,6.0
0,149.0,Unused,M,33,6.0
1,11055.24,Used,M,33,6.0
0,47.81,Used,M,33,6.0
0,45.57,Used,M,33,20.22
0,2737.58,Unused,M,33,6.0
0,59.95,Unused,M,33,20.22
0,7.2,Unused,M,33,6.0
0,119.0,Unused,M,33,6.0
0,149.0,Unused,M,33,12.99
0,10.39,Unused,M,33,6.0
0,30.38,Unused,M,33,20.22
0,13.59,Unused,M,33,6.0
0,19.99,Used,M,33,6.0
0,238.0,Used,M,33,6.0
0,19.8,Unused,M,33,6.0
0,9.49,Unused,M,33,6.0
1,3.57,Used,M,33,6.0
0,3.26,Unused,M,33,6.5
0,101.92,Unused,M,33,6.0
0,121.3,Unused,M,33,6.5
0,121.3,Unused,M,33,6.5
0,19.11,Unused,M,33,6.0
0,607.52,Unused,M,33,12.99
0,322.08,Unused,M,33,6.5
0,151.88,Unused,M,33,6.5
0,1.62,Unused,M,33,6.5
0,242.6,Unused,M,33,6.5
0,121.3,Unused,M,33,6.5
0,121.3,Unused,M,33,6.5
1,2.99,Used,F,23,6.0
1,149.0,Unused,F,25,6.5
1,83.6,Used,F,25,51.81
0,47.85,Unused,F,25,51.81
0,8.49,Used,F,25,6.0
0,10.99,Unused,F,25,6.0
0,26.7,Unused,F,25,6.0
0,119.0,Unused,F,25,6.0
0,317.0,Unused,F,25,6.0
1,32.78,Used,M,43,6.5
0,16.78,Used,M,43,6.5
0,149.0,Used,M,43,6.5
0,19.98,Unused,M,43,6.5
0,15.99,Unused,M,43,6.5
0,15.99,Unused,M,43,6.5
0,119.0,Unused,M,43,6.5
1,13.92,Used,M,43,6.0
0,87.94,Used,M,43,49.73
0,13.59,Unused,M,43,6.0
0,71.15,Unused,M,43,49.73
0,79.0,Unused,M,43,6.0
1,103.98,Used,F,3,6.5
0,39.99,Used,F,3,6.5
0,119.0,Used,F,3,6.5
0,238.0,Used,F,3,6.5
0,168.78,Unused,F,3,6.5
0,215.55,Unused,F,3,33.94
0,263.45,Unused,F,3,17.08
0,119.0,Unused,F,3,6.5
0,24.99,Unused,F,3,18.36
0,67.19,Unused,F,3,6.5
0,138.89,Unused,F,3,6.5
0,238.0,Unused,F,3,6.5
1,32.34,Used,F,3,12.48
0,24.28,Used,F,3,6.0
0,10.39,Used,F,3,6.0
0,62.46,Used,F,3,6.5
0,31.17,Used,F,3,6.0
0,60.14,Used,F,3,6.0
0,5.7,Used,F,3,6.0
0,16.99,Used,F,3,6.0
0,119.0,Used,F,3,6.0
0,119.0,Used,F,3,6.0
0,4.56,Used,F,3,6.0
0,158.0,Used,F,3,6.0
0,13.59,Used,F,3,6.0
0,7.6,Used,F,3,6.0
0,33.59,Unused,F,3,6.5
0,26.38,Unused,F,3,6.0
0,9.6,Unused,F,3,6.0
0,15.99,Unused,F,3,6.0
0,39.19,Unused,F,3,6.0
0,19.89,Unused,F,3,6.0
0,119.0,Unused,F,3,6.0
0,119.0,Unused,F,3,6.0
0,298.0,Unused,F,3,8.7
0,238.0,Unused,F,3,6.0
0,83.95,Unused,F,3,12.48
0,35.98,Unused,F,3,6.0
0,8.0,Unused,F,3,6.0
0,60.0,Unused,F,3,6.0
0,30.0,Unused,F,3,6.0
0,16.99,Unused,F,3,6.0
0,149.0,Unused,F,3,6.0
0,298.0,Unused,F,3,6.0
0,26.0,Unused,F,3,6.0
0,53.6,Unused,F,3,6.0
0,119.0,Unused,F,3,6.0
0,4.56,Unused,F,3,6.0
0,79.0,Unused,F,3,6.0
0,212.67,Used,F,3,12.48
0,9.2,Used,F,3,6.0
0,13.45,Used,F,3,50.0
0,15.99,Used,F,3,6.0
0,32.77,Used,F,3,6.0
0,1050.4,Used,F,3,39.29
0,18.99,Used,F,3,19.99
0,238.0,Used,F,3,6.0
0,149.0,Used,F,3,6.0
0,7.6,Used,F,3,6.5
0,3.5,Unused,F,3,50.0
0,279.5,Unused,F,3,39.29
0,127.47,Unused,F,3,12.48
0,24.0,Unused,F,3,6.0
0,23.99,Unused,F,3,6.0
0,4.56,Unused,F,3,6.0
0,2.39,Unused,F,3,6.0
0,16.0,Unused,F,3,6.5
0,25.36,Unused,F,3,50.0
0,73.6,Unused,F,3,39.29
0,11.95,Unused,F,3,12.48
0,4.8,Used,F,3,6.0
0,6.15,Unused,F,3,6.0
1,5.09,Used,M,6,6.0
0,121.3,Used,M,6,6.5
0,71.34,Unused,M,6,6.0
0,17.93,Unused,M,6,6.5
0,121.3,Unused,M,6,6.5
0,8.1,Unused,M,6,6.0
0,10.15,Used,M,6,6.0
0,24.39,Used,M,6,6.5
0,162.69,Used,M,6,73.92
0,53.47,Used,M,6,6.0
0,17.93,Used,M,6,12.99
0,202.84,Used,M,6,6.5
0,100.91,Used,M,6,6.5
0,42.39,Used,M,6,14.41
0,42.39,Used,M,6,6.5
0,151.88,Used,M,6,6.5
0,19.53,Unused,M,6,6.5
0,40.7,Unused,M,6,20.85
0,100.91,Unused,M,6,6.5
0,42.39,Unused,M,6,12.99
0,15.26,Unused,M,6,6.0
0,341.51,Unused,M,6,73.92
0,10.18,Unused,M,6,6.0
0,355.74,Unused,M,6,6.5
0,355.74,Unused,M,6,6.5
0,241.56,Unused,M,6,6.5
0,17.93,Unused,M,6,12.99
0,15.87,Unused,M,6,6.5
0,12.09,Unused,M,6,73.92
0,161.04,Unused,M,6,6.5
1,119.0,Used,F,20,6.0
1,79.0,Used,M,19,6.0
0,119.0,Unused,M,19,6.0
0,61.59,Unused,M,19,6.0
0,158.0,Unused,M,19,6.0
0,59.7,Unused,M,19,19.99
1,59.97,Used,F,31,6.0
0,238.0,Used,F,31,6.0
0,18.99,Used,F,31,6.0
0,39.98,Used,F,31,6.0
0,6.38,Unused,F,31,6.0
0,183.98,Unused,F,31,6.0
0,1.5,Unused,F,31,6.0
0,112.65,Unused,F,31,12.48
0,23.99,Unused,F,31,6.0
0,12.79,Unused,F,31,6.0
0,12.79,Unused,F,31,6.0
0,15.99,Unused,F,31,6.0
0,179.94,Unused,F,31,6.0
0,123.27,Unused,F,31,6.0
0,61.58,Unused,F,31,6.0
0,28.63,Unused,F,31,6.0
1,11.75,Used,F,37,6.0
0,3.18,Used,F,37,16.47
0,23.98,Used,F,37,6.0
0,190.4,Unused,F,37,19.99
0,44.67,Unused,F,37,6.0
0,13.59,Unused,F,37,12.99
0,119.0,Unused,F,37,6.0
0,238.0,Unused,F,37,12.99
0,238.0,Unused,F,37,6.0
0,1.99,Unused,F,37,6.0
0,13.59,Unused,F,37,12.99
1,63.46,Used,F,8,6.0
0,39.97,Used,F,8,6.0
0,149.0,Used,F,8,6.0
0,55.99,Unused,F,8,6.0
0,54.66,Unused,F,8,6.0
0,55.0,Unused,F,8,6.0
0,149.0,Unused,F,8,6.0
0,171.59,Unused,F,8,6.0
0,7.6,Unused,F,8,6.0
0,149.0,Unused,F,8,6.0
1,24.77,Used,F,28,12.48
0,59.98,Used,F,28,12.48
0,119.0,Used,F,28,6.0
0,18.99,Used,F,28,6.0
0,298.0,Used,F,28,12.99
0,113.08,Unused,F,28,12.48
0,59.97,Unused,F,28,12.48
0,119.0,Unused,F,28,6.0
0,119.0,Unused,F,28,6.0
0,268.0,Unused,F,28,6.0
0,357.0,Unused,F,28,6.0
0,149.0,Unused,F,28,12.99
0,16.99,Unused,F,28,6.0
0,4.99,Unused,F,28,6.0
0,47.9,Unused,F,28,12.48
0,39.18,Unused,F,28,12.48
0,13.59,Unused,F,28,12.48
0,298.0,Unused,F,28,6.0
1,1149.6,Used,M,33,53.68
0,268.0,Used,M,33,6.0
0,119.0,Used,M,33,6.0
0,24.7,Used,M,33,6.0
0,10.63,Unused,M,33,6.0
0,13.99,Unused,M,33,6.0
0,149.0,Unused,M,33,6.0
0,3.99,Unused,M,33,6.0
0,15.99,Unused,M,33,6.0
1,278.2,Used,M,19,6.5
0,145.18,Used,M,19,6.5
0,21.98,Used,M,19,6.5
0,57.52,Used,M,19,6.5
0,119.0,Used,M,19,6.5
0,357.0,Used,M,19,6.5
0,238.0,Used,M,19,6.5
0,106.38,Used,M,19,6.5
0,18.99,Used,M,19,6.5
0,149.0,Used,M,19,6.5
0,27.96,Unused,M,19,6.5
0,74.96,Unused,M,19,6.5
0,398.9,Unused,M,19,6.5
0,18.99,Unused,M,19,6.5
0,265.88,Unused,M,19,6.5
0,238.0,Unused,M,19,6.5
0,119.0,Unused,M,19,6.5
0,79.18,Unused,M,19,6.5
0,149.0,Unused,M,19,6.5
0,1.99,Unused,M,19,6.5
0,27.99,Unused,M,19,6.5
0,119.0,Unused,M,19,6.5
0,238.0,Unused,M,19,6.5
0,11.88,Used,M,19,6.5
0,7.0,Used,M,19,6.5
0,41.99,Used,M,19,6.5
0,316.0,Used,M,19,6.5
0,149.0,Used,M,19,6.5
0,298.0,Used,M,19,6.5
0,21.98,Unused,M,19,6.5
0,23.99,Unused,M,19,6.5
0,12.49,Unused,M,19,6.5
0,5.98,Unused,M,19,6.5
0,1.99,Unused,M,19,6.5
0,119.0,Unused,M,19,6.5
0,238.0,Unused,M,19,6.5
0,119.0,Unused,M,19,6.5
0,623.37,Unused,M,19,6.5
0,35.98,Unused,M,19,6.5
0,79.0,Unused,M,19,6.5
0,149.0,Unused,M,19,6.5
0,10.5,Unused,M,19,6.5
0,3.98,Unused,M,19,6.5
0,5.98,Unused,M,19,6.5
0,119.0,Unused,M,19,6.5
0,149.0,Unused,M,19,6.5
0,447.0,Unused,M,19,6.5
0,149.0,Unused,M,19,6.5
0,12.79,Used,M,19,6.5
1,20.39,Used,F,4,6.5
0,100.91,Used,F,4,6.5
0,201.82,Used,F,4,6.5
0,303.76,Used,F,4,6.5
0,8.96,Unused,F,4,12.99
0,249.75,Unused,F,4,6.5
0,121.3,Unused,F,4,6.5
0,303.76,Unused,F,4,6.5
0,303.76,Unused,F,4,6.5
0,151.88,Unused,F,4,6.5
1,59.1,Used,F,33,6.5
0,119.0,Used,F,33,6.5
0,357.0,Used,F,33,6.5
0,14.34,Unused,F,33,6.5
0,119.0,Unused,F,33,6.5
0,237.0,Unused,F,33,6.5
0,33.98,Unused,F,33,6.5
0,111.98,Unused,F,33,6.5
1,33.98,Used,F,19,6.0
0,22.94,Unused,F,19,6.0
0,50.97,Unused,F,19,6.0
0,13.59,Unused,F,19,6.0
0,15.39,Unused,F,19,6.0
0,3.5,Used,F,19,6.0
0,140.0,Used,F,19,12.48
0,58.79,Used,F,19,6.0
0,13.59,Used,F,19,6.0
0,149.0,Used,F,19,6.0
0,7.99,Unused,F,19,12.99
0,140.0,Unused,F,19,12.48
0,17.94,Unused,F,19,6.0
0,15.99,Unused,F,19,6.0
0,149.0,Unused,F,19,12.99
0,158.0,Unused,F,19,6.0
0,16.99,Unused,F,19,6.0
0,11.19,Unused,F,19,12.99
0,38.94,Unused,F,19,6.0
0,298.0,Unused,F,19,6.0
0,10.63,Unused,F,19,6.5
1,41.98,Used,F,32,6.5
0,24.99,Used,F,32,6.5
0,24.99,Used,F,32,6.5
0,18.99,Unused,F,32,6.5
0,41.98,Unused,F,32,6.5
0,49.98,Unused,F,32,6.5
0,49.98,Unused,F,32,6.5
0,43.98,Unused,F,32,6.5
0,79.0,Unused,F,32,6.5
0,21.99,Unused,F,32,6.5
1,50.4,Used,F,32,6.5
0,70.0,Used,F,32,41.18
0,93.58,Used,F,32,6.0
0,149.0,Used,F,32,6.0
0,33.6,Unused,F,32,6.5
0,161.16,Unused,F,32,12.91
0,79.0,Unused,F,32,6.0
0,15.99,Unused,F,32,6.0
1,448.25,Used,M,15,13.38
0,725.35,Used,M,15,15.72
0,151.88,Used,M,15,6.5
0,17.93,Unused,M,15,6.5
0,11.2,Unused,M,15,6.0
0,325.95,Unused,M,15,15.72
0,242.6,Unused,M,15,6.5
0,121.3,Unused,M,15,6.5
0,17.93,Unused,M,15,6.5
0,171.15,Unused,M,15,15.72
0,163.0,Unused,M,15,13.38
1,15.17,Used,M,20,6.5
0,15.0,Used,M,20,49.73
0,9.99,Used,M,20,14.41
0,119.0,Used,M,20,6.5
0,238.0,Used,M,20,6.5
0,1119.72,Used,M,20,6.5
0,149.0,Used,M,20,6.5
0,69.91,Unused,M,20,49.73
0,2.99,Unused,M,20,14.41
0,54.35,Unused,M,20,6.5
0,167.7,Unused,M,20,6.5
0,357.0,Unused,M,20,6.5
0,19.99,Unused,M,20,6.5
0,395.0,Unused,M,20,6.5
0,59.99,Unused,M,20,6.5
0,3679.08,Unused,M,20,6.5
0,19.96,Unused,M,20,49.73
0,7.98,Unused,M,20,6.5
0,15.19,Unused,M,20,6.5
0,357.0,Unused,M,20,6.5
0,316.0,Unused,M,20,6.5
0,3879.03,Unused,M,20,6.5
0,149.0,Unused,M,20,6.5
1,2.39,Used,M,20,20.85
0,18.36,Unused,M,20,6.0
0,8.79,Unused,M,20,20.85
0,5.98,Used,M,20,6.0
0,27.5,Used,M,20,6.0
0,26.25,Used,M,20,6.0
0,279.0,Used,M,20,6.0
0,119.0,Used,M,20,6.0
0,349.0,Used,M,20,12.99
0,149.0,Used,M,20,12.99
0,149.0,Used,M,20,6.0
0,298.0,Used,M,20,19.99
0,3.8,Used,M,20,6.0
0,8.98,Unused,M,20,6.0
0,21.0,Unused,M,20,6.0
0,149.0,Unused,M,20,6.0
0,149.0,Unused,M,20,6.0
0,149.0,Unused,M,20,6.0
0,79.0,Unused,M,20,6.0
0,298.0,Unused,M,20,6.0
0,24.0,Unused,M,20,6.0
0,6.8,Unused,M,20,6.0
0,149.0,Unused,M,20,6.0
0,149.0,Unused,M,20,6.0
1,238.0,Used,M,41,19.99
0,238.0,Used,M,41,19.99
0,298.0,Used,M,41,6.0
0,3.5,Unused,M,41,6.0
0,54.38,Unused,M,41,6.5
0,447.0,Unused,M,41,8.7
0,119.0,Unused,M,41,6.0
0,149.0,Unused,M,41,6.0
0,54.38,Unused,M,41,6.5
0,79.0,Unused,M,41,6.0
1,46.78,Used,F,4,6.5
0,51.96,Unused,F,4,6.5
0,349.0,Unused,F,4,6.5
0,17.59,Unused,F,4,6.5
1,4.99,Used,F,46,6.5
0,49.58,Used,F,46,6.5
0,4.79,Used,F,46,6.5
0,119.0,Used,F,46,6.5
0,1.59,Unused,F,46,6.5
0,9.58,Unused,F,46,6.5
0,18.99,Unused,F,46,6.5
0,119.0,Unused,F,46,6.5
0,198.0,Unused,F,46,6.5
0,17.59,Unused,F,46,6.5
0,19.99,Unused,F,46,20.0
0,298.0,Unused,F,46,6.5
0,36.78,Unused,F,46,6.5
1,10.39,Unused,F,46,6.0
0,119.0,Unused,F,46,6.0
0,12.99,Unused,F,46,50.0
1,69.99,Used,F,46,6.0
0,6.48,Used,F,46,50.0
0,238.0,Used,F,46,6.0
0,6.0,Unused,F,46,6.0
0,15.19,Unused,F,46,12.99
0,74.99,Unused,F,46,50.0
0,10.63,Unused,F,46,12.99
1,15.0,Unused,F,46,6.0
1,9.98,Used,F,33,6.5
0,476.0,Used,F,33,6.5
0,208.0,Used,F,33,8.7
0,119.0,Unused,F,33,6.5
0,149.0,Unused,F,33,6.5
0,199.0,Unused,F,33,8.7
0,104.0,Unused,F,33,8.7
1,15.0,Used,F,5,6.0
0,357.0,Used,F,5,6.0
0,309.02,Unused,F,5,6.0
0,29.94,Unused,F,5,6.0
0,119.0,Unused,F,5,6.0
0,238.0,Unused,F,5,6.0
0,11.96,Unused,F,5,6.0
0,23.96,Unused,F,5,6.0
1,61.89,Unused,F,41,6.5
1,53.18,Used,F,41,6.0
0,15.99,Used,F,41,12.99
0,42.93,Unused,F,41,6.0
0,119.0,Unused,F,41,12.99
0,13.99,Unused,F,41,19.99
0,119.0,Unused,F,41,6.0
0,119.0,Unused,F,41,19.99
0,15.99,Unused,F,41,12.99
0,149.0,Unused,F,41,6.0
0,13.59,Unused,F,41,6.0
0,61.1,Used,F,41,6.0
0,20.16,Used,F,41,6.0
0,18.87,Used,F,41,6.0
0,4.56,Used,F,41,6.0
0,119.0,Used,F,41,6.0
0,357.0,Used,F,41,6.0
0,1.68,Unused,F,41,6.0
0,33.19,Unused,F,41,6.0
0,42.39,Unused,F,41,6.0
0,22.79,Unused,F,41,12.99
0,18.79,Unused,F,41,6.0
0,4.56,Unused,F,41,6.0
0,14.16,Unused,F,41,6.0
0,149.0,Unused,F,41,6.0
1,3.5,Used,F,41,6.0
0,70.0,Used,F,41,6.5
0,74.88,Used,F,41,6.0
0,4.56,Used,F,41,6.0
0,3.5,Unused,F,41,6.0
0,64.0,Unused,F,41,12.48
0,103.08,Unused,F,41,6.0
0,5.7,Unused,F,41,6.0
0,119.0,Unused,F,41,6.0
0,25.5,Unused,F,41,6.0
0,81.54,Unused,F,41,20.85
0,349.0,Unused,F,41,6.0
0,32.49,Unused,F,41,6.0
0,199.0,Unused,F,41,6.0
0,29.94,Unused,F,41,6.0
1,1.99,Used,M,27,6.0
0,106.19,Used,M,27,12.99
0,13.43,Used,M,27,6.0
0,43.64,Used,M,27,6.5
0,15.19,Used,M,27,6.0
0,36.98,Used,M,27,6.0
0,16.23,Unused,M,27,6.5
0,72.98,Unused,M,27,6.0
0,9.97,Unused,M,27,6.0
0,4.78,Unused,M,27,6.0
0,22.38,Unused,M,27,6.5
0,357.0,Unused,M,27,6.0
0,15.19,Unused,M,27,6.0
0,35.26,Unused,M,27,6.5
0,6.99,Unused,M,27,6.0
0,53.15,Unused,M,27,6.5
1,119.0,Used,F,25,6.5
0,119.0,Unused,F,25,6.5
0,158.0,Unused,F,25,6.5
1,544.0,Used,F,25,12.99
1,31.8,Unused,F,25,6.5
1,119.0,Used,F,25,6.0
0,10.63,Used,F,25,19.99
0,238.0,Unused,F,25,6.0
0,231.03,Unused,F,25,17.84
0,13.59,Unused,F,25,19.99
1,50.19,Used,M,16,49.62
0,149.0,Used,M,16,6.0
0,307.74,Unused,M,16,49.62
0,165.88,Unused,M,16,49.62
0,238.0,Unused,M,16,6.0
1,43.98,Used,M,28,13.35
0,19.95,Used,M,28,6.0
0,82.21,Unused,M,28,13.35
1,238.0,Used,M,28,6.0
0,419.75,Used,M,28,53.78
0,79.99,Unused,M,28,6.5
0,119.0,Unused,M,28,6.0
0,119.0,Unused,M,28,6.0
0,13.29,Unused,M,28,6.0
0,31.6,Unused,M,28,6.5
0,79.99,Unused,M,28,6.0
1,215.91,Used,F,45,6.0
0,8.4,Used,F,45,19.99
0,5.04,Used,F,45,6.0
0,13.29,Used,F,45,6.0
0,41.11,Used,F,45,6.0
0,47.8,Used,F,45,6.5
0,9.12,Used,F,45,6.0
0,119.0,Used,F,45,6.0
0,51.59,Used,F,45,6.5
0,158.0,Used,F,45,6.0
0,16.99,Used,F,45,6.0
0,149.0,Used,F,45,6.0
0,1952.78,Unused,F,45,6.0
0,2.8,Unused,F,45,19.99
0,2.22,Unused,F,45,6.0
0,44.79,Unused,F,45,6.5
0,12.15,Unused,F,45,6.0
0,238.0,Unused,F,45,6.0
0,238.0,Unused,F,45,6.0
0,9.51,Unused,F,45,6.0
0,18.99,Unused,F,45,6.0
0,316.0,Unused,F,45,6.0
0,2548.5,Unused,F,45,6.0
0,8.79,Unused,F,45,6.0
0,143.94,Unused,F,45,6.0
0,4.56,Unused,F,45,6.0
0,37.49,Unused,F,45,6.0
1,35.97,Used,F,48,18.47
0,238.0,Used,F,48,6.5
0,18.49,Unused,F,48,6.5
0,35.18,Unused,F,48,18.47
0,30.39,Unused,F,48,18.47
1,2.97,Used,F,48,6.0
0,7.96,Used,F,48,6.0
0,32.94,Unused,F,48,6.0
0,59.9,Unused,F,48,6.0
0,15.19,Unused,F,48,6.0
0,11.94,Unused,F,48,6.0
1,19.59,Unused,M,12,6.5
1,11.7,Used,F,37,6.0
0,13.99,Used,F,37,6.0
0,5.7,Unused,F,37,6.0
0,4.56,Unused,F,37,6.0
1,49.44,Used,F,11,6.5
1,44.79,Used,F,11,6.0
0,119.0,Used,F,11,6.0
0,149.0,Used,F,11,8.7
0,119.0,Used,F,11,6.0
0,41.09,Unused,F,11,6.0
0,8.99,Unused,F,11,6.0
0,238.0,Unused,F,11,6.0
0,119.0,Unused,F,11,6.0
0,119.0,Unused,F,11,6.0
0,395.0,Unused,F,11,6.0
0,13.29,Unused,F,11,6.0
0,149.0,Unused,F,11,6.0
0,16.99,Unused,F,11,6.0
0,237.0,Used,F,11,6.0
0,395.0,Used,F,11,19.99
0,316.0,Used,F,11,6.0
0,79.0,Used,F,11,19.99
0,7.0,Unused,F,11,6.0
0,55.99,Unused,F,11,6.0
0,35.97,Unused,F,11,6.0
0,143.7,Unused,F,11,16.1
0,31.99,Unused,F,11,6.0
0,119.0,Unused,F,11,6.0
0,357.0,Unused,F,11,19.99
0,119.0,Unused,F,11,6.0
0,268.0,Unused,F,11,6.0
0,238.0,Unused,F,11,19.99
0,29.58,Unused,F,11,6.0
0,298.0,Unused,F,11,6.0
0,158.0,Unused,F,11,6.0
0,149.0,Unused,F,11,6.0
0,149.0,Unused,F,11,6.0
0,149.0,Unused,F,11,6.0
0,149.0,Unused,F,11,6.0
0,3.5,Unused,F,11,6.0
0,9.98,Unused,F,11,6.0
0,263.7,Unused,F,11,16.1
0,238.0,Unused,F,11,19.99
0,119.0,Unused,F,11,6.0
0,16.99,Unused,F,11,6.0
1,40.38,Used,F,11,6.0
0,48.98,Used,F,11,6.0
0,47.96,Used,F,11,6.0
0,119.0,Used,F,11,6.0
0,387.0,Used,F,11,6.0
0,15.99,Used,F,11,19.99
0,298.0,Used,F,11,6.0
0,149.0,Used,F,11,6.0
0,28.0,Unused,F,11,6.0
0,57.55,Unused,F,11,6.0
0,39.99,Unused,F,11,19.99
0,52.07,Unused,F,11,6.0
0,1139.0,Unused,F,11,6.0
0,119.0,Unused,F,11,6.0
0,316.0,Unused,F,11,6.0
0,13.59,Unused,F,11,6.0
0,15.99,Unused,F,11,6.0
0,238.0,Unused,F,11,12.99
0,28.78,Used,F,11,6.0
0,19.99,Used,F,11,6.0
0,158.0,Used,F,11,6.0
0,48.76,Unused,F,11,6.0
0,417.0,Unused,F,11,6.0
0,476.0,Unused,F,11,6.0
0,10.63,Unused,F,11,6.0
0,149.0,Unused,F,11,12.99
0,26.53,Unused,F,11,6.0
0,149.0,Unused,F,11,6.0
0,72.65,Used,F,11,6.0
0,264.0,Unused,F,11,12.48
0,13.29,Unused,F,11,6.0
0,20.99,Unused,F,11,6.0
0,4.8,Unused,F,11,6.0
0,4.78,Unused,F,11,6.0
0,10.39,Used,F,11,6.0
0,15.99,Used,F,11,19.99
0,6.15,Unused,F,11,6.0
0,199.0,Unused,F,11,6.0
0,31.35,Unused,F,11,6.0
0,15.99,Unused,F,11,19.99
1,1.59,Used,F,11,6.0
0,13.92,Unused,F,11,6.0
0,238.0,Unused,F,11,6.0
1,273.39,Used,F,11,6.5
0,121.3,Used,F,11,12.99
0,242.6,Used,F,11,6.5
0,242.6,Used,F,11,19.99
0,437.3,Unused,F,11,19.99
0,199.8,Unused,F,11,19.99
0,100.91,Unused,F,11,12.99
0,20.38,Unused,F,11,6.0
0,706.36,Unused,F,11,6.5
0,151.88,Unused,F,11,12.99
0,71.34,Unused,F,11,6.0
0,100.91,Unused,F,11,12.99
1,17.59,Used,F,8,6.5
0,109.98,Used,F,8,6.5
0,395.0,Used,F,8,6.5
0,298.0,Used,F,8,6.5
0,447.0,Used,F,8,6.5
0,20.97,Unused,F,8,6.5
0,1.2,Unused,F,8,6.5
0,44.79,Unused,F,8,6.5
0,119.0,Unused,F,8,6.5
0,79.0,Unused,F,8,6.5
0,158.0,Unused,F,8,6.5
0,298.0,Unused,F,8,6.5
0,67.19,Unused,F,8,6.5
0,79.0,Unused,F,8,6.5
0,149.0,Unused,F,8,6.5
0,319.25,Used,F,8,99.55
0,1.2,Used,F,8,6.5
0,17.58,Used,F,8,20.78
0,23.95,Used,F,8,12.76
0,13.59,Used,F,8,20.78
0,238.0,Used,F,8,6.5
0,16.99,Used,F,8,6.5
0,79.0,Used,F,8,13.78
0,237.0,Used,F,8,6.5
0,149.0,Used,F,8,6.5
0,250.0,Unused,F,8,0.0
0,8.79,Unused,F,8,12.76
0,17.59,Unused,F,8,6.5
0,23.95,Unused,F,8,20.78
0,9.98,Unused,F,8,6.5
0,1.99,Unused,F,8,6.5
0,119.0,Unused,F,8,6.5
0,119.0,Unused,F,8,6.5
0,238.0,Unused,F,8,64.01
0,238.0,Unused,F,8,6.5
0,268.0,Unused,F,8,6.5
0,238.0,Unused,F,8,6.5
0,60.76,Unused,F,8,6.5
0,67.19,Unused,F,8,6.5
0,10.39,Unused,F,8,6.5
0,4.79,Unused,F,8,6.5
0,30.38,Unused,F,8,6.5
0,13.59,Unused,F,8,20.78
0,115.98,Unused,F,8,6.5
0,149.0,Unused,F,8,6.5
1,15.99,Used,F,8,6.0
0,7.58,Unused,F,8,6.0
0,199.0,Unused,F,8,6.0
0,17.59,Unused,F,8,6.0
0,13.59,Unused,F,8,6.0
0,19.18,Unused,F,8,6.0
0,15.99,Unused,F,8,6.0
1,2.8,Unused,M,6,12.48
1,33.59,Used,F,35,6.0
0,18.99,Used,F,35,6.0
0,33.59,Unused,F,35,6.0
0,33.59,Unused,F,35,6.0
0,67.18,Unused,F,35,6.0
0,55.99,Unused,F,35,6.0
0,119.0,Unused,F,35,6.0
1,15.99,Unused,F,35,6.5
0,298.0,Unused,F,35,6.5
1,20.99,Used,M,2,6.0
0,2.99,Used,M,2,6.0
0,119.0,Used,M,2,6.0
0,119.0,Used,M,2,6.0
0,119.0,Used,M,2,6.0
0,149.0,Used,M,2,6.0
0,13.59,Used,M,2,6.0
0,57.49,Unused,M,2,6.0
0,2.39,Unused,M,2,6.0
0,12.4,Unused,M,2,6.0
0,2.99,Unused,M,2,6.0
0,238.0,Unused,M,2,6.0
0,119.0,Unused,M,2,6.0
0,119.0,Unused,M,2,6.0
0,298.0,Unused,M,2,6.0
0,79.0,Unused,M,2,6.0
0,15.19,Unused,M,2,6.0
0,3.49,Unused,M,2,6.0
0,642.4,Unused,M,2,80.38
0,9.49,Unused,M,2,6.0
0,119.0,Unused,M,2,6.0
0,13.99,Unused,M,2,6.0
0,11.19,Unused,M,2,6.0
1,48.92,Used,M,26,6.5
0,100.91,Used,M,26,6.5
0,121.3,Used,M,26,6.5
0,273.18,Used,M,26,19.99
0,151.88,Used,M,26,6.5
0,151.88,Used,M,26,6.5
0,21.4,Unused,M,26,6.5
0,447.78,Unused,M,26,12.91
0,202.84,Unused,M,26,6.5
0,4.88,Unused,M,26,6.5
0,363.9,Unused,M,26,6.5
0,121.3,Unused,M,26,6.5
0,151.88,Unused,M,26,6.5
0,202.84,Unused,M,26,8.7
0,242.6,Unused,M,26,6.5
0,151.88,Unused,M,26,6.5
1,29.97,Used,F,31,6.0
0,18.99,Used,F,31,6.0
0,237.0,Used,F,31,6.0
0,238.0,Unused,F,31,6.0
0,119.0,Unused,F,31,6.0
0,119.0,Unused,F,31,6.0
0,11.4,Unused,F,31,6.0
1,119.0,Unused,F,20,6.0
0,27.28,Unused,F,20,6.0
0,149.0,Unused,F,20,6.0
0,149.0,Unused,F,20,6.0
0,149.0,Unused,F,20,6.0
0,13.99,Unused,F,20,6.0
1,3.59,Used,F,39,6.0
0,1.59,Used,F,39,6.0
0,27.94,Used,F,39,6.0
0,45.98,Used,F,39,6.0
0,187.58,Used,F,39,6.0
0,44.79,Used,F,39,22.71
0,44.79,Used,F,39,6.0
0,13.29,Used,F,39,6.0
0,15.99,Used,F,39,6.0
0,15.99,Used,F,39,6.0
0,16.22,Unused,F,39,6.0
0,160.11,Unused,F,39,6.0
0,53.58,Unused,F,39,22.71
0,3.91,Unused,F,39,6.0
0,40.94,Unused,F,39,6.0
0,175.51,Unused,F,39,6.0
0,174.97,Unused,F,39,6.0
0,13.29,Unused,F,39,6.0
0,21.58,Unused,F,39,6.0
0,119.0,Unused,F,39,6.0
0,238.0,Unused,F,39,6.0
0,119.0,Unused,F,39,6.0
0,476.0,Unused,F,39,6.0
0,119.0,Unused,F,39,6.0
0,15.99,Unused,F,39,6.0
0,298.0,Unused,F,39,6.0
0,48.97,Unused,F,39,6.0
0,8.77,Unused,F,39,6.0
0,15.19,Unused,F,39,6.0
0,31.98,Unused,F,39,6.0
1,99.0,Used,M,7,6.0
0,99.0,Used,M,7,6.5
0,13.29,Used,M,7,20.0
0,238.0,Used,M,7,6.5
0,238.0,Used,M,7,6.5
0,198.0,Used,M,7,6.5
0,316.0,Used,M,7,6.5
0,79.0,Used,M,7,6.5
0,149.0,Used,M,7,6.5
0,149.0,Used,M,7,6.5
0,298.0,Used,M,7,6.5
0,149.0,Used,M,7,12.99
0,362.94,Unused,M,7,6.0
0,62.98,Unused,M,7,6.0
0,714.0,Unused,M,7,6.5
0,99.0,Unused,M,7,6.5
0,41.59,Unused,M,7,6.5
0,19.99,Unused,M,7,6.0
0,119.0,Unused,M,7,6.5
0,595.0,Unused,M,7,6.5
0,119.0,Unused,M,7,6.5
0,119.0,Unused,M,7,6.5
0,119.0,Unused,M,7,6.5
0,468.0,Unused,M,7,6.5
0,119.0,Unused,M,7,6.5
0,33.25,Unused,M,7,6.0
0,428.0,Unused,M,7,6.5
0,447.0,Unused,M,7,6.5
0,16.99,Unused,M,7,6.0
0,395.0,Unused,M,7,6.5
0,149.0,Unused,M,7,6.5
0,149.0,Unused,M,7,6.5
0,27.5,Unused,M,7,6.0
1,17.31,Used,F,18,6.5
0,165.04,Used,F,18,6.5
0,245.54,Used,F,18,6.5
0,122.77,Used,F,18,6.5
0,245.54,Used,F,18,6.5
0,245.54,Used,F,18,6.5
0,245.54,Used,F,18,6.5
0,14.02,Used,F,18,6.5
0,13.4,Used,F,18,6.5
0,61.89,Used,F,18,6.5
0,153.71,Used,F,18,6.5
0,14.42,Unused,F,18,6.5
0,248.01,Unused,F,18,6.5
0,21.64,Unused,F,18,6.5
0,122.77,Unused,F,18,6.5
0,205.3,Unused,F,18,6.5
0,368.31,Unused,F,18,6.5
0,245.54,Unused,F,18,6.5
0,122.77,Unused,F,18,6.5
0,81.5,Unused,F,18,6.5
0,244.5,Unused,F,18,6.5
0,81.5,Unused,F,18,6.5
0,15.67,Unused,F,18,6.5
0,153.71,Unused,F,18,6.5
0,153.71,Unused,F,18,6.5
0,53.64,Unused,F,18,6.5
0,2.05,Unused,F,18,6.5
0,122.77,Unused,F,18,6.5
0,122.77,Unused,F,18,6.5
0,122.77,Unused,F,18,6.5
0,122.77,Unused,F,18,6.5
0,14.02,Unused,F,18,6.5
0,180.44,Used,F,18,6.5
0,103.16,Used,F,18,0.0
0,57.76,Used,F,18,6.5
0,82.52,Used,F,18,6.5
0,20.11,Used,F,18,6.5
0,102.12,Used,F,18,6.5
0,122.77,Used,F,18,6.5
0,245.54,Used,F,18,6.5
0,23.08,Used,F,18,6.5
0,155.12,Used,F,18,6.5
0,153.71,Used,F,18,6.5
0,153.71,Used,F,18,6.5
0,601.06,Unused,F,18,6.5
0,20.59,Unused,F,18,6.5
0,120.47,Unused,F,18,6.5
0,108.1,Unused,F,18,6.5
0,2.05,Unused,F,18,6.5
0,122.77,Unused,F,18,6.5
0,122.77,Unused,F,18,6.5
0,122.77,Unused,F,18,6.5
0,195.9,Unused,F,18,139.57
0,81.5,Unused,F,18,6.5
0,5.15,Unused,F,18,6.5
0,515.0,Unused,F,18,6.5
0,81.7,Unused,F,18,6.5
0,122.77,Unused,F,18,6.5
0,163.0,Unused,F,18,6.5
0,41.26,Unused,F,18,6.5
0,14.02,Unused,F,18,6.5
0,14.02,Unused,F,18,6.5
0,153.71,Unused,F,18,6.5
1,55.99,Used,F,18,6.5
0,44.79,Used,F,18,6.5
0,119.0,Used,F,18,6.5
0,268.0,Used,F,18,6.5
0,158.0,Used,F,18,6.5
0,21.99,Used,F,18,6.5
0,5.57,Unused,F,18,6.5
0,1.99,Unused,F,18,6.5
0,119.0,Unused,F,18,6.5
0,149.0,Unused,F,18,6.5
0,119.0,Unused,F,18,6.5
0,149.0,Unused,F,18,6.5
1,11.6,Used,F,18,6.5
0,316.0,Used,F,18,12.99
0,23.2,Unused,F,18,6.5
0,544.0,Unused,F,18,6.5
0,395.0,Unused,F,18,6.5
0,307.0,Unused,F,18,6.5
0,357.0,Unused,F,18,6.5
1,5.6,Used,M,38,6.5
0,14.99,Used,M,38,6.0
0,13.9,Used,M,38,6.0
0,37.6,Unused,M,38,6.5
0,271.6,Unused,M,38,12.91
0,14.68,Unused,M,38,6.0
0,25.49,Unused,M,38,6.0
0,19.99,Unused,M,38,12.99
0,23.76,Unused,M,38,6.0
1,20.39,Used,M,14,6.5
0,8.96,Used,M,14,6.5
0,8.96,Used,M,14,6.5
0,99.9,Used,M,14,6.5
0,151.63,Used,M,14,6.5
0,100.91,Used,M,14,6.5
0,3.05,Used,M,14,6.0
0,121.3,Used,M,14,6.5
0,242.6,Used,M,14,6.5
0,11.82,Used,M,14,6.5
0,303.76,Used,M,14,6.5
0,476.03,Unused,M,14,6.5
0,20.38,Unused,M,14,6.5
0,100.91,Unused,M,14,6.5
0,20.38,Unused,M,14,6.0
0,3.05,Unused,M,14,6.0
0,121.3,Unused,M,14,6.5
0,242.6,Unused,M,14,6.5
0,242.6,Unused,M,14,6.5
0,121.3,Unused,M,14,6.5
0,121.3,Unused,M,14,6.5
0,11.82,Unused,M,14,6.5
0,455.64,Unused,M,14,6.5
0,161.04,Unused,M,14,12.99
0,80.52,Unused,M,14,6.5
0,151.88,Unused,M,14,6.5
0,26.88,Unused,M,14,6.5
0,546.36,Unused,M,14,6.5
0,355.74,Unused,M,14,6.5
1,121.3,Used,F,13,6.5
0,15.01,Unused,F,13,6.0
0,8.96,Unused,F,13,6.5
0,100.91,Unused,F,13,6.5
0,363.9,Unused,F,13,6.5
0,121.3,Unused,F,13,6.5
0,355.74,Unused,F,13,6.5
0,355.74,Unused,F,13,6.5
0,711.48,Unused,F,13,6.5
0,151.88,Unused,F,13,6.5
0,161.04,Unused,F,13,6.5
0,8.15,Unused,F,13,6.5
0,151.88,Unused,F,13,6.5
0,35.13,Unused,F,13,6.0
0,121.3,Unused,F,13,6.5
1,105.0,Used,F,28,6.0
0,8.0,Used,F,28,6.5
0,99.0,Used,F,28,6.0
0,99.0,Used,F,28,6.0
0,297.0,Used,F,28,6.0
0,119.5,Used,F,28,41.22
0,119.0,Used,F,28,6.0
0,79.0,Used,F,28,6.0
0,149.0,Used,F,28,6.0
0,69.99,Unused,F,28,6.0
0,178.0,Unused,F,28,6.0
0,56.49,Unused,F,28,6.5
0,119.99,Unused,F,28,6.5
0,119.99,Unused,F,28,6.5
0,41.59,Unused,F,28,14.41
0,239.0,Unused,F,28,41.22
0,706.0,Unused,F,28,6.0
0,119.0,Unused,F,28,6.0
0,79.0,Unused,F,28,6.0
0,149.0,Unused,F,28,6.0
0,298.0,Unused,F,28,6.0
0,99.0,Unused,F,28,6.0
0,23.9,Unused,F,28,6.5
0,119.0,Unused,F,28,6.0
0,149.0,Unused,F,28,6.0
0,395.0,Unused,F,28,6.0
1,9.27,Used,M,46,6.5
0,153.71,Used,M,46,6.5
0,153.71,Used,M,46,6.5
0,45.38,Used,M,46,6.5
0,49.44,Unused,M,46,6.5
0,42.91,Unused,M,46,6.5
0,122.77,Unused,M,46,28.78
0,122.77,Unused,M,46,6.5
0,491.08,Unused,M,46,6.5
0,15.67,Unused,M,46,6.5
0,16.5,Unused,M,46,6.5
0,19.59,Unused,M,46,6.5
0,46.21,Unused,M,46,6.5
0,245.54,Unused,M,46,6.5
1,54.37,Unused,M,46,6.5
0,81.36,Unused,M,46,20.85
0,2.39,Unused,M,46,6.5
1,119.0,Used,M,46,6.0
0,13.59,Used,M,46,6.0
0,13.59,Used,M,46,6.5
0,19.99,Unused,M,46,6.0
0,11.68,Unused,M,46,6.0
0,149.0,Unused,M,46,6.0
0,27.58,Unused,M,46,6.0
1,1444.15,Unused,F,21,6.0
0,1206.29,Unused,F,21,6.0
0,5.99,Unused,F,21,6.0
1,1.29,Used,F,22,6.5
0,153.71,Used,F,22,6.5
0,2.05,Unused,F,22,6.5
0,153.71,Unused,F,22,6.5
0,153.71,Unused,F,22,6.5
1,30.39,Used,M,48,12.99
0,149.0,Used,M,48,6.0
0,19.99,Used,M,48,6.0
0,173.15,Unused,M,48,6.0
0,13.59,Unused,M,48,12.99
0,79.0,Unused,M,48,6.0
0,79.0,Unused,M,48,6.0
0,158.0,Unused,M,48,6.0
1,215.25,Used,F,17,25.44
0,85.04,Used,F,17,12.48
0,13.59,Used,F,17,6.0
0,27.18,Unused,F,17,6.0
0,517.65,Unused,F,17,25.44
1,8.4,Used,F,22,6.0
0,149.0,Used,F,22,6.0
0,8.4,Unused,F,22,6.0
0,357.0,Unused,F,22,6.0
0,119.0,Unused,F,22,6.0
1,11.19,Used,F,18,6.5
0,14.0,Used,F,18,24.49
0,106.66,Used,F,18,12.48
0,121.8,Unused,F,18,24.49
0,62.76,Unused,F,18,6.5
0,68.75,Unused,F,18,12.48
1,57.41,Used,F,18,12.99
0,18.99,Used,F,18,6.0
0,20.7,Used,F,18,6.0
0,10.63,Used,F,18,6.0
0,75.95,Used,F,18,19.02
0,149.0,Used,F,18,6.0
0,79.0,Used,F,18,6.0
0,298.0,Used,F,18,6.0
0,159.09,Unused,F,18,6.0
0,141.06,Unused,F,18,12.99
0,714.0,Unused,F,18,6.0
0,149.0,Unused,F,18,6.0
0,149.0,Unused,F,18,6.0
0,149.0,Unused,F,18,6.0
0,17.94,Unused,F,18,12.99
0,15.19,Used,F,18,6.0
0,5.98,Unused,F,18,6.0
0,42.7,Unused,F,18,6.0
1,23.99,Used,F,10,44.06
0,84.08,Unused,F,10,44.06
1,15.39,Used,F,10,6.0
0,4.99,Unused,F,10,6.0
1,39.98,Unused,F,10,6.5
1,2.39,Used,F,10,6.0
0,149.0,Used,F,10,6.0
0,3.19,Unused,F,10,6.0
0,119.0,Unused,F,10,6.0
1,119.0,Used,F,10,6.5
0,79.0,Used,F,10,6.5
0,119.0,Unused,F,10,6.5
0,158.0,Unused,F,10,6.5
0,149.0,Unused,F,10,6.5
0,0.51,Used,F,10,6.0
0,303.76,Unused,F,10,6.5
1,12.97,Used,M,11,6.5
0,35.85,Used,M,11,13.78
0,119.0,Used,M,11,6.5
0,119.0,Used,M,11,6.5
0,238.0,Used,M,11,6.5
0,119.0,Used,M,11,6.5
0,119.0,Used,M,11,6.5
0,119.0,Used,M,11,6.5
0,158.0,Used,M,11,6.5
0,149.0,Used,M,11,6.5
0,21.99,Unused,M,11,6.5
0,11.96,Unused,M,11,6.5
0,28.68,Unused,M,11,12.76
0,59.85,Unused,M,11,13.78
0,119.0,Unused,M,11,6.5
0,119.0,Unused,M,11,6.5
0,119.0,Unused,M,11,6.5
0,268.0,Unused,M,11,6.5
0,238.0,Unused,M,11,6.5
0,79.0,Unused,M,11,6.5
0,149.0,Unused,M,11,6.5
0,149.0,Unused,M,11,6.5
0,17.58,Unused,M,11,6.5
0,149.0,Unused,M,11,6.5
0,15.19,Used,M,11,6.5
0,79.0,Used,M,11,6.5
0,298.0,Unused,M,11,6.5
1,49.28,Used,M,11,6.0
0,38.39,Used,M,11,6.0
0,18.99,Used,M,11,6.0
0,16.99,Used,M,11,6.0
0,158.0,Used,M,11,6.0
0,50.0,Unused,M,11,0.0
0,119.0,Unused,M,11,6.0
0,595.0,Unused,M,11,6.0
0,566.0,Unused,M,11,6.0
0,149.0,Unused,M,11,6.0
0,43.28,Unused,M,11,6.0
0,30.28,Unused,M,11,6.0
0,158.0,Unused,M,11,6.0
1,9.56,Used,M,11,6.0
0,27.19,Used,M,11,6.0
0,79.99,Used,M,11,6.5
0,18.99,Used,M,11,6.0
0,10.63,Used,M,11,6.0
0,13.29,Used,M,11,6.0
0,357.0,Used,M,11,6.0
0,119.0,Used,M,11,6.0
0,238.0,Used,M,11,6.0
0,238.0,Used,M,11,6.0
0,158.0,Used,M,11,6.0
0,79.0,Used,M,11,6.0
0,237.0,Used,M,11,6.0
0,149.0,Used,M,11,6.0
0,182.59,Unused,M,11,6.0
0,42.52,Unused,M,11,6.0
0,37.98,Unused,M,11,12.99
0,13.43,Unused,M,11,6.0
0,39.87,Unused,M,11,6.0
0,10.63,Unused,M,11,6.0
0,119.0,Unused,M,11,6.0
0,238.0,Unused,M,11,6.0
0,119.0,Unused,M,11,6.0
0,119.0,Unused,M,11,6.0
0,119.0,Unused,M,11,6.0
0,395.0,Unused,M,11,6.0
0,160.19,Unused,M,11,6.0
0,149.0,Unused,M,11,6.0
0,149.0,Unused,M,11,6.0
0,149.0,Unused,M,11,6.0
0,8.79,Unused,M,11,6.0
0,238.0,Unused,M,11,6.0
0,13.59,Unused,M,11,6.0
0,18.99,Unused,M,11,6.0
1,13.66,Used,M,11,6.0
0,151.96,Used,M,11,6.0
0,32.49,Unused,M,11,6.0
0,9.75,Unused,M,11,6.0
0,15.0,Unused,M,11,6.0
0,31.18,Unused,M,11,6.0
0,78.45,Unused,M,11,6.0
0,119.0,Unused,M,11,6.0
0,238.0,Unused,M,11,6.0
0,119.0,Unused,M,11,6.5
0,2.8,Unused,M,11,6.0
0,2.1,Unused,M,11,6.0
0,198.0,Unused,M,11,6.0
0,119.0,Unused,M,11,6.0
0,33.0,Unused,M,11,6.0
1,113.39,Used,M,11,6.0
0,7.17,Used,M,11,6.5
0,357.0,Used,M,11,6.0
0,11.79,Unused,M,11,6.0
0,14.38,Unused,M,11,6.5
0,297.0,Unused,M,11,6.0
0,180.65,Unused,M,11,6.0
0,386.0,Unused,M,11,6.0
0,74.85,Unused,M,11,6.0
0,10.36,Unused,M,11,6.5
0,149.0,Unused,M,11,6.0
1,15.19,Used,F,25,6.5
0,357.0,Used,F,25,6.5
0,67.19,Unused,F,25,6.5
0,149.0,Unused,F,25,6.5
1,23.97,Used,F,25,6.0
0,15.19,Used,F,25,6.0
0,22.45,Unused,F,25,6.0
0,2.99,Unused,F,25,6.0
0,15.19,Unused,F,25,6.0
1,12.99,Used,M,13,6.5
0,119.0,Unused,M,13,6.5
1,29.56,Used,M,13,6.0
0,3.18,Used,M,13,12.48
0,2.99,Used,M,13,6.0
0,55.0,Used,M,13,6.0
0,153.96,Unused,M,13,12.48
0,15.19,Unused,M,13,6.0
1,44.0,Used,F,20,6.0
0,15.19,Used,F,20,19.02
0,79.99,Unused,F,20,19.02
0,38.71,Unused,F,20,6.0
0,83.98,Unused,F,20,19.02
1,42.32,Used,F,19,12.48
0,71.34,Used,F,19,6.0
0,17.93,Used,F,19,6.5
0,169.81,Used,F,19,6.5
0,127.5,Used,F,19,6.0
0,127.17,Used,F,19,6.5
0,7.55,Used,F,19,6.5
0,6.94,Used,F,19,6.5
0,121.3,Used,F,19,6.5
0,121.3,Used,F,19,6.5
0,30.38,Unused,F,19,6.0
0,185.76,Unused,F,19,12.48
0,16.3,Unused,F,19,6.5
0,121.3,Unused,F,19,6.5
0,363.9,Unused,F,19,6.5
0,3.47,Unused,F,19,6.5
0,303.76,Unused,F,19,6.5
0,151.88,Unused,F,19,6.5
0,151.88,Unused,F,19,6.5
0,202.84,Unused,F,19,6.5
0,121.3,Unused,F,19,6.5
1,9.88,Used,F,27,6.5
0,40.21,Used,F,27,6.5
0,245.54,Unused,F,27,6.5
0,153.71,Unused,F,27,6.5
1,18.69,Used,F,7,6.0
0,30.28,Used,F,7,6.0
0,48.52,Used,F,7,6.0
0,268.0,Used,F,7,6.0
0,15.19,Used,F,7,6.0
0,79.0,Used,F,7,6.0
0,149.0,Used,F,7,6.0
0,64.92,Unused,F,7,6.0
0,21.98,Unused,F,7,6.0
0,268.0,Unused,F,7,6.0
0,268.0,Unused,F,7,6.0
0,119.0,Unused,F,7,6.0
0,119.0,Unused,F,7,6.0
0,30.38,Unused,F,7,6.0
0,59.99,Unused,F,7,6.0
0,33.98,Unused,F,7,6.0
0,149.0,Unused,F,7,6.0
0,149.0,Unused,F,7,6.0
0,596.0,Unused,F,7,6.0
0,10.63,Unused,F,7,6.0
0,21.3,Unused,F,7,6.0
0,26.58,Unused,F,7,6.0
0,298.0,Unused,F,7,6.0
0,158.0,Unused,F,7,6.0
0,149.0,Unused,F,7,6.0
1,10.99,Used,F,31,6.5
0,29.91,Unused,F,31,6.5
0,7.19,Unused,F,31,6.5
0,15.19,Unused,F,31,6.5
1,11.5,Used,F,31,19.99
0,10.39,Used,F,31,6.0
0,104.0,Used,F,31,8.7
0,7.16,Unused,F,31,6.0
0,10.39,Unused,F,31,6.0
0,55.99,Unused,F,31,19.99
1,260.84,Used,M,15,59.16
0,221.93,Used,M,15,13.35
0,61.59,Used,M,15,6.5
0,99.09,Unused,M,15,13.35
0,42.52,Unused,M,15,59.16
0,296.07,Unused,M,15,13.35
1,40.98,Used,M,3,6.5
0,49.99,Used,M,3,6.5
0,33.98,Used,M,3,6.5
0,33.98,Used,M,3,6.5
0,69.98,Used,M,3,6.5
0,67.96,Used,M,3,6.5
0,3.98,Unused,M,3,6.5
0,75.96,Unused,M,3,6.5
0,49.99,Unused,M,3,6.5
0,33.98,Unused,M,3,6.5
0,94.95,Unused,M,3,6.5
0,67.96,Unused,M,3,6.5
0,34.99,Unused,M,3,6.5
0,33.98,Unused,M,3,6.5
0,33.98,Unused,M,3,6.5
0,33.98,Unused,M,3,6.5
0,52.68,Unused,M,3,12.48
0,11.13,Unused,M,3,12.48
1,2.99,Unused,M,3,6.0
1,1.68,Used,M,3,6.0
0,55.99,Used,M,3,6.0
0,45.0,Used,M,3,12.99
0,149.0,Used,M,3,8.7
0,119.0,Used,M,3,6.0
0,237.0,Used,M,3,6.0
0,67.5,Unused,M,3,12.99
0,199.0,Unused,M,3,6.0
0,99.0,Unused,M,3,6.0
0,119.0,Unused,M,3,6.0
0,119.0,Unused,M,3,6.0
0,199.0,Unused,M,3,19.99
0,119.0,Unused,M,3,6.0
0,316.0,Unused,M,3,6.0
0,199.0,Unused,M,3,19.99
0,249.0,Unused,M,3,12.99
1,10.63,Used,F,4,6.5
0,12.4,Unused,F,4,6.5
1,13.99,Used,M,47,6.0
0,158.0,Used,M,47,6.0
0,13.99,Unused,M,47,6.0
0,119.0,Unused,M,47,6.0
1,238.0,Used,M,47,19.99
1,119.0,Used,F,39,6.0
0,16.99,Used,F,39,6.0
0,50.0,Unused,F,39,0.0
0,25.52,Unused,F,39,6.0
0,63.28,Unused,F,39,6.0
0,395.0,Unused,F,39,6.0
0,298.0,Unused,F,39,6.0
0,19.59,Unused,F,39,6.0
0,6.0,Unused,F,39,6.0
1,4.49,Used,M,13,6.0
0,162.89,Used,M,13,6.0
0,4.56,Used,M,13,6.0
0,6.0,Used,M,13,6.0
0,119.0,Used,M,13,6.0
0,50.8,Used,M,13,12.99
0,238.0,Used,M,13,6.0
0,9.6,Used,M,13,6.0
0,7.6,Used,M,13,6.0
0,52.49,Used,M,13,6.0
0,249.0,Used,M,13,6.0
0,21.98,Unused,M,13,6.0
0,6.79,Unused,M,13,12.99
0,10.63,Unused,M,13,6.0
0,9.6,Unused,M,13,6.0
0,28.14,Unused,M,13,6.0
0,4.99,Unused,M,13,6.0
0,53.0,Unused,M,13,6.0
0,10.63,Unused,M,13,6.0
0,11.4,Unused,M,13,6.0
0,119.0,Unused,M,13,6.0
0,625.0,Unused,M,13,6.0
0,119.0,Unused,M,13,6.0
0,238.0,Unused,M,13,6.0
0,238.0,Unused,M,13,6.0
0,7.6,Unused,M,13,6.0
0,42.61,Unused,M,13,6.0
0,149.0,Unused,M,13,6.0
0,149.0,Unused,M,13,6.0
0,386.0,Unused,M,13,6.0
0,237.0,Unused,M,13,6.0
0,31.98,Unused,M,13,6.0
0,298.0,Unused,M,13,6.0
0,199.0,Unused,M,13,6.0
0,24.06,Unused,M,13,12.99
0,2.99,Unused,M,13,6.0
0,22.4,Unused,M,13,6.0
0,119.0,Unused,M,13,6.0
0,13.59,Unused,M,13,6.0
0,149.0,Unused,M,13,6.0
0,1.98,Used,M,13,6.0
0,11.96,Used,M,13,6.0
0,6.99,Used,M,13,6.0
0,5.7,Used,M,13,6.0
0,149.0,Used,M,13,6.0
0,149.0,Used,M,13,6.0
0,31.38,Unused,M,13,6.0
0,16.5,Unused,M,13,6.0
0,13.98,Unused,M,13,6.0
0,20.99,Unused,M,13,6.0
0,9.36,Unused,M,13,6.0
0,21.67,Unused,M,13,6.0
0,119.0,Unused,M,13,6.0
0,13.29,Unused,M,13,6.0
0,32.88,Unused,M,13,6.0
0,149.0,Unused,M,13,6.0
0,316.0,Unused,M,13,6.0
0,298.0,Unused,M,13,6.0
0,7.69,Unused,M,13,6.0
0,9.99,Unused,M,13,6.0
0,79.0,Unused,M,13,6.0
1,209.97,Used,M,13,6.0
0,7.99,Used,M,13,6.0
0,50.0,Used,M,13,23.17
0,8.8,Used,M,13,6.0
0,198.0,Used,M,13,6.0
0,198.0,Used,M,13,6.0
0,41.86,Used,M,13,6.0
0,59.75,Used,M,13,14.96
0,10.78,Used,M,13,6.0
0,255.8,Used,M,13,30.35
0,279.0,Used,M,13,6.0
0,238.0,Used,M,13,6.0
0,119.0,Used,M,13,6.0
0,238.0,Used,M,13,6.0
0,349.0,Used,M,13,6.0
0,349.0,Used,M,13,6.0
0,349.0,Used,M,13,19.99
0,149.0,Used,M,13,6.0
0,149.0,Used,M,13,6.0
0,149.0,Used,M,13,6.0
0,149.0,Used,M,13,19.99
0,395.0,Used,M,13,6.0
0,79.0,Used,M,13,6.0
0,149.0,Used,M,13,6.0
0,149.0,Used,M,13,6.0
0,149.0,Used,M,13,6.0
0,331.72,Unused,M,13,23.17
0,92.71,Unused,M,13,6.0
0,548.0,Unused,M,13,6.0
0,199.0,Unused,M,13,6.0
0,199.0,Unused,M,13,6.0
0,12.78,Unused,M,13,6.0
0,57.8,Unused,M,13,14.96
0,99.0,Unused,M,13,6.0
0,18.99,Unused,M,13,6.0
0,13.59,Unused,M,13,14.41
0,977.0,Unused,M,13,6.0
0,238.0,Unused,M,13,6.0
0,119.0,Unused,M,13,6.0
0,119.0,Unused,M,13,6.0
0,119.0,Unused,M,13,6.0
0,349.0,Unused,M,13,6.0
0,349.0,Unused,M,13,6.0
0,507.0,Unused,M,13,6.0
0,15.19,Unused,M,13,6.0
0,149.0,Unused,M,13,6.0
0,149.0,Unused,M,13,6.0
0,79.0,Unused,M,13,6.0
0,158.0,Unused,M,13,6.0
0,316.0,Unused,M,13,6.0
0,79.0,Unused,M,13,6.0
0,79.0,Unused,M,13,6.0
0,228.0,Unused,M,13,6.0
0,79.0,Unused,M,13,6.0
0,79.0,Unused,M,13,24.49
0,158.0,Unused,M,13,6.0
0,149.0,Unused,M,13,6.0
0,149.0,Unused,M,13,6.0
0,298.0,Unused,M,13,6.0
0,8.99,Unused,M,13,6.0
0,5.6,Unused,M,13,6.0
0,199.0,Unused,M,13,6.0
0,398.0,Unused,M,13,19.99
0,143.7,Unused,M,13,14.96
0,119.0,Unused,M,13,6.0
0,149.0,Unused,M,13,24.49
0,149.0,Unused,M,13,6.0
0,316.0,Unused,M,13,6.0
0,237.0,Unused,M,13,6.0
0,99.75,Used,M,13,6.0
0,19.0,Used,M,13,6.0
0,149.0,Used,M,13,6.0
0,199.0,Unused,M,13,6.0
0,99.99,Unused,M,13,50.0
0,4.78,Unused,M,13,6.0
0,2.99,Unused,M,13,6.0
0,8.79,Unused,M,13,6.0
0,27.5,Unused,M,13,6.0
1,18.99,Unused,M,3,6.5
1,61.67,Used,F,43,6.0
0,7.0,Unused,F,43,6.0
0,16.99,Unused,F,43,6.0
0,149.0,Unused,F,43,6.0
0,3.5,Unused,F,43,6.0
0,16.99,Unused,F,43,6.0
1,122.77,Used,M,42,6.5
0,245.54,Used,M,42,6.5
0,81.5,Used,M,42,6.5
0,407.5,Used,M,42,6.5
0,153.71,Used,M,42,6.5
0,41.26,Unused,M,42,6.5
0,327.04,Unused,M,42,6.5
0,245.54,Unused,M,42,6.5
0,153.71,Unused,M,42,6.5
1,3.99,Used,F,2,30.0
0,99.0,Used,F,2,6.0
0,24.99,Used,F,2,6.0
0,19.99,Used,F,2,6.5
0,119.0,Used,F,2,19.99
0,79.0,Used,F,2,12.99
0,13.59,Used,F,2,6.0
0,8.78,Unused,F,2,6.5
0,24.9,Unused,F,2,6.0
0,6.49,Unused,F,2,6.0
0,24.78,Unused,F,2,30.0
0,149.0,Unused,F,2,6.0
0,1.0,Unused,F,2,6.0
0,279.0,Unused,F,2,12.99
0,119.0,Unused,F,2,6.0
0,357.0,Unused,F,2,6.0
0,731.32,Used,F,2,12.99
0,199.0,Used,F,2,6.0
0,100.0,Used,F,2,0.0
0,100.0,Used,F,2,0.0
0,1.5,Used,F,2,6.0
0,26.0,Used,F,2,6.0
0,100.0,Unused,F,2,0.0
0,60.0,Unused,F,2,12.99
0,448.0,Unused,F,2,6.0
0,45.27,Unused,F,2,6.0
0,3.98,Unused,F,2,6.0
0,298.0,Unused,F,2,6.0
0,316.0,Unused,F,2,6.0
0,158.0,Unused,F,2,6.0
1,22.41,Used,F,4,6.0
0,48.92,Used,F,4,12.99
0,3.47,Used,F,4,6.5
0,355.74,Used,F,4,19.02
0,151.88,Used,F,4,12.99
0,303.76,Used,F,4,12.99
0,678.32,Unused,F,4,14.85
0,17.93,Unused,F,4,6.5
0,35.86,Unused,F,4,6.5
0,32.6,Unused,F,4,12.99
0,100.91,Unused,F,4,12.99
0,22.41,Unused,F,4,6.0
0,121.3,Unused,F,4,6.5
0,121.3,Unused,F,4,12.99
0,151.88,Unused,F,4,12.99
0,16.3,Unused,F,4,6.5
0,13.0,Unused,F,4,14.85
1,10.38,Used,F,39,6.0
0,18.99,Used,F,39,6.0
0,52.07,Used,F,39,6.0
0,15.19,Used,F,39,6.0
0,39.8,Unused,F,39,6.0
0,19.98,Unused,F,39,6.0
0,3.99,Unused,F,39,6.0
0,43.57,Unused,F,39,12.99
0,298.0,Unused,F,39,6.0
0,13.59,Unused,F,39,6.0
0,149.0,Unused,F,39,6.0
0,3.91,Unused,F,39,6.0
0,79.6,Unused,F,39,6.0
0,33.98,Unused,F,39,12.99
0,149.0,Unused,F,39,6.0
1,48.77,Used,M,11,6.5
0,55.81,Unused,M,11,6.5
0,249.0,Unused,M,11,19.99
0,33.0,Unused,M,11,6.0
0,44.0,Unused,M,11,6.5
0,523.5,Used,M,11,6.0
0,30.97,Used,M,11,6.0
0,199.0,Used,M,11,19.99
0,13.29,Used,M,11,6.0
0,149.0,Used,M,11,6.0
0,149.0,Used,M,11,6.0
0,4.99,Unused,M,11,6.0
0,198.0,Unused,M,11,6.0
0,224.25,Unused,M,11,6.0
0,18.99,Unused,M,11,6.0
0,119.0,Unused,M,11,6.0
0,79.0,Unused,M,11,6.0
0,79.0,Unused,M,11,6.0
0,16.99,Unused,M,11,6.0
0,149.0,Unused,M,11,6.0
0,119.0,Unused,M,11,6.0
1,989.52,Used,F,24,122.74
0,142.15,Used,F,24,210.44
0,15.66,Used,F,24,6.5
0,2.05,Used,F,24,16.65
0,122.77,Used,F,24,6.5
0,69.31,Used,F,24,6.5
0,244.5,Used,F,24,6.5
0,244.5,Used,F,24,6.5
0,81.5,Used,F,24,6.5
0,407.5,Used,F,24,6.5
0,81.5,Used,F,24,6.5
0,14.02,Used,F,24,12.76
0,17.53,Used,F,24,6.5
0,153.71,Used,F,24,6.5
0,153.71,Used,F,24,6.5
0,153.71,Used,F,24,6.5
0,153.71,Used,F,24,6.5
0,553.22,Unused,F,24,210.44
0,26.8,Unused,F,24,6.5
0,144.39,Unused,F,24,6.5
0,19.59,Unused,F,24,16.65
0,135.32,Unused,F,24,6.5
0,276.48,Unused,F,24,6.5
0,491.08,Unused,F,24,6.5
0,122.77,Unused,F,24,6.5
0,122.77,Unused,F,24,6.5
0,122.77,Unused,F,24,6.5
0,245.54,Unused,F,24,6.5
0,122.77,Unused,F,24,6.5
0,245.54,Unused,F,24,6.5
0,163.0,Unused,F,24,6.5
0,14.02,Unused,F,24,12.76
0,153.71,Unused,F,24,6.5
0,153.71,Unused,F,24,6.5
0,153.71,Unused,F,24,6.5
0,307.42,Unused,F,24,6.5
0,153.71,Unused,F,24,6.5
0,153.71,Unused,F,24,6.5
0,153.71,Unused,F,24,6.5
0,153.71,Unused,F,24,6.5
0,153.71,Unused,F,24,6.5
0,205.3,Unused,F,24,8.7
0,115.53,Unused,F,24,6.5
0,122.77,Unused,F,24,6.5
0,122.77,Unused,F,24,6.5
0,122.77,Unused,F,24,6.5
0,19.59,Unused,F,24,6.5
0,15.67,Unused,F,24,12.76
0,81.5,Unused,F,24,6.5
1,60.39,Used,M,34,6.0
0,15.39,Unused,M,34,6.0
0,28.0,Used,M,34,6.0
0,52.07,Unused,M,34,6.0
1,202.84,Used,M,34,6.5
0,242.6,Used,M,34,6.5
0,20.36,Used,M,34,6.5
0,607.52,Used,M,34,6.5
0,17.3,Used,M,34,6.0
0,151.88,Used,M,34,6.5
0,558.58,Unused,M,34,6.5
0,29.54,Unused,M,34,6.0
0,34.11,Unused,M,34,6.0
0,7.75,Unused,M,34,6.5
0,355.74,Unused,M,34,6.5
0,80.52,Unused,M,34,6.5
0,151.88,Unused,M,34,6.5
0,12.2,Unused,M,34,6.0
0,121.3,Unused,M,34,6.5
0,8.65,Unused,M,34,6.0
0,100.91,Used,M,34,6.5
0,242.6,Used,M,34,6.5
0,201.82,Unused,M,34,6.5
0,42.39,Unused,M,34,6.5
0,485.2,Unused,M,34,6.5
0,405.68,Unused,M,34,6.5
1,324.84,Used,M,25,6.5
0,20.62,Used,M,25,6.5
0,42.91,Used,M,25,6.5
0,530.27,Used,M,25,6.5
0,153.71,Used,M,25,6.5
0,45.38,Used,M,25,35.3
0,378.94,Unused,M,25,6.5
0,230.58,Unused,M,25,35.96
0,4.12,Unused,M,25,0.0
0,99.0,Unused,M,25,6.5
0,24.74,Unused,M,25,6.5
0,245.54,Unused,M,25,6.5
0,122.77,Unused,M,25,6.5
0,276.48,Unused,M,25,6.5
0,81.5,Unused,M,25,6.5
0,153.71,Unused,M,25,6.5
0,153.71,Unused,M,25,6.5
0,80.03,Unused,M,25,35.3
0,57.76,Unused,M,25,6.5
0,24.75,Unused,M,25,6.5
1,61.87,Used,M,25,6.5
0,102.2,Used,M,25,6.5
0,149.0,Used,M,25,6.5
0,57.66,Unused,M,25,6.5
0,2.99,Unused,M,25,6.5
0,16.79,Unused,M,25,6.5
0,127.9,Unused,M,25,13.35
0,45.83,Unused,M,25,6.5
0,52.07,Unused,M,25,6.5
0,19.99,Unused,M,25,6.5
0,19.9,Unused,M,25,6.5
0,67.14,Unused,M,25,13.35
0,11.19,Unused,M,25,6.5
1,57.57,Used,M,25,6.5
0,410.19,Used,M,25,6.0
0,99.99,Unused,M,25,12.99
0,38.38,Unused,M,25,6.5
0,138.23,Unused,M,25,6.0
0,15.19,Unused,M,25,6.0
0,119.0,Unused,M,25,6.0
0,119.0,Unused,M,25,6.0
0,119.0,Unused,M,25,6.0
0,41.99,Unused,M,25,6.0
0,41.99,Unused,M,25,6.0
0,7.98,Unused,M,25,6.0
0,55.95,Used,M,25,12.91
0,174.59,Used,M,25,12.91
0,158.0,Used,M,25,6.0
0,40.77,Used,M,25,6.0
0,91.9,Unused,M,25,12.91
0,15.19,Unused,M,25,6.0
0,119.0,Unused,M,25,6.0
0,13.59,Unused,M,25,6.0
0,27.18,Unused,M,25,6.0
0,149.0,Unused,M,25,6.0
1,31.99,Used,F,12,12.99
0,9.99,Used,F,12,6.0
0,4.56,Used,F,12,6.0
0,4.56,Used,F,12,6.0
0,119.0,Used,F,12,6.0
0,119.0,Used,F,12,6.0
0,119.0,Used,F,12,6.0
0,9.2,Unused,F,12,6.0
0,27.43,Unused,F,12,6.0
0,398.0,Unused,F,12,6.0
0,85.57,Unused,F,12,6.0
0,40.76,Unused,F,12,6.0
0,9.6,Unused,F,12,6.0
0,36.39,Unused,F,12,6.0
0,9.36,Unused,F,12,6.0
0,839.25,Unused,F,12,16.1
0,149.0,Unused,F,12,6.0
0,5.59,Unused,F,12,6.0
0,30.39,Unused,F,12,6.0
0,42.55,Unused,F,12,6.0
0,4.08,Unused,F,12,6.0
0,149.0,Unused,F,12,6.0
1,5.99,Used,F,31,6.0
0,16.99,Unused,F,31,6.0
0,238.0,Used,F,31,6.0
0,40.77,Used,F,31,6.0
0,298.0,Used,F,31,6.0
0,139.75,Unused,F,31,14.42
0,119.0,Unused,F,31,6.0
0,13.59,Used,F,31,6.0
0,6.99,Unused,F,31,6.0
1,34.97,Used,F,39,6.5
0,21.57,Used,F,39,6.5
0,15.19,Used,F,39,6.5
0,119.0,Used,F,39,6.5
0,476.0,Used,F,39,6.5
0,79.0,Used,F,39,6.5
0,149.0,Used,F,39,6.5
0,14.38,Unused,F,39,6.5
0,238.0,Unused,F,39,6.5
0,238.0,Unused,F,39,6.5
0,238.0,Unused,F,39,6.5
0,119.0,Unused,F,39,6.5
0,119.0,Unused,F,39,6.5
0,356.0,Unused,F,39,6.5
0,79.0,Unused,F,39,6.5
0,237.0,Unused,F,39,6.5
0,395.0,Unused,F,39,6.5
0,13.59,Unused,F,39,6.5
0,9.99,Unused,F,39,6.5
0,119.0,Unused,F,39,6.5
0,119.0,Unused,F,39,6.5
0,149.0,Unused,F,39,6.5
0,17.95,Used,F,39,6.5
0,14.99,Used,F,39,6.5
0,16.99,Used,F,39,6.5
0,12.46,Unused,F,39,6.5
0,38.97,Unused,F,39,6.5
0,21.99,Unused,F,39,6.5
0,119.0,Unused,F,39,35.3
0,238.0,Unused,F,39,6.5
0,74.99,Unused,F,39,6.5
0,79.0,Unused,F,39,6.5
0,312.0,Unused,F,39,8.7
0,149.0,Unused,F,39,6.5
0,24.99,Unused,F,39,6.5
1,122.77,Unused,F,45,6.5
0,122.77,Unused,F,45,6.5
0,153.71,Used,F,45,8.7
0,407.5,Unused,F,45,6.5
0,307.42,Unused,F,45,6.5
1,0.41,Used,F,43,6.5
0,273.18,Used,F,43,12.48
0,28.47,Unused,F,43,6.0
0,17.93,Unused,F,43,6.5
0,17.93,Unused,F,43,6.5
0,121.3,Unused,F,43,12.48
0,242.6,Unused,F,43,6.5
0,151.88,Unused,F,43,6.5
0,80.52,Unused,F,43,12.48
1,56.48,Used,M,39,12.99
0,22.97,Used,M,39,30.0
0,5.7,Used,M,39,6.0
0,5.98,Used,M,39,6.0
0,376.19,Used,M,39,6.0
0,13.92,Used,M,39,6.0
0,28.0,Used,M,39,6.0
0,10.63,Used,M,39,6.0
0,19.98,Unused,M,39,30.0
0,44.59,Unused,M,39,12.99
0,15.43,Unused,M,39,6.0
0,30.4,Unused,M,39,6.0
0,31.18,Unused,M,39,6.0
0,30.97,Unused,M,39,6.0
0,26.4,Unused,M,39,6.0
0,2.99,Unused,M,39,6.0
0,48.77,Unused,M,39,6.0
0,15.99,Unused,M,39,6.0
0,4.56,Unused,M,39,6.0
0,19.99,Unused,M,39,6.0
0,4.99,Unused,M,39,30.0
0,37.2,Unused,M,39,6.0
0,19.98,Unused,M,39,12.99
0,15.99,Unused,M,39,6.0
0,298.0,Unused,M,39,6.0
1,199.0,Used,M,39,6.0
0,8.0,Unused,M,39,12.99
0,395.0,Unused,M,39,6.0
1,59.85,Used,F,11,6.0
0,238.0,Used,F,11,6.0
0,17.49,Used,F,11,6.0
0,119.0,Used,F,11,6.0
0,18.99,Used,F,11,6.0
0,149.0,Used,F,11,6.0
0,149.0,Used,F,11,6.0
0,10.99,Unused,F,11,6.0
0,23.09,Unused,F,11,6.0
0,73.49,Unused,F,11,6.0
0,70.62,Unused,F,11,6.5
0,863.0,Unused,F,11,6.0
0,238.0,Unused,F,11,6.0
0,13.99,Unused,F,11,6.0
0,149.0,Unused,F,11,6.0
0,149.0,Unused,F,11,6.0
0,149.0,Unused,F,11,6.0
0,149.0,Unused,F,11,6.0
0,43.99,Unused,F,11,6.0
0,119.0,Unused,F,11,6.0
1,67.18,Used,M,38,6.0
0,67.18,Used,M,38,6.0
0,44.79,Used,M,38,6.0
0,13.29,Used,M,38,6.0
0,159.0,Unused,M,38,6.0
0,21.37,Unused,M,38,6.0
0,119.0,Unused,M,38,19.99
0,10.63,Unused,M,38,6.0
0,119.0,Unused,M,38,6.0
0,8.4,Used,M,38,19.02
0,19.99,Unused,M,38,6.0
0,16.99,Unused,M,38,6.0
0,59.97,Unused,M,38,19.02
0,238.0,Unused,M,38,6.0
1,33.59,Used,F,26,6.5
0,41.99,Used,F,26,6.5
0,33.59,Used,F,26,6.5
0,160.77,Used,F,26,6.5
0,33.59,Used,F,26,6.5
0,33.59,Used,F,26,6.5
0,118.12,Used,F,26,35.96
0,51.99,Used,F,26,6.5
0,119.0,Used,F,26,6.5
0,119.0,Used,F,26,6.5
0,13.59,Used,F,26,6.5
0,19.99,Used,F,26,6.5
0,149.0,Used,F,26,6.5
0,33.59,Unused,F,26,6.5
0,41.99,Unused,F,26,6.5
0,33.59,Unused,F,26,6.5
0,67.18,Unused,F,26,6.5
0,33.59,Unused,F,26,6.5
0,33.59,Unused,F,26,6.5
0,33.59,Unused,F,26,6.5
0,33.59,Unused,F,26,6.5
0,33.59,Unused,F,26,6.5
0,33.59,Unused,F,26,6.5
0,33.59,Unused,F,26,6.5
0,95.84,Unused,F,26,35.96
0,19.99,Unused,F,26,6.5
0,197.56,Unused,F,26,6.5
0,141.56,Unused,F,26,6.5
0,19.99,Unused,F,26,6.5
0,119.0,Unused,F,26,6.5
0,387.0,Unused,F,26,6.5
0,238.0,Unused,F,26,6.5
0,13.59,Unused,F,26,6.5
0,18.99,Unused,F,26,6.5
0,149.0,Unused,F,26,6.5
0,33.59,Unused,F,26,6.5
0,33.59,Unused,F,26,6.5
0,71.94,Unused,F,26,35.96
0,30.39,Unused,F,26,6.5
0,244.29,Unused,F,26,35.96
0,15.99,Unused,F,26,6.5
0,16.99,Unused,F,26,6.5
1,83.45,Used,F,3,6.0
0,58.4,Unused,F,3,6.0
1,16.68,Used,F,42,6.5
0,22.41,Used,F,42,6.0
0,242.6,Unused,F,42,12.48
0,15.5,Unused,F,42,6.5
0,232.4,Unused,F,42,12.48
1,166.95,Used,M,46,75.0
0,231.42,Used,M,46,6.5
0,238.0,Used,M,46,6.5
0,119.0,Used,M,46,6.5
0,298.0,Used,M,46,6.5
0,23.99,Unused,M,46,6.5
0,447.0,Unused,M,46,8.7
0,119.0,Unused,M,46,6.5
0,238.0,Unused,M,46,6.5
0,119.0,Unused,M,46,6.5
0,395.0,Unused,M,46,6.5
0,237.0,Unused,M,46,6.5
0,149.0,Unused,M,46,6.5
0,13.59,Used,M,46,6.5
0,8.79,Unused,M,46,6.5
0,15.19,Unused,M,46,6.5
1,215.45,Used,M,46,13.75
0,1.59,Used,M,46,6.0
0,28.28,Unused,M,46,6.0
0,15.19,Unused,M,46,6.0
0,28.0,Unused,M,46,13.75
0,12.99,Unused,M,46,6.0
0,298.0,Unused,M,46,8.7
1,28.3,Used,M,46,6.0
0,10.63,Used,M,46,6.0
0,158.0,Used,M,46,12.99
0,5397.0,Unused,M,46,6.0
0,7.6,Unused,M,46,6.0
0,119.0,Unused,M,46,6.0
0,28.0,Unused,M,46,6.0
0,15.99,Unused,M,46,12.99
0,19.19,Unused,M,46,6.0
0,6896.0,Unused,M,46,6.0
0,119.0,Unused,M,46,6.0
0,119.0,Unused,M,46,6.0
0,238.0,Unused,M,46,6.0
1,36.06,Used,F,22,6.5
0,81.5,Used,F,22,6.5
0,24.75,Used,F,22,6.5
0,64.48,Unused,F,22,6.5
0,33.0,Unused,F,22,6.5
0,163.0,Unused,F,22,6.5
1,2.39,Used,F,22,26.43
0,3.98,Unused,F,22,26.43
0,15.19,Unused,F,22,26.43
1,54.23,Unused,F,22,42.45
0,4.79,Unused,F,22,6.0
0,119.0,Unused,F,22,6.0
0,54.23,Unused,F,22,42.45
1,57.96,Used,F,22,6.0
0,638.0,Used,F,22,35.32
0,37.2,Used,F,22,6.0
0,119.0,Used,F,22,6.0
0,119.0,Used,F,22,6.0
0,17.98,Unused,F,22,6.0
0,19.99,Unused,F,22,6.0
0,67.18,Unused,F,22,6.0
0,23.94,Unused,F,22,20.85
0,81.2,Unused,F,22,6.0
1,27.95,Used,F,22,6.0
0,5.5,Used,F,22,6.0
0,3.5,Unused,F,22,6.0
0,2.99,Unused,F,22,6.0
0,312.0,Unused,F,22,8.7
0,158.0,Unused,F,22,6.0
0,149.0,Unused,F,22,12.99
0,807.0,Unused,F,22,8.7
0,158.0,Unused,F,22,6.0
0,237.0,Unused,F,22,6.0
0,158.0,Unused,F,22,6.0
1,73.8,Used,M,37,18.59
0,19.98,Unused,M,37,6.0
0,151.82,Unused,M,37,12.48
0,155.14,Unused,M,37,18.59
0,198.0,Unused,M,37,6.0
0,71.94,Unused,M,37,18.59
1,595.0,Used,M,37,6.0
0,1.0,Unused,M,37,6.0
0,349.0,Unused,M,37,6.0
0,16.79,Used,M,37,6.0
0,44.0,Unused,M,37,6.0
1,11.97,Used,M,9,6.5
0,119.0,Used,M,9,6.5
0,119.0,Used,M,9,6.5
0,39.98,Used,M,9,6.5
0,149.0,Used,M,9,6.5
0,142.92,Unused,M,9,6.5
0,19.99,Unused,M,9,6.5
0,357.0,Unused,M,9,6.5
0,149.0,Unused,M,9,6.5
0,119.0,Unused,M,9,6.5
0,357.0,Unused,M,9,6.5
0,50.97,Unused,M,9,6.5
1,107.2,Used,M,32,28.78
0,2.89,Used,M,32,20.74
0,44.51,Unused,M,32,20.74
0,449.81,Unused,M,32,6.5
0,153.71,Unused,M,32,6.5
0,14.02,Unused,M,32,20.74
1,39.87,Used,M,32,12.99
0,49.98,Unused,M,32,12.99
0,238.0,Unused,M,32,6.0
0,19.99,Unused,M,32,30.0
0,26.58,Unused,M,32,12.99
0,119.0,Unused,M,32,6.0
1,27.18,Used,F,45,6.0
0,18.99,Unused,F,45,6.0
1,7.6,Used,F,45,6.0
1,16.99,Used,F,26,6.5
0,135.08,Used,F,26,6.5
0,80.77,Used,F,26,6.5
0,79.0,Used,F,26,6.5
0,57.1,Unused,F,26,6.5
0,8.49,Unused,F,26,6.5
0,119.0,Unused,F,26,6.5
0,119.0,Unused,F,26,6.5
0,19.99,Unused,F,26,6.5
0,16.99,Unused,F,26,6.5
0,149.0,Unused,F,26,6.5
0,3.18,Unused,F,26,6.5
0,14.98,Unused,F,26,6.5
0,11.19,Unused,F,26,6.5
1,15.96,Used,F,41,6.0
0,11.2,Used,F,41,6.0
0,3.5,Used,F,41,6.0
0,12.99,Used,F,41,6.0
0,69.57,Used,F,41,6.0
0,1.99,Used,F,41,6.0
0,396.0,Used,F,41,6.0
0,119.0,Used,F,41,6.0
0,37.48,Used,F,41,6.0
0,18.99,Used,F,41,6.0
0,395.0,Used,F,41,6.0
0,395.0,Used,F,41,6.0
0,16.79,Used,F,41,6.0
0,149.0,Used,F,41,6.0
0,24.67,Unused,F,41,6.0
0,5.6,Unused,F,41,6.0
0,3.5,Unused,F,41,6.0
0,79.99,Unused,F,41,6.0
0,168.58,Unused,F,41,6.0
0,19.19,Unused,F,41,6.5
0,29.99,Unused,F,41,6.0
0,28.78,Unused,F,41,6.0
0,417.0,Unused,F,41,6.0
0,119.0,Unused,F,41,12.99
0,238.0,Unused,F,41,6.0
0,119.0,Unused,F,41,19.99
0,277.0,Unused,F,41,6.0
0,357.0,Unused,F,41,6.0
0,24.99,Unused,F,41,6.0
0,13.99,Unused,F,41,6.0
0,67.19,Unused,F,41,6.5
0,158.0,Unused,F,41,6.0
0,237.0,Unused,F,41,6.0
0,149.0,Unused,F,41,6.0
0,149.0,Unused,F,41,6.0
0,298.0,Unused,F,41,6.0
0,149.0,Unused,F,41,6.0
0,149.0,Unused,F,41,19.99
0,149.0,Unused,F,41,6.0
0,5.6,Unused,F,41,6.0
0,1.99,Unused,F,41,6.0
0,79.99,Unused,F,41,6.0
0,238.0,Unused,F,41,6.0
0,15.19,Unused,F,41,6.0
0,33.98,Unused,F,41,6.0
0,94.98,Unused,F,41,6.0
0,395.0,Unused,F,41,6.0
0,41.99,Unused,F,41,6.5
0,149.0,Unused,F,41,6.0
0,149.0,Unused,F,41,6.0
0,119.0,Used,F,41,6.0
0,149.0,Used,F,41,6.0
0,149.0,Used,F,41,6.0
0,7.96,Unused,F,41,6.0
0,119.0,Unused,F,41,6.0
0,387.0,Unused,F,41,6.0
0,119.0,Unused,F,41,6.0
1,1.99,Used,F,17,6.5
0,3.99,Used,F,17,6.5
0,1.99,Used,F,17,6.5
0,75.18,Used,F,17,6.5
0,191.6,Used,F,17,88.53
0,238.0,Used,F,17,6.5
0,357.0,Used,F,17,6.5
0,237.0,Used,F,17,6.5
0,79.2,Unused,F,17,6.5
0,10.99,Unused,F,17,6.5
0,47.16,Unused,F,17,6.5
0,44.79,Unused,F,17,6.5
0,77.57,Unused,F,17,6.5
0,6.99,Unused,F,17,6.5
0,19.99,Unused,F,17,6.5
0,238.0,Unused,F,17,6.5
0,119.0,Unused,F,17,6.5
0,61.59,Unused,F,17,6.5
0,79.0,Unused,F,17,6.5
0,298.0,Unused,F,17,6.5
0,149.0,Unused,F,17,6.5
0,119.0,Unused,F,17,6.5
0,119.0,Unused,F,17,6.5
0,61.59,Unused,F,17,6.5
0,298.0,Unused,F,17,6.5
1,19.12,Used,F,17,6.5
0,41.57,Used,F,17,6.5
0,15.99,Used,F,17,6.0
0,119.0,Used,F,17,6.0
0,119.0,Used,F,17,6.0
0,119.0,Used,F,17,6.0
0,357.0,Used,F,17,6.0
0,119.0,Used,F,17,6.0
0,149.0,Used,F,17,6.0
0,149.0,Used,F,17,6.0
0,19.19,Unused,F,17,6.5
0,25.5,Unused,F,17,6.5
0,13.29,Unused,F,17,6.0
0,25.98,Unused,F,17,6.0
0,124.98,Unused,F,17,6.0
0,44.79,Unused,F,17,6.0
0,11.75,Unused,F,17,6.0
0,43.73,Unused,F,17,6.0
0,19.03,Unused,F,17,13.38
0,9.12,Unused,F,17,6.0
0,9.36,Unused,F,17,6.0
0,37.2,Unused,F,17,6.0
0,119.0,Unused,F,17,6.0
0,268.0,Unused,F,17,6.0
0,119.0,Unused,F,17,6.0
0,33.58,Unused,F,17,6.5
0,149.0,Unused,F,17,6.0
0,298.0,Unused,F,17,6.0
0,7.17,Unused,F,17,6.5
0,103.9,Unused,F,17,13.38
0,15.99,Unused,F,17,6.0
0,238.0,Unused,F,17,6.0
0,119.0,Unused,F,17,6.0
0,238.0,Unused,F,17,6.0
0,4.56,Unused,F,17,6.0
1,3.98,Used,F,31,6.0
0,3.5,Used,F,31,6.0
0,497.0,Used,F,31,6.0
0,2.39,Used,F,31,6.5
0,68.5,Used,F,31,6.0
0,99.0,Used,F,31,6.0
0,19.99,Used,F,31,6.0
0,238.0,Used,F,31,6.0
0,238.0,Used,F,31,6.0
0,119.0,Used,F,31,6.0
0,16.99,Used,F,31,6.0
0,149.0,Used,F,31,6.0
0,7.6,Used,F,31,19.99
0,99.5,Unused,F,31,6.0
0,21.35,Unused,F,31,6.0
0,178.92,Unused,F,31,12.48
0,3.5,Unused,F,31,6.0
0,50.68,Unused,F,31,6.0
0,19.19,Unused,F,31,6.0
0,19.19,Unused,F,31,6.0
0,19.43,Unused,F,31,6.0
0,10.0,Unused,F,31,6.0
0,99.0,Unused,F,31,6.0
0,10.0,Unused,F,31,19.99
0,16.5,Unused,F,31,6.0
0,24.99,Unused,F,31,6.0
0,18.15,Unused,F,31,6.5
0,119.0,Unused,F,31,6.0
0,4.08,Unused,F,31,6.0
0,15.19,Unused,F,31,12.99
0,79.0,Unused,F,31,12.99
0,149.0,Unused,F,31,6.0
0,99.5,Unused,F,31,6.0
0,1189.83,Unused,F,31,6.0
0,3.5,Unused,F,31,6.0
0,4.79,Unused,F,31,6.5
0,15.19,Unused,F,31,6.0
0,5.1,Unused,F,31,6.0
0,158.0,Unused,F,31,12.99
0,149.0,Unused,F,31,6.0
1,53.98,Used,M,50,42.67
0,3.75,Used,M,50,6.5
0,198.0,Used,M,50,6.5
0,99.0,Used,M,50,6.5
0,12.98,Unused,M,50,6.5
0,29.99,Unused,M,50,42.67
0,19.99,Unused,M,50,42.67
0,149.05,Unused,M,50,6.5
0,22.99,Unused,M,50,42.67
1,67.18,Used,M,25,6.0
0,3.5,Used,M,25,6.0
0,298.0,Used,M,25,8.7
0,119.0,Used,M,25,6.0
0,238.0,Unused,M,25,6.0
0,15.39,Unused,M,25,6.0
1,23.94,Used,M,25,12.99
0,2.0,Used,M,25,6.0
0,2.39,Used,M,25,6.0
0,15.0,Used,M,25,6.0
0,237.0,Used,M,25,6.0
0,298.0,Used,M,25,6.0
0,43.92,Unused,M,25,12.99
0,28.77,Unused,M,25,6.0
0,21.58,Unused,M,25,6.0
0,119.0,Unused,M,25,6.0
0,149.0,Unused,M,25,6.0
0,31.98,Unused,M,25,12.99
0,79.99,Unused,M,25,6.0
0,119.0,Unused,M,25,6.0
1,29.95,Used,F,40,6.5
0,59.99,Used,F,40,6.5
0,43.85,Unused,F,40,6.5
0,15.87,Unused,F,40,6.5
0,5.98,Unused,F,40,6.5
0,15.19,Unused,F,40,6.5
1,9.76,Used,F,36,6.5
0,48.89,Used,F,36,6.0
0,121.3,Used,F,36,6.5
0,80.52,Used,F,36,6.5
0,80.52,Used,F,36,6.5
0,21.16,Unused,F,36,6.5
0,25.27,Unused,F,36,6.5
0,42.32,Unused,F,36,6.0
0,242.6,Unused,F,36,6.5
0,121.3,Unused,F,36,6.5
0,151.88,Unused,F,36,6.5
0,14.43,Unused,F,36,6.0
1,410.0,Used,F,19,62.74
0,39.9,Used,F,19,84.7
0,119.0,Used,F,19,6.5
0,119.0,Used,F,19,6.5
0,39.19,Used,F,19,6.5
0,298.0,Used,F,19,6.5
0,398.0,Used,F,19,8.7
0,22.22,Unused,F,19,6.5
0,11.2,Unused,F,19,62.74
0,64.72,Unused,F,19,41.3
0,359.5,Unused,F,19,84.7
0,21.99,Unused,F,19,6.5
0,119.0,Unused,F,19,6.5
0,128.78,Unused,F,19,6.5
0,158.0,Unused,F,19,6.5
0,41.99,Unused,F,19,6.5
0,339.75,Unused,F,19,41.3
0,21.99,Unused,F,19,6.5
0,298.0,Unused,F,19,6.5
0,8.4,Unused,F,19,62.74
0,6.38,Unused,F,19,6.5
0,1.59,Unused,F,19,41.3
0,61.59,Unused,F,19,6.5
1,11.32,Used,F,40,20.0
0,2.05,Used,F,40,6.5
0,51.15,Used,F,40,6.5
0,307.42,Used,F,40,8.7
0,28.05,Used,F,40,6.5
0,122.77,Used,F,40,6.5
0,122.77,Used,F,40,6.5
0,368.31,Used,F,40,6.5
0,245.54,Used,F,40,6.5
0,153.71,Used,F,40,6.5
0,15.68,Unused,F,40,6.5
0,240.73,Unused,F,40,6.5
0,40.42,Unused,F,40,6.5
0,9.27,Unused,F,40,20.0
0,20.62,Unused,F,40,6.5
0,245.54,Unused,F,40,6.5
0,25.78,Unused,F,40,6.5
0,244.5,Unused,F,40,6.5
0,153.71,Unused,F,40,6.5
0,153.71,Unused,F,40,6.5
0,307.42,Unused,F,40,6.5
0,410.6,Unused,F,40,8.7
0,26.8,Unused,F,40,6.5
0,12.3,Unused,F,40,6.5
0,245.54,Unused,F,40,6.5
0,61.89,Unused,F,40,6.5
0,153.71,Unused,F,40,6.5
0,153.71,Unused,F,40,6.5
1,35.18,Used,F,40,62.74
0,30.95,Used,F,40,6.5
0,72.95,Used,F,40,6.5
0,298.0,Used,F,40,6.5
0,298.0,Used,F,40,6.5
0,96.39,Unused,F,40,6.5
0,41.58,Unused,F,40,62.74
0,435.0,Unused,F,40,6.5
0,119.0,Unused,F,40,6.5
0,439.95,Unused,F,40,6.5
0,119.0,Unused,F,40,6.5
0,74.99,Unused,F,40,6.5
0,26.39,Unused,F,40,62.74
0,119.0,Unused,F,40,6.5
0,119.0,Unused,F,40,6.5
1,45.0,Used,F,40,6.5
0,54.9,Used,F,40,6.5
0,1582.56,Used,F,40,6.5
0,1196.0,Used,F,40,6.5
0,2.39,Used,F,40,6.5
0,595.0,Used,F,40,6.5
0,84.8,Unused,F,40,6.5
0,55.99,Unused,F,40,6.5
0,9888.0,Unused,F,40,6.5
0,5596.0,Unused,F,40,6.5
0,3.18,Unused,F,40,6.5
0,119.0,Unused,F,40,6.5
0,149.0,Unused,F,40,6.5
0,899.0,Unused,F,40,6.5
0,119.0,Unused,F,40,6.5
0,569.7,Used,F,40,6.0
0,611.64,Used,F,40,6.0
0,4825.92,Unused,F,40,6.0
0,203.88,Unused,F,40,6.0
0,7150.67,Unused,F,40,6.0
0,305.82,Unused,F,40,6.0
1,123.13,Used,F,40,52.38
0,10.99,Used,F,40,6.0
0,16.79,Used,F,40,6.0
0,47.88,Used,F,40,42.45
0,19.99,Used,F,40,6.0
0,119.0,Used,F,40,6.0
0,119.0,Used,F,40,6.0
0,554.0,Used,F,40,6.0
0,15.99,Used,F,40,6.0
0,21.99,Unused,F,40,6.0
0,259.75,Unused,F,40,20.91
0,278.16,Unused,F,40,42.45
0,31.98,Unused,F,40,6.0
0,15.99,Unused,F,40,6.0
0,199.9,Unused,F,40,52.38
0,119.0,Unused,F,40,6.0
0,357.0,Unused,F,40,6.0
0,119.0,Unused,F,40,6.0
0,19.99,Unused,F,40,6.0
0,67.19,Unused,F,40,6.5
0,16.99,Unused,F,40,6.0
0,87.95,Unused,F,40,52.38
0,2.99,Unused,F,40,6.0
0,15.15,Used,F,40,6.0
0,10.63,Used,F,40,6.0
0,93.58,Unused,F,40,6.0
0,12.79,Unused,F,40,6.0
0,13.29,Unused,F,40,6.0
0,149.0,Unused,F,40,6.0
0,16.79,Unused,F,40,6.0
0,3.99,Unused,F,40,6.0
0,2.99,Unused,F,40,6.0
0,21.9,Used,F,40,6.0
0,19.99,Unused,F,40,6.0
0,7.99,Unused,F,40,6.0
0,75.18,Used,F,40,6.0
0,119.0,Used,F,40,12.99
0,1.99,Unused,F,40,6.0
0,143.64,Unused,F,40,12.99
0,89.18,Unused,F,40,6.0
0,149.0,Unused,F,40,12.99
0,149.0,Unused,F,40,12.99
0,107.64,Unused,F,40,12.99
0,119.0,Unused,F,40,6.0
0,19.59,Unused,F,40,6.0
0,241.6,Used,F,40,6.0
0,119.0,Used,F,40,12.99
0,149.0,Used,F,40,6.0
0,26.4,Used,F,40,6.0
0,25.98,Unused,F,40,6.0
0,10.49,Unused,F,40,6.0
0,8.39,Unused,F,40,6.0
0,6.0,Unused,F,40,6.0
0,7.6,Unused,F,40,6.0
0,476.0,Unused,F,40,6.0
0,26.0,Unused,F,40,6.0
0,11.19,Unused,F,40,6.0
0,82.38,Unused,F,40,6.0
0,4.99,Unused,F,40,6.0
0,10.63,Unused,F,40,6.0
0,18.36,Used,F,40,6.0
0,9.6,Used,F,40,6.0
0,4.56,Used,F,40,6.0
0,16.72,Used,F,40,6.0
0,46.5,Used,F,40,6.0
0,238.0,Used,F,40,6.0
0,149.0,Used,F,40,6.0
0,149.0,Used,F,40,6.0
0,69.99,Unused,F,40,6.0
0,79.86,Unused,F,40,6.0
0,99.99,Unused,F,40,6.0
0,12.0,Unused,F,40,6.0
0,12.16,Unused,F,40,6.0
0,16.28,Unused,F,40,6.0
0,238.0,Unused,F,40,6.0
0,53.99,Unused,F,40,6.0
0,357.0,Unused,F,40,12.99
0,201.57,Unused,F,40,6.0
0,39.98,Unused,F,40,6.0
0,15.99,Unused,F,40,6.0
0,395.0,Unused,F,40,6.0
0,228.0,Unused,F,40,6.0
0,5.97,Unused,F,40,6.0
0,25.58,Unused,F,40,6.0
0,38.97,Unused,F,40,6.0
0,8.0,Unused,F,40,6.0
0,238.0,Unused,F,40,12.99
0,684.0,Unused,F,40,12.99
0,7.6,Used,F,40,6.0
0,31.35,Unused,F,40,6.0
0,119.0,Unused,F,40,6.0
0,119.0,Unused,F,40,6.0
0,27.99,Unused,F,40,6.0
0,237.0,Unused,F,40,6.0
0,21.26,Unused,F,40,6.0
0,79.19,Unused,F,40,6.0
0,119.0,Unused,F,40,6.0
0,202.37,Used,F,40,6.0
0,16.69,Used,F,40,6.0
0,314.0,Used,F,40,12.99
0,6.0,Used,F,40,6.0
0,15.19,Used,F,40,6.0
0,175.0,Unused,F,40,12.99
0,199.0,Unused,F,40,6.0
0,44.79,Unused,F,40,6.5
0,44.79,Unused,F,40,6.5
0,27.18,Unused,F,40,6.0
0,149.0,Unused,F,40,8.7
0,238.0,Unused,F,40,6.0
0,119.0,Unused,F,40,6.0
0,67.19,Unused,F,40,50.0
0,15.99,Unused,F,40,6.0
0,11.19,Unused,F,40,6.0
0,158.0,Unused,F,40,6.0
0,12.0,Unused,F,40,6.0
0,149.0,Unused,F,40,6.0
0,447.0,Unused,F,40,6.0
0,20.78,Unused,F,40,6.0
0,149.0,Unused,F,40,6.0
0,26.0,Unused,F,40,6.0
0,10.39,Used,F,40,12.99
0,6.99,Used,F,40,6.0
0,61.19,Used,F,40,6.0
0,119.0,Used,F,40,6.0
0,476.0,Used,F,40,6.0
0,10.63,Used,F,40,6.5
0,16.99,Used,F,40,6.0
0,79.0,Used,F,40,6.0
0,13.2,Used,F,40,6.0
0,33.59,Unused,F,40,6.0
0,67.18,Unused,F,40,6.0
0,4.78,Unused,F,40,12.99
0,25.43,Unused,F,40,6.0
0,167.94,Unused,F,40,6.0
0,34.35,Unused,F,40,6.5
0,6.99,Unused,F,40,6.0
0,13.98,Unused,F,40,6.0
0,5.7,Unused,F,40,6.0
0,119.0,Unused,F,40,6.0
0,119.0,Unused,F,40,6.0
0,119.0,Unused,F,40,6.0
0,16.99,Unused,F,40,6.0
0,456.0,Unused,F,40,6.0
0,8.4,Unused,F,40,6.0
0,10.63,Unused,F,40,12.99
0,158.0,Unused,F,40,6.0
0,16.99,Unused,F,40,6.0
0,31.98,Used,F,40,6.0
0,19.98,Used,F,40,6.0
0,52.5,Used,F,40,6.0
0,20.89,Used,F,40,6.0
0,119.0,Used,F,40,6.0
0,44.05,Unused,F,40,6.0
0,36.95,Unused,F,40,6.0
0,79.99,Unused,F,40,6.0
0,44.79,Unused,F,40,6.0
0,5.7,Unused,F,40,6.0
0,52.49,Unused,F,40,12.99
0,298.0,Unused,F,40,6.0
0,79.0,Unused,F,40,6.0
0,16.99,Unused,F,40,6.0
0,149.0,Unused,F,40,12.99
0,149.0,Unused,F,40,6.0
0,69.99,Unused,F,40,50.0
0,149.0,Unused,F,40,6.0
0,6.49,Used,F,40,6.0
0,21.97,Used,F,40,6.0
0,4.56,Used,F,40,6.0
0,37.2,Used,F,40,6.5
0,37.2,Used,F,40,6.5
0,238.0,Used,F,40,6.0
0,149.0,Used,F,40,12.99
0,23.94,Unused,F,40,12.99
0,25.98,Unused,F,40,6.0
0,199.0,Unused,F,40,6.0
0,547.0,Unused,F,40,6.0
0,55.99,Unused,F,40,19.99
0,599.5,Unused,F,40,34.75
0,4.99,Unused,F,40,6.0
0,24.99,Unused,F,40,6.0
0,119.0,Unused,F,40,6.0
0,119.0,Unused,F,40,6.0
0,119.0,Unused,F,40,6.0
0,119.0,Unused,F,40,12.99
0,149.0,Unused,F,40,6.0
0,149.0,Unused,F,40,6.0
0,79.0,Unused,F,40,6.0
0,149.0,Unused,F,40,19.99
0,149.0,Unused,F,40,6.0
0,35.16,Unused,F,40,12.99
0,268.0,Unused,F,40,6.0
0,119.0,Unused,F,40,6.0
0,27.18,Unused,F,40,6.0
0,149.0,Unused,F,40,6.0
0,43.95,Used,F,40,6.0
0,21.98,Used,F,40,6.0
0,60.7,Used,F,40,6.0
0,279.0,Used,F,40,6.0
0,395.0,Used,F,40,6.0
0,149.0,Used,F,40,6.0
0,4.99,Unused,F,40,6.0
0,48.94,Unused,F,40,6.0
0,278.0,Unused,F,40,6.0
0,25.58,Unused,F,40,6.0
0,123.96,Unused,F,40,6.0
0,5.7,Unused,F,40,6.0
0,119.0,Unused,F,40,6.0
0,349.0,Unused,F,40,6.0
0,79.0,Unused,F,40,6.0
0,79.0,Unused,F,40,6.0
0,149.0,Unused,F,40,12.99
0,199.0,Unused,F,40,6.0
0,19.99,Unused,F,40,6.0
0,119.0,Unused,F,40,6.0
0,37.49,Unused,F,40,6.0
0,39.8,Used,F,40,6.0
0,61.9,Used,F,40,12.91
0,238.0,Used,F,40,6.0
0,119.0,Used,F,40,6.0
0,69.7,Unused,F,40,6.0
0,99.36,Unused,F,40,12.91
0,199.0,Unused,F,40,6.0
0,99.0,Unused,F,40,6.0
0,476.0,Unused,F,40,12.99
0,27.93,Used,F,40,25.37
0,99.0,Used,F,40,6.0
0,100.74,Used,F,40,30.35
0,79.0,Used,F,40,6.0
0,78.26,Unused,F,40,25.37
0,50.34,Unused,F,40,30.35
0,29.57,Unused,F,40,6.0
0,53.08,Unused,F,40,6.5
0,2.39,Unused,F,40,6.0
0,3.18,Unused,F,40,6.0
0,476.0,Unused,F,40,12.91
0,8.49,Unused,F,40,6.0
0,149.0,Unused,F,40,6.0
0,149.0,Unused,F,40,6.0
0,199.0,Unused,F,40,6.0
0,2.39,Unused,F,40,6.0
0,11.18,Unused,F,40,6.0
0,119.0,Unused,F,40,6.0
0,43.72,Used,F,40,6.0
0,13.58,Used,F,40,6.0
0,4.99,Used,F,40,6.0
0,15.19,Used,F,40,6.0
0,17.94,Unused,F,40,6.0
0,39.9,Unused,F,40,6.0
0,15.99,Unused,F,40,6.0
0,238.0,Unused,F,40,6.0
0,149.0,Unused,F,40,12.99
0,119.0,Unused,F,40,6.0
0,3.03,Used,F,40,6.0
0,16.29,Unused,F,40,6.0
0,13.24,Used,F,40,6.0
0,22.41,Used,F,40,6.0
0,57.81,Used,F,40,6.0
0,17.93,Used,F,40,6.5
0,28.5,Used,F,40,6.5
0,11.71,Used,F,40,6.0
0,20.38,Used,F,40,6.0
0,570.71,Used,F,40,14.25
0,8.75,Used,F,40,6.5
0,11.61,Used,F,40,6.5
0,151.88,Used,F,40,8.7
0,121.3,Used,F,40,6.5
0,121.3,Used,F,40,6.5
0,121.3,Used,F,40,6.5
0,121.3,Used,F,40,6.5
0,151.88,Used,F,40,6.5
0,10.2,Used,F,40,6.0
0,151.88,Used,F,40,6.5
0,303.76,Used,F,40,6.5
0,61.01,Unused,F,40,6.5
0,23.42,Unused,F,40,6.5
0,60.11,Unused,F,40,6.0
0,120.87,Unused,F,40,6.5
0,18.32,Unused,F,40,6.0
0,67.23,Unused,F,40,6.0
0,26.74,Unused,F,40,6.0
0,100.91,Unused,F,40,6.5
0,201.82,Unused,F,40,6.5
0,100.91,Unused,F,40,6.5
0,100.91,Unused,F,40,6.5
0,100.91,Unused,F,40,6.5
0,16.3,Unused,F,40,6.5
0,24.71,Unused,F,40,6.0
0,342.3,Unused,F,40,6.0
0,61.0,Unused,F,40,6.0
0,151.88,Unused,F,40,8.7
0,363.9,Unused,F,40,6.5
0,355.74,Unused,F,40,6.5
0,151.88,Unused,F,40,6.5
0,151.88,Unused,F,40,6.5
0,161.04,Unused,F,40,6.5
0,6.94,Unused,F,40,6.5
0,4.33,Unused,F,40,6.0
0,151.88,Unused,F,40,6.5
0,455.64,Unused,F,40,6.5
0,151.88,Unused,F,40,6.5
0,151.88,Unused,F,40,6.5
0,303.76,Unused,F,40,6.5
0,3.03,Unused,F,40,6.0
0,17.93,Unused,F,40,6.5
0,201.82,Unused,F,40,6.5
0,5.91,Unused,F,40,6.5
0,5.1,Unused,F,40,6.0
0,4.33,Unused,F,40,6.0
0,161.04,Unused,F,40,6.5
0,151.88,Unused,F,40,6.5
0,22.41,Unused,F,40,6.0
0,16.3,Unused,F,40,6.5
0,9.17,Unused,F,40,6.0
0,80.52,Unused,F,40,6.5
0,355.74,Unused,F,40,6.5
0,17.93,Used,F,40,12.99
0,202.84,Used,F,40,6.5
0,99.9,Used,F,40,6.5
0,50.96,Used,F,40,0.0
0,39.12,Used,F,40,6.5
0,121.3,Used,F,40,12.99
0,151.88,Used,F,40,6.5
0,151.88,Used,F,40,6.5
0,151.88,Used,F,40,6.5
0,17.93,Unused,F,40,12.99
0,199.8,Unused,F,40,6.5
0,55.42,Unused,F,40,6.5
0,201.82,Unused,F,40,12.99
0,25.09,Unused,F,40,6.5
0,273.18,Unused,F,40,12.99
0,14.78,Unused,F,40,6.0
0,597.3,Unused,F,40,6.5
0,151.88,Unused,F,40,12.99
0,151.88,Unused,F,40,19.99
0,2.44,Unused,F,40,6.5
0,121.3,Unused,F,40,6.5
0,6.94,Unused,F,40,6.5
0,151.88,Unused,F,40,6.5
1,122.77,Used,M,48,6.5
0,9.07,Unused,M,48,6.5
0,276.48,Unused,M,48,6.5
0,153.71,Unused,M,48,6.5
1,9.16,Used,F,50,6.0
0,1.53,Used,F,50,6.0
0,100.91,Used,F,50,6.5
0,151.88,Used,F,50,6.5
0,22.41,Unused,F,50,6.0
0,18.59,Unused,F,50,6.0
0,17.75,Unused,F,50,6.5
0,121.3,Unused,F,50,6.5
0,10.18,Unused,F,50,6.0
0,3.57,Unused,F,50,6.0
0,12.24,Unused,F,50,6.5
0,121.3,Unused,F,50,6.5
0,355.74,Unused,F,50,6.5
1,104.54,Used,M,2,6.5
0,5.15,Used,M,2,6.5
0,46.21,Used,M,2,6.5
0,163.0,Used,M,2,6.5
0,26.28,Unused,M,2,6.5
0,21.64,Unused,M,2,6.5
0,216.42,Unused,M,2,6.5
0,613.85,Unused,M,2,6.5
0,675.73,Unused,M,2,6.5
0,20.62,Unused,M,2,6.5
0,407.5,Unused,M,2,6.5
0,153.71,Unused,M,2,6.5
0,153.71,Unused,M,2,6.5
0,102.13,Unused,M,2,6.5
1,2.39,Used,M,2,12.99
0,149.0,Used,M,2,6.0
0,44.28,Unused,M,2,12.99
0,238.0,Unused,M,2,6.0
0,149.0,Unused,M,2,6.0
0,119.0,Unused,M,2,6.0
1,153.71,Used,F,33,6.5
0,163.0,Unused,F,33,6.5
0,153.71,Unused,F,33,6.5
0,307.42,Unused,F,33,6.5
0,153.71,Unused,F,33,6.5
0,4.1,Unused,F,33,6.5
0,122.77,Unused,F,33,6.5
1,349.5,Used,F,9,6.0
0,15.59,Used,F,9,6.0
0,7.2,Used,F,9,6.0
0,15.0,Used,F,9,6.0
0,50.79,Unused,F,9,6.0
0,45.14,Unused,F,9,6.0
0,220.0,Unused,F,9,6.0
0,4.0,Unused,F,9,6.0
0,238.0,Unused,F,9,6.0
0,158.0,Unused,F,9,6.0
0,149.0,Unused,F,9,6.0
0,75.0,Unused,F,9,6.0
0,99.0,Unused,F,9,6.0
0,357.0,Unused,F,9,6.0
0,316.0,Unused,F,9,6.0
1,30.39,Used,M,8,6.5
0,5.99,Used,M,8,20.0
0,2.99,Unused,M,8,20.0
0,122.37,Unused,M,8,6.5
0,238.0,Unused,M,8,6.5
0,237.0,Unused,M,8,6.5
0,237.0,Unused,M,8,6.5
0,357.0,Unused,M,8,6.5
0,119.0,Unused,M,8,6.5
0,10.99,Used,M,8,6.5
0,19.97,Used,M,8,6.5
0,79.0,Used,M,8,6.5
0,55.99,Unused,M,8,6.5
0,3.99,Unused,M,8,6.5
0,68.78,Unused,M,8,6.5
0,40.98,Unused,M,8,6.5
0,119.0,Unused,M,8,6.5
0,238.0,Unused,M,8,6.5
0,238.0,Unused,M,8,6.5
0,19.99,Unused,M,8,6.5
0,99.0,Unused,M,8,6.5
0,158.0,Unused,M,8,6.5
0,16.99,Unused,M,8,6.5
0,119.0,Unused,M,8,6.5
0,119.0,Unused,M,8,6.5
1,24.48,Used,M,8,6.0
0,11.49,Used,M,8,6.0
0,12.99,Used,M,8,6.0
0,99.0,Used,M,8,6.0
0,99.0,Used,M,8,6.0
0,279.0,Used,M,8,6.0
0,22.8,Used,M,8,6.0
0,81.54,Used,M,8,16.85
0,349.0,Used,M,8,6.0
0,149.0,Used,M,8,12.99
0,43.05,Unused,M,8,6.0
0,19.99,Unused,M,8,6.0
0,1344.0,Unused,M,8,6.0
0,4.49,Unused,M,8,6.0
0,198.0,Unused,M,8,6.0
0,99.0,Unused,M,8,6.0
0,99.0,Unused,M,8,6.0
0,99.0,Unused,M,8,6.0
0,357.0,Unused,M,8,6.0
0,149.0,Unused,M,8,12.99
0,13.29,Unused,M,8,6.0
0,54.36,Unused,M,8,16.85
0,149.0,Unused,M,8,6.0
0,29.98,Unused,M,8,6.0
0,35.97,Unused,M,8,6.0
0,24.99,Unused,M,8,6.0
0,13.59,Unused,M,8,6.0
0,5.7,Unused,M,8,6.0
0,119.0,Unused,M,8,6.0
0,119.0,Unused,M,8,6.0
0,149.0,Unused,M,8,6.0
1,5.15,Used,F,31,6.5
0,90.22,Used,F,31,6.5
0,30.93,Used,F,31,6.5
0,32.99,Used,F,31,12.76
0,29.68,Used,F,31,6.5
0,66.76,Used,F,31,35.96
0,64.96,Used,F,31,6.5
0,371.02,Used,F,31,351.64
0,22.26,Used,F,31,6.5
0,122.77,Used,F,31,6.5
0,20.62,Used,F,31,6.5
0,17.53,Used,F,31,6.5
0,153.71,Used,F,31,6.5
0,153.71,Used,F,31,6.5
0,614.91,Unused,F,31,6.5
0,4.12,Unused,F,31,6.5
0,115.3,Unused,F,31,35.96
0,92.82,Unused,F,31,6.5
0,88.65,Unused,F,31,6.5
0,27.84,Unused,F,31,6.5
0,26.74,Unused,F,31,6.5
0,7.42,Unused,F,31,12.76
0,680.68,Unused,F,31,351.64
0,6.16,Unused,F,31,6.5
0,122.77,Unused,F,31,6.5
0,122.77,Unused,F,31,6.5
0,122.77,Unused,F,31,6.5
0,20.62,Unused,F,31,6.5
0,153.71,Unused,F,31,6.5
0,153.71,Unused,F,31,6.5
0,153.71,Unused,F,31,6.5
0,153.71,Unused,F,31,6.5
0,11.96,Unused,F,31,6.5
0,25.79,Unused,F,31,0.0
0,13.4,Unused,F,31,6.5
0,9.27,Unused,F,31,6.5
0,15.46,Unused,F,31,6.5
0,25.78,Unused,F,31,6.5
0,46.16,Unused,F,31,35.96
0,17.53,Unused,F,31,6.5
0,153.71,Unused,F,31,6.5
0,153.71,Unused,F,31,6.5
1,54.97,Used,F,14,6.0
0,81.54,Used,F,14,6.0
0,81.54,Used,F,14,19.99
0,16.99,Used,F,14,6.0
0,15.99,Used,F,14,6.0
0,298.0,Used,F,14,6.0
0,99.99,Unused,F,14,6.0
0,1.99,Unused,F,14,6.0
0,27.18,Unused,F,14,6.0
0,16.99,Unused,F,14,6.0
0,28.78,Unused,F,14,19.99
0,7.98,Unused,F,14,6.0
1,13.4,Used,M,23,6.5
0,20.62,Used,M,23,6.5
0,28.88,Used,M,23,6.5
0,307.42,Used,M,23,6.5
0,89.92,Unused,M,23,6.5
0,16.5,Unused,M,23,6.5
0,122.77,Unused,M,23,6.5
0,153.71,Unused,M,23,6.5
0,16.5,Unused,M,23,6.5
1,80.9,Used,M,23,6.0
0,441.26,Unused,M,23,6.0
0,10.2,Unused,M,23,6.0
0,33.0,Used,M,23,6.0
0,4.56,Unused,M,23,6.0
0,119.0,Unused,M,23,6.0
1,51.0,Used,M,23,6.0
0,151.88,Unused,M,23,6.5
0,303.76,Unused,M,23,6.5
0,17.93,Unused,M,23,6.5
1,1.99,Used,F,45,6.0
0,33.59,Used,F,45,6.0
0,41.99,Used,F,45,6.0
0,33.59,Used,F,45,6.0
0,41.99,Used,F,45,6.0
0,298.5,Used,F,45,12.99
0,55.43,Used,F,45,6.0
0,26.69,Used,F,45,12.99
0,238.0,Used,F,45,6.0
0,119.0,Used,F,45,6.0
0,149.0,Used,F,45,6.0
0,149.0,Used,F,45,6.0
0,84.95,Used,F,45,6.0
0,298.0,Used,F,45,6.0
0,298.0,Used,F,45,6.0
0,132.06,Unused,F,45,6.0
0,33.59,Unused,F,45,6.0
0,33.59,Unused,F,45,6.0
0,33.59,Unused,F,45,6.0
0,154.35,Unused,F,45,6.0
0,33.59,Unused,F,45,6.0
0,33.59,Unused,F,45,6.0
0,33.59,Unused,F,45,6.0
0,33.59,Unused,F,45,6.5
0,31.9,Unused,F,45,12.99
0,23.98,Unused,F,45,6.0
0,18.99,Unused,F,45,6.0
0,117.63,Unused,F,45,6.0
0,27.19,Unused,F,45,6.0
0,15.99,Unused,F,45,12.99
0,13.29,Unused,F,45,6.0
0,13.29,Unused,F,45,6.0
0,119.0,Unused,F,45,6.0
0,119.0,Unused,F,45,6.0
0,13.59,Unused,F,45,6.5
0,119.0,Unused,F,45,6.0
0,119.0,Unused,F,45,6.0
0,13.29,Unused,F,45,6.0
0,83.99,Unused,F,45,6.0
0,79.0,Unused,F,45,6.0
0,30.79,Unused,F,45,6.0
0,39.5,Unused,F,45,12.99
0,23.84,Unused,F,45,6.0
0,100.77,Unused,F,45,6.0
0,33.59,Unused,F,45,6.0
0,21.4,Unused,F,45,6.0
0,69.58,Unused,F,45,6.0
0,10.63,Unused,F,45,6.0
0,16.99,Unused,F,45,6.0
0,16.99,Unused,F,45,6.0
1,131.85,Used,F,37,19.99
0,19.97,Used,F,37,6.0
0,119.5,Used,F,37,37.01
0,61.4,Used,F,37,12.48
0,11.4,Used,F,37,6.0
0,15.19,Used,F,37,6.0
0,6.0,Used,F,37,6.0
0,37.2,Used,F,37,6.0
0,238.0,Used,F,37,6.0
0,119.0,Used,F,37,6.0
0,149.0,Used,F,37,6.0
0,149.0,Used,F,37,12.99
0,298.0,Used,F,37,6.0
0,16.57,Unused,F,37,6.0
0,30.22,Unused,F,37,6.0
0,615.0,Unused,F,37,37.01
0,16.65,Unused,F,37,12.48
0,36.66,Unused,F,37,6.0
0,11.4,Unused,F,37,6.0
0,4.8,Unused,F,37,6.0
0,6.0,Unused,F,37,6.0
0,119.0,Unused,F,37,6.0
0,119.0,Unused,F,37,6.0
0,268.0,Unused,F,37,6.0
0,119.0,Unused,F,37,6.0
0,79.0,Unused,F,37,6.0
0,158.0,Unused,F,37,6.0
0,21.43,Unused,F,37,6.0
0,119.5,Unused,F,37,37.01
0,4.56,Unused,F,37,6.0
0,238.0,Unused,F,37,6.0
0,119.0,Unused,F,37,6.0
0,149.0,Unused,F,37,6.0
0,149.0,Unused,F,37,6.0
0,298.0,Unused,F,37,6.0
0,149.0,Unused,F,37,6.0
1,17.5,Used,M,16,6.0
0,11.2,Used,M,16,6.0
0,10.5,Used,M,16,6.0
0,198.0,Used,M,16,6.0
0,198.0,Used,M,16,6.0
0,99.0,Used,M,16,6.0
0,238.0,Used,M,16,6.0
0,3.4,Used,M,16,6.0
0,149.0,Used,M,16,6.0
0,55.99,Unused,M,16,6.0
0,55.99,Unused,M,16,6.0
0,49.6,Unused,M,16,6.0
0,199.0,Unused,M,16,6.0
0,199.0,Unused,M,16,6.0
0,99.99,Unused,M,16,6.0
0,19.8,Unused,M,16,6.0
0,23.8,Unused,M,16,6.0
0,279.0,Unused,M,16,6.0
0,238.0,Unused,M,16,6.0
0,357.0,Unused,M,16,6.0
0,119.0,Unused,M,16,6.0
0,119.0,Unused,M,16,6.0
0,349.0,Unused,M,16,6.0
0,149.0,Unused,M,16,6.0
0,149.0,Unused,M,16,6.0
0,13.59,Unused,M,16,20.0
0,745.0,Unused,M,16,6.0
0,149.0,Unused,M,16,6.0
0,11.2,Unused,M,16,6.0
0,199.0,Unused,M,16,6.0
0,198.0,Unused,M,16,6.0
0,6.0,Unused,M,16,6.0
0,238.0,Unused,M,16,6.0
0,349.0,Unused,M,16,19.99
0,149.0,Unused,M,16,6.0
0,395.0,Unused,M,16,6.0
1,12.99,Unused,F,34,6.0
1,79.19,Unused,F,45,6.5
0,7.99,Used,F,45,6.0
0,8.79,Used,F,45,6.5
0,439.5,Used,F,45,28.69
0,79.99,Used,F,45,6.0
0,14.79,Used,F,45,6.0
0,134.74,Used,F,45,16.86
0,43.98,Used,F,45,19.99
0,12.31,Used,F,45,6.0
0,119.0,Used,F,45,6.0
0,119.0,Used,F,45,6.0
0,44.76,Used,F,45,6.0
0,149.0,Used,F,45,6.0
0,7.98,Unused,F,45,6.0
0,19.95,Unused,F,45,20.0
0,189.5,Unused,F,45,16.86
0,84.93,Unused,F,45,6.0
0,55.96,Unused,F,45,6.0
0,374.36,Unused,F,45,6.0
0,18.86,Unused,F,45,6.5
0,595.32,Unused,F,45,28.69
0,79.99,Unused,F,45,6.0
0,43.98,Unused,F,45,19.99
0,44.79,Unused,F,45,6.0
0,10.07,Unused,F,45,6.5
0,2.39,Unused,F,45,6.0
0,238.0,Unused,F,45,12.99
0,238.0,Unused,F,45,12.99
0,13.59,Unused,F,45,6.0
0,15.19,Unused,F,45,6.0
0,2.39,Unused,F,45,6.0
1,31.17,Unused,F,45,6.0
0,651.75,Used,F,45,85.33
0,22.37,Used,F,45,6.0
0,11.75,Used,F,45,6.0
0,119.0,Used,F,45,6.5
0,515.0,Used,F,45,6.0
0,544.0,Used,F,45,12.99
0,237.0,Used,F,45,6.0
0,149.0,Used,F,45,6.0
0,11.97,Unused,F,45,6.0
0,5.6,Unused,F,45,6.0
0,227.87,Unused,F,45,12.48
0,15.98,Unused,F,45,6.0
0,18.99,Unused,F,45,6.0
0,18.99,Unused,F,45,6.0
0,268.0,Unused,F,45,6.0
0,119.0,Unused,F,45,6.0
0,238.0,Unused,F,45,6.0
0,19.99,Unused,F,45,6.0
0,55.98,Unused,F,45,6.0
0,15.19,Unused,F,45,6.0
0,149.0,Unused,F,45,6.0
0,11.19,Unused,F,45,6.0
0,158.0,Unused,F,45,6.0
0,3.19,Unused,F,45,6.0
0,9.9,Unused,F,45,6.0
0,299.75,Unused,F,45,14.85
0,45.57,Unused,F,45,12.48
0,6.99,Unused,F,45,6.0
0,149.0,Unused,F,45,6.0
0,158.0,Unused,F,45,6.0
0,41.99,Unused,F,45,6.0
0,149.0,Unused,F,45,6.0
1,2.99,Unused,F,45,6.0
0,2.99,Used,F,45,6.0
0,119.0,Used,F,45,6.0
0,119.0,Used,F,45,6.0
0,349.0,Used,F,45,6.0
0,15.19,Used,F,45,6.0
0,149.0,Used,F,45,12.99
0,298.0,Used,F,45,6.0
0,15.19,Unused,F,45,6.0
0,349.0,Unused,F,45,6.5
0,79.0,Unused,F,45,6.0
0,10.99,Unused,F,45,6.0
0,99.0,Unused,F,45,6.0
0,298.0,Used,F,45,6.0
0,14.47,Unused,F,45,6.0
0,5.25,Unused,F,45,6.0
0,31.98,Unused,F,45,6.0
0,199.0,Unused,F,45,6.0
1,15.18,Used,F,39,6.0
0,119.0,Used,F,39,6.0
0,119.0,Used,F,39,6.0
0,30.45,Unused,F,39,6.0
0,357.0,Unused,F,39,6.0
0,119.0,Unused,F,39,6.0
0,1.5,Unused,F,39,6.0
0,119.0,Unused,F,39,6.0
0,149.0,Unused,F,39,6.0
1,149.0,Unused,F,39,6.0
1,9.54,Used,F,25,6.0
0,199.0,Used,F,25,6.0
0,75.0,Used,F,25,6.0
0,31.99,Used,F,25,6.5
0,12.8,Used,F,25,6.0
0,119.0,Used,F,25,19.99
0,149.0,Used,F,25,12.99
0,149.0,Used,F,25,6.0
0,17.43,Unused,F,25,6.0
0,209.1,Unused,F,25,6.0
0,199.0,Unused,F,25,6.0
0,31.89,Unused,F,25,6.0
0,9.58,Unused,F,25,6.5
0,64.37,Unused,F,25,6.5
0,63.27,Unused,F,25,6.5
0,29.58,Unused,F,25,6.0
0,24.0,Unused,F,25,6.0
1,11.2,Used,M,6,6.0
0,202.84,Used,M,6,6.5
0,17.93,Used,M,6,6.5
0,42.39,Used,M,6,6.5
0,19.56,Used,M,6,6.5
0,242.6,Used,M,6,12.99
0,121.3,Used,M,6,6.5
0,8.96,Unused,M,6,6.5
0,19.56,Unused,M,6,6.5
0,121.3,Unused,M,6,6.5
0,121.3,Unused,M,6,6.5
0,151.88,Unused,M,6,6.5
0,22.4,Unused,M,6,6.0
0,19.56,Unused,M,6,6.5
0,81.53,Unused,M,6,6.5
1,100.91,Used,F,17,6.5
0,22.41,Used,F,17,6.0
0,3.05,Used,F,17,6.0
0,121.3,Used,F,17,6.5
0,232.4,Used,F,17,12.99
0,402.6,Used,F,17,6.5
0,8.96,Unused,F,17,6.5
0,324.14,Unused,F,17,6.5
0,202.84,Unused,F,17,12.99
0,100.91,Unused,F,17,6.5
0,201.82,Unused,F,17,12.99
0,100.91,Unused,F,17,19.99
0,24.45,Unused,F,17,6.0
0,242.6,Unused,F,17,6.5
0,121.3,Unused,F,17,19.99
0,161.04,Unused,F,17,6.5
0,161.04,Unused,F,17,6.5
0,363.9,Unused,F,17,6.5
0,121.3,Unused,F,17,19.99
0,80.52,Unused,F,17,19.99
0,151.88,Unused,F,17,6.5
1,298.0,Used,M,15,6.5
0,158.0,Unused,M,15,6.5
0,40.77,Unused,M,15,6.5
1,198.0,Used,M,15,6.0
0,55.99,Used,M,15,6.0
0,119.0,Used,M,15,6.0
0,476.0,Used,M,15,6.0
0,238.0,Unused,M,15,6.0
0,119.0,Unused,M,15,6.0
0,119.0,Unused,M,15,6.0
0,474.0,Unused,M,15,6.0
0,60.0,Unused,M,15,6.0
1,3.99,Used,M,12,6.0
0,395.0,Used,M,12,6.0
0,4.99,Unused,M,12,6.0
0,12.78,Unused,M,12,6.0
0,63.98,Unused,M,12,6.0
1,12.98,Used,M,20,6.0
0,99.0,Used,M,20,6.5
0,3.99,Used,M,20,6.5
0,143.7,Used,M,20,26.86
0,238.0,Used,M,20,6.5
0,79.0,Used,M,20,6.5
0,149.0,Used,M,20,6.5
0,298.0,Used,M,20,6.5
0,99.0,Unused,M,20,6.5
0,5.98,Unused,M,20,6.0
0,279.0,Unused,M,20,6.5
0,119.0,Unused,M,20,6.5
0,349.0,Unused,M,20,6.5
0,349.0,Unused,M,20,6.5
0,149.0,Unused,M,20,6.5
0,312.0,Unused,M,20,8.7
0,149.0,Unused,M,20,6.5
0,198.0,Unused,M,20,6.5
1,84.75,Used,F,32,6.5
0,238.0,Used,F,32,6.5
0,34.99,Used,F,32,6.5
0,29.9,Unused,F,32,6.5
0,19.19,Unused,F,32,6.5
0,95.98,Unused,F,32,6.5
0,59.98,Unused,F,32,6.5
0,69.96,Unused,F,32,6.5
0,64.98,Unused,F,32,6.5
0,55.99,Unused,F,32,6.5
0,54.98,Unused,F,32,6.5
0,34.99,Unused,F,32,6.5
0,167.5,Used,F,32,13.38
0,179.65,Used,F,32,36.06
0,479.0,Used,F,32,28.21
0,238.0,Used,F,32,6.5
0,119.0,Used,F,32,6.5
0,238.0,Used,F,32,6.5
0,27.18,Used,F,32,6.5
0,10.99,Unused,F,32,6.5
0,7.19,Unused,F,32,13.38
0,27.93,Unused,F,32,6.5
0,49.56,Unused,F,32,6.5
0,239.0,Unused,F,32,14.42
0,342.81,Unused,F,32,28.21
0,253.99,Unused,F,32,6.5
0,19.99,Unused,F,32,6.5
0,119.0,Unused,F,32,6.5
0,119.0,Unused,F,32,6.5
0,119.0,Unused,F,32,6.5
0,151.05,Unused,F,32,28.21
0,132.66,Unused,F,32,13.38
0,30.39,Unused,F,32,6.5
0,119.0,Unused,F,32,6.5
0,19.99,Unused,F,32,6.5
1,15.0,Used,F,32,6.0
0,183.48,Used,F,32,6.0
0,1.99,Used,F,32,6.0
0,70.37,Used,F,32,6.0
0,113.77,Used,F,32,26.4
0,479.6,Used,F,32,12.48
0,30.62,Used,F,32,6.0
0,15.19,Used,F,32,6.0
0,238.0,Used,F,32,6.0
0,9.51,Used,F,32,6.0
0,15.19,Used,F,32,12.99
0,79.0,Used,F,32,6.0
0,149.0,Used,F,32,6.0
0,149.0,Used,F,32,6.0
0,149.0,Used,F,32,6.0
0,28.97,Unused,F,32,6.0
0,100.0,Unused,F,32,0.0
0,21.99,Unused,F,32,6.0
0,194.94,Unused,F,32,14.25
0,129.9,Unused,F,32,6.0
0,110.57,Unused,F,32,6.0
0,41.59,Unused,F,32,6.0
0,42.53,Unused,F,32,6.0
0,238.0,Unused,F,32,6.0
0,119.0,Unused,F,32,6.0
0,119.0,Unused,F,32,19.99
0,119.0,Unused,F,32,12.99
0,119.0,Unused,F,32,6.0
0,119.0,Unused,F,32,6.0
0,119.0,Unused,F,32,19.99
0,268.0,Unused,F,32,6.0
0,15.19,Unused,F,32,12.99
0,298.0,Unused,F,32,6.0
0,298.0,Unused,F,32,6.0
0,149.0,Unused,F,32,12.99
0,149.0,Unused,F,32,6.0
0,19.99,Unused,F,32,26.4
0,38.16,Unused,F,32,6.5
0,76.78,Unused,F,32,14.25
0,10.07,Unused,F,32,26.4
0,119.0,Unused,F,32,6.0
0,119.0,Unused,F,32,6.0
0,149.0,Unused,F,32,12.99
0,149.0,Unused,F,32,6.0
0,79.0,Unused,F,32,6.0
0,13.59,Unused,F,32,19.99
0,2.99,Used,F,32,50.0
1,22.41,Used,F,11,6.0
0,8.96,Used,F,11,6.5
0,100.91,Used,F,11,6.5
0,374.8,Used,F,11,12.91
0,71.72,Unused,F,11,6.5
0,320.06,Unused,F,11,6.5
0,355.74,Unused,F,11,6.5
0,121.3,Unused,F,11,6.5
1,279.0,Used,F,17,6.0
0,31.98,Unused,F,17,6.0
0,149.0,Unused,F,17,6.0
0,13.59,Unused,F,17,6.0
0,119.0,Unused,F,17,6.0
0,242.6,Unused,F,17,6.5
0,303.76,Unused,F,17,6.5
0,151.88,Unused,F,17,6.5
1,491.7,Unused,F,13,24.92
0,18.99,Unused,F,13,6.0
1,6.0,Used,F,20,6.0
0,119.0,Used,F,20,6.0
0,149.0,Used,F,20,6.0
0,26.4,Used,F,20,6.0
0,43.47,Unused,F,20,6.0
0,62.7,Unused,F,20,13.38
0,11.7,Unused,F,20,6.0
0,238.0,Unused,F,20,6.0
0,119.0,Unused,F,20,6.0
1,496.71,Unused,F,4,6.0
1,11.47,Used,F,47,6.5
0,24.48,Unused,F,47,6.5
0,10.48,Unused,F,47,6.5
1,506.0,Unused,F,47,6.5
1,4.99,Used,F,13,6.0
0,199.0,Unused,F,13,8.7
0,5.7,Used,F,13,6.0
0,2.99,Unused,F,13,6.0
0,2.99,Unused,F,13,6.0
0,100.5,Unused,F,13,15.72
1,7.69,Used,M,8,6.0
0,7.77,Used,M,8,6.0
0,33.59,Used,M,8,6.5
0,119.0,Used,M,8,6.0
0,149.0,Used,M,8,12.99
0,12.31,Unused,M,8,6.0
0,16.8,Unused,M,8,6.0
0,16.5,Unused,M,8,6.0
0,2.8,Unused,M,8,6.5
0,238.0,Unused,M,8,6.0
0,119.0,Unused,M,8,6.0
0,119.0,Unused,M,8,19.99
0,149.0,Unused,M,8,6.0
0,15.99,Unused,M,8,6.5
0,2.99,Unused,M,8,6.0
0,238.0,Unused,M,8,19.99
1,7.18,Used,M,8,6.0
0,8.0,Used,M,8,12.99
0,199.0,Unused,M,8,6.0
0,18.12,Unused,M,8,6.0
0,2.39,Unused,M,8,6.0
1,119.0,Used,M,8,6.0
0,119.0,Used,M,8,6.0
0,3.4,Used,M,8,6.0
0,48.8,Used,M,8,6.0
0,298.0,Used,M,8,6.0
0,6.0,Unused,M,8,6.0
0,198.0,Unused,M,8,6.0
0,23.99,Unused,M,8,6.0
0,49.57,Unused,M,8,6.0
0,298.0,Unused,M,8,6.0
0,15.99,Unused,M,8,6.0
0,15.99,Unused,M,8,6.0
1,16.98,Used,F,6,6.5
0,99.75,Used,F,6,64.01
0,89.75,Used,F,6,6.5
0,37.58,Used,F,6,6.5
0,70.31,Used,F,6,6.5
0,9.99,Used,F,6,6.5
0,24.99,Used,F,6,6.5
0,95.4,Used,F,6,6.5
0,119.0,Used,F,6,6.5
0,12.99,Used,F,6,6.5
0,149.0,Used,F,6,6.5
0,149.0,Used,F,6,6.5
0,249.0,Used,F,6,6.5
0,279.6,Unused,F,6,6.5
0,3.59,Unused,F,6,13.78
0,191.4,Unused,F,6,6.5
0,9.99,Unused,F,6,6.5
0,23.18,Unused,F,6,6.5
0,5.99,Unused,F,6,6.5
0,119.0,Unused,F,6,6.5
0,238.0,Unused,F,6,6.5
0,238.0,Unused,F,6,6.5
0,199.0,Unused,F,6,6.5
0,149.0,Unused,F,6,6.5
0,149.0,Unused,F,6,6.5
0,149.0,Unused,F,6,6.5
0,79.99,Unused,F,6,13.78
0,199.5,Unused,F,6,64.01
0,11.98,Unused,F,6,6.5
0,238.0,Unused,F,6,6.5
0,357.0,Unused,F,6,6.5
0,119.0,Unused,F,6,6.5
0,119.0,Unused,F,6,6.5
0,119.0,Unused,F,6,6.5
0,249.0,Unused,F,6,6.5
0,249.0,Unused,F,6,6.5
1,7.0,Used,F,36,6.0
0,28.78,Used,F,36,6.0
0,25.9,Used,F,36,6.0
0,44.79,Used,F,36,6.0
0,5.98,Used,F,36,6.0
0,28.38,Used,F,36,6.0
0,9.99,Used,F,36,6.0
0,102.3,Used,F,36,6.0
0,119.0,Used,F,36,6.0
0,119.0,Used,F,36,12.99
0,238.0,Used,F,36,6.0
0,13.59,Used,F,36,19.99
0,8.8,Used,F,36,12.99
0,12.49,Unused,F,36,6.0
0,7.0,Unused,F,36,6.0
0,23.52,Unused,F,36,6.0
0,68.37,Unused,F,36,6.0
0,2.4,Unused,F,36,6.0
0,61.16,Unused,F,36,6.0
0,13.5,Unused,F,36,6.0
0,31.99,Unused,F,36,12.99
0,21.35,Unused,F,36,6.0
0,119.0,Unused,F,36,6.0
0,119.0,Unused,F,36,6.0
0,119.0,Unused,F,36,6.0
0,35.7,Unused,F,36,6.0
0,29.58,Unused,F,36,19.99
0,149.0,Unused,F,36,6.0
0,149.0,Unused,F,36,6.0
0,3.5,Unused,F,36,6.0
0,8.79,Unused,F,36,6.0
0,2.99,Unused,F,36,6.0
0,119.0,Unused,F,36,6.0
0,36.0,Unused,F,36,6.0
0,13.59,Unused,F,36,19.99
0,23.76,Unused,F,36,6.0
1,23.98,Used,F,36,6.5
0,199.0,Used,F,36,6.5
0,100.0,Used,F,36,0.0
0,100.0,Used,F,36,0.0
0,100.0,Used,F,36,0.0
0,250.0,Used,F,36,0.0
0,250.0,Used,F,36,0.0
0,250.0,Used,F,36,0.0
0,11.96,Used,F,36,6.0
0,6.99,Used,F,36,6.0
0,9.12,Used,F,36,6.5
0,238.0,Used,F,36,6.0
0,48.98,Used,F,36,6.0
0,349.0,Used,F,36,6.0
0,149.0,Used,F,36,6.0
0,100.0,Unused,F,36,0.0
0,100.0,Unused,F,36,0.0
0,100.0,Unused,F,36,0.0
0,100.0,Unused,F,36,0.0
0,250.0,Unused,F,36,0.0
0,250.0,Unused,F,36,0.0
0,79.99,Unused,F,36,6.0
0,5.0,Unused,F,36,6.0
0,99.0,Unused,F,36,6.0
0,75.98,Unused,F,36,6.0
0,32.72,Unused,F,36,6.5
0,9.36,Unused,F,36,26.43
0,357.0,Unused,F,36,6.0
0,199.0,Unused,F,36,19.99
0,119.0,Unused,F,36,6.0
0,199.0,Unused,F,36,19.99
0,23.92,Unused,F,36,6.0
0,2.99,Unused,F,36,6.0
0,199.0,Unused,F,36,19.99
0,13.59,Unused,F,36,6.5
0,39.99,Unused,F,36,6.0
1,95.4,Used,F,20,53.72
0,40.3,Used,F,20,19.99
0,41.81,Used,F,20,6.0
0,8.8,Used,F,20,6.0
0,149.0,Used,F,20,6.0
0,10.39,Unused,F,20,6.0
0,81.9,Unused,F,20,19.99
0,767.4,Unused,F,20,53.72
0,55.58,Unused,F,20,6.0
0,238.0,Unused,F,20,6.0
0,316.0,Unused,F,20,6.0
0,237.0,Unused,F,20,6.0
0,1.59,Unused,F,20,6.0
0,398.0,Unused,F,20,6.0
0,31.98,Unused,F,20,19.99
0,2.39,Unused,F,20,6.0
0,79.0,Unused,F,20,6.0
1,85.98,Used,F,24,6.0
0,12.76,Used,F,24,6.0
0,119.0,Used,F,24,6.0
0,119.0,Used,F,24,19.99
0,44.97,Unused,F,24,6.0
0,3.98,Unused,F,24,6.0
0,238.0,Unused,F,24,19.99
0,10.63,Unused,F,24,6.0
0,447.0,Unused,F,24,6.0
0,15.39,Unused,F,24,6.0
1,10.99,Unused,F,24,6.0
0,119.0,Unused,F,24,6.0
0,79.0,Unused,F,24,6.0
0,149.0,Unused,F,24,6.0
0,149.0,Unused,F,24,6.0
1,93.84,Used,F,6,12.48
0,357.0,Used,F,6,6.0
0,119.0,Used,F,6,12.48
0,16.99,Used,F,6,6.0
0,149.0,Used,F,6,6.0
0,149.0,Used,F,6,6.0
0,79.0,Unused,F,6,12.48
0,395.0,Unused,F,6,6.0
0,11.19,Unused,F,6,6.0
0,13.59,Unused,F,6,12.48
0,149.0,Unused,F,6,6.0
0,41.48,Unused,F,6,12.48
0,2495.0,Unused,F,6,6.0
0,476.0,Unused,F,6,6.0
1,17.59,Used,F,6,6.5
0,348.0,Used,F,6,6.5
0,677.0,Used,F,6,6.5
0,99.0,Used,F,6,6.5
0,198.0,Used,F,6,6.5
0,17.94,Used,F,6,6.0
0,47.8,Used,F,6,75.74
0,119.0,Used,F,6,6.5
0,119.0,Used,F,6,6.5
0,119.0,Used,F,6,6.5
0,158.0,Used,F,6,6.5
0,298.0,Used,F,6,6.5
0,71.36,Unused,F,6,6.0
0,4.49,Unused,F,6,6.0
0,199.0,Unused,F,6,6.5
0,135.8,Unused,F,6,75.74
0,99.0,Unused,F,6,6.5
0,195.8,Unused,F,6,12.48
0,119.0,Unused,F,6,6.5
0,595.0,Unused,F,6,6.5
0,317.0,Unused,F,6,6.5
0,119.0,Unused,F,6,6.5
0,11.6,Unused,F,6,6.5
0,498.0,Unused,F,6,6.5
0,298.0,Unused,F,6,6.5
0,79.0,Unused,F,6,6.5
0,149.0,Unused,F,6,6.5
0,149.0,Unused,F,6,6.5
0,149.0,Unused,F,6,6.5
0,19.95,Unused,F,6,6.0
0,1119.8,Unused,F,6,22.13
0,1.5,Unused,F,6,6.0
0,99.0,Unused,F,6,6.5
0,99.99,Unused,F,6,6.0
0,5.59,Unused,F,6,6.5
0,279.0,Unused,F,6,6.5
0,237.0,Unused,F,6,6.5
0,298.0,Unused,F,6,6.5
1,160.71,Used,M,49,15.72
0,31.99,Used,M,49,6.0
0,9.99,Used,M,49,6.0
0,21.58,Unused,M,49,15.72
0,86.36,Unused,M,49,6.0
0,10.39,Unused,M,49,15.72
0,46.85,Unused,M,49,6.0
0,15.0,Unused,M,49,6.0
1,23.08,Used,F,7,64.01
0,54.45,Used,F,7,158.74
0,70.8,Unused,F,7,6.5
0,46.16,Unused,F,7,64.01
0,816.63,Unused,F,7,158.74
0,47.28,Unused,F,7,6.5
0,20.6,Unused,F,7,64.01
0,145.2,Unused,F,7,158.74
1,13.2,Unused,F,32,6.0
1,40.98,Used,F,29,44.06
0,49.99,Unused,F,29,44.06
0,35.98,Unused,F,29,44.06
0,20.99,Unused,F,29,44.06
1,12.0,Used,F,29,6.0
0,18.99,Used,F,29,6.0
0,119.5,Unused,F,29,18.12
0,28.52,Unused,F,29,6.0
0,119.0,Unused,F,29,6.0
0,5.7,Unused,F,29,6.0
0,316.0,Unused,F,29,6.0
0,5.1,Unused,F,29,6.0
0,37.59,Used,F,29,12.99
0,13.59,Used,F,29,6.0
0,119.0,Used,F,29,6.0
0,79.0,Used,F,29,6.0
0,16.99,Used,F,29,6.0
0,33.98,Used,F,29,6.0
0,77.91,Unused,F,29,6.5
0,10.99,Unused,F,29,19.99
0,79.99,Unused,F,29,6.0
0,66.6,Unused,F,29,6.5
0,27.18,Unused,F,29,6.0
0,119.0,Unused,F,29,6.0
0,44.0,Unused,F,29,6.0
0,395.0,Unused,F,29,6.0
0,13.59,Unused,F,29,12.99
0,32.38,Unused,F,29,6.0
0,79.99,Unused,F,29,6.0
0,9.6,Unused,F,29,6.0
0,88.0,Unused,F,29,6.5
0,12.79,Unused,F,29,20.0
0,37.19,Unused,F,29,12.99
1,357.0,Used,F,29,19.99
0,2.5,Used,F,29,6.0
0,124.77,Used,F,29,6.0
0,15.99,Unused,F,29,6.0
0,79.0,Unused,F,29,6.0
0,199.0,Unused,F,29,8.7
0,7.98,Unused,F,29,6.0
1,1.2,Used,F,18,6.5
0,554.1,Unused,F,18,28.69
0,3.98,Used,F,18,6.5
0,149.0,Used,F,18,6.5
0,3.99,Unused,F,18,6.5
0,55.99,Unused,F,18,15.75
0,238.0,Unused,F,18,6.5
1,149.0,Used,F,18,6.0
0,149.0,Used,F,18,6.0
0,119.0,Used,F,18,6.0
0,198.0,Used,F,18,6.0
0,12.8,Unused,F,18,6.0
0,119.0,Unused,F,18,6.0
0,79.99,Unused,F,18,6.0
0,238.0,Unused,F,18,6.0
0,357.0,Unused,F,18,6.0
0,24.78,Unused,F,18,6.5
0,15.99,Unused,F,18,6.0
0,119.0,Unused,F,18,6.0
0,2.8,Unused,F,18,6.0
0,7.6,Used,F,18,6.0
1,88.25,Used,F,18,6.0
0,351.18,Unused,F,18,6.0
0,19.99,Unused,F,18,6.0
1,5.6,Used,F,30,6.0
0,19.19,Used,F,30,6.0
0,161.55,Used,F,30,16.86
0,19.29,Used,F,30,6.0
0,1.2,Used,F,30,6.0
0,15.18,Used,F,30,6.0
0,11.38,Used,F,30,6.0
0,4.77,Used,F,30,13.38
0,15.99,Used,F,30,6.0
0,39.19,Used,F,30,30.0
0,8.0,Used,F,30,6.0
0,4.56,Used,F,30,6.0
0,238.0,Used,F,30,6.0
0,114.3,Used,F,30,12.91
0,149.0,Used,F,30,6.0
0,149.0,Used,F,30,6.0
0,201.94,Unused,F,30,16.86
0,59.85,Unused,F,30,6.0
0,19.94,Unused,F,30,13.38
0,3.5,Unused,F,30,6.0
0,7.69,Unused,F,30,6.0
0,2.39,Unused,F,30,6.0
0,8.4,Unused,F,30,6.0
0,1.59,Unused,F,30,6.0
0,31.99,Unused,F,30,12.99
0,9.6,Unused,F,30,6.0
0,27.18,Unused,F,30,12.91
0,4.56,Unused,F,30,6.0
0,37.2,Unused,F,30,6.0
0,119.0,Unused,F,30,6.0
0,119.0,Unused,F,30,6.0
0,387.0,Unused,F,30,6.0
0,238.0,Unused,F,30,6.0
0,119.0,Unused,F,30,6.0
0,238.0,Unused,F,30,19.99
0,119.0,Unused,F,30,6.0
0,435.0,Unused,F,30,6.0
0,119.0,Unused,F,30,6.0
0,395.0,Unused,F,30,6.0
0,15.99,Unused,F,30,6.0
0,22.79,Unused,F,30,6.0
0,13.59,Unused,F,30,6.0
0,13.59,Unused,F,30,6.0
0,596.0,Unused,F,30,6.0
0,149.0,Unused,F,30,6.0
0,7.6,Unused,F,30,6.0
0,13.68,Unused,F,30,6.0
0,5.6,Unused,F,30,6.0
0,24.0,Unused,F,30,13.38
0,120.0,Unused,F,30,17.08
0,15.26,Unused,F,30,6.0
0,31.99,Unused,F,30,12.99
0,15.99,Unused,F,30,12.91
0,37.2,Unused,F,30,6.0
0,238.0,Unused,F,30,12.99
0,119.0,Unused,F,30,6.0
0,16.79,Unused,F,30,6.0
0,5.1,Unused,F,30,6.0
0,298.0,Unused,F,30,6.0
0,149.0,Unused,F,30,6.0
1,17.93,Used,F,30,6.5
0,268.77,Used,F,30,6.5
0,100.91,Used,F,30,12.99
0,201.82,Used,F,30,6.5
0,76.25,Used,F,30,6.0
0,242.6,Used,F,30,6.5
0,242.6,Used,F,30,6.5
0,4.84,Used,F,30,6.0
0,3.47,Used,F,30,6.5
0,17.93,Unused,F,30,6.5
0,761.42,Unused,F,30,6.5
0,100.91,Unused,F,30,6.5
0,4.08,Unused,F,30,6.5
0,3.05,Unused,F,30,6.0
0,121.3,Unused,F,30,12.99
0,363.9,Unused,F,30,6.5
0,29.04,Unused,F,30,6.0
0,151.88,Unused,F,30,6.5
0,151.88,Unused,F,30,6.5
0,402.6,Unused,F,30,6.5
0,322.08,Unused,F,30,6.5
0,20.36,Unused,F,30,6.0
0,201.82,Unused,F,30,6.5
0,50.75,Unused,F,30,6.0
0,101.92,Unused,F,30,6.0
0,6.11,Unused,F,30,6.0
0,355.74,Unused,F,30,6.5
1,153.71,Unused,M,49,6.5
1,119.0,Unused,M,49,6.5
0,11.95,Unused,M,49,12.48
1,745.0,Used,M,49,12.91
1,4.08,Used,M,49,6.0
0,9.98,Unused,M,49,19.99
1,36.3,Used,F,45,18.47
0,94.88,Used,F,45,6.5
0,153.71,Used,F,45,8.7
0,163.0,Used,F,45,6.5
0,67.03,Unused,F,45,6.5
0,126.89,Unused,F,45,6.5
0,92.42,Unused,F,45,18.47
0,122.77,Unused,F,45,6.5
0,430.19,Unused,F,45,6.5
0,245.54,Unused,F,45,6.5
0,81.5,Unused,F,45,6.5
1,119.0,Used,F,45,6.5
0,238.0,Used,F,45,6.5
0,149.0,Used,F,45,6.5
0,15.19,Unused,F,45,6.5
0,119.0,Unused,F,45,6.5
0,119.0,Unused,F,45,6.5
0,149.0,Unused,F,45,6.5
0,119.0,Unused,F,45,6.5
0,149.0,Unused,F,45,6.5
0,419.5,Used,F,45,294.0
0,52.07,Used,F,45,6.5
0,19.95,Unused,F,45,6.5
0,31.98,Unused,F,45,6.5
0,15.99,Unused,F,45,6.5
1,119.0,Used,F,47,6.5
0,119.0,Used,F,47,6.5
0,119.0,Used,F,47,6.5
0,119.0,Unused,F,47,6.5
0,126.19,Unused,F,47,6.5
0,79.99,Unused,F,47,6.5
0,119.0,Unused,F,47,6.5
1,71.97,Used,F,47,6.5
0,149.0,Used,F,47,8.7
0,79.0,Used,F,47,6.5
0,23.98,Unused,F,47,6.5
0,119.0,Unused,F,47,6.5
0,199.0,Unused,F,47,8.7
1,45.57,Used,F,47,6.0
0,238.0,Used,F,47,6.5
0,149.0,Used,F,47,6.0
0,119.0,Unused,F,47,6.0
0,119.0,Unused,F,47,6.0
1,4.56,Used,F,47,6.0
0,15.99,Unused,F,47,6.0
0,149.0,Unused,F,47,6.0
0,10.39,Unused,F,47,6.0
0,119.0,Unused,F,47,6.0
0,7.6,Unused,F,47,6.0
1,17.93,Used,F,47,6.5
0,151.88,Used,F,47,6.5
0,17.93,Unused,F,47,6.5
0,100.91,Unused,F,47,6.5
0,121.3,Unused,F,47,6.5
0,121.3,Unused,F,47,6.5
0,151.88,Unused,F,47,6.5
0,44.82,Used,F,47,6.0
0,49.95,Used,F,47,6.5
0,100.91,Used,F,47,6.5
0,121.3,Used,F,47,6.5
0,151.88,Used,F,47,6.5
0,17.93,Unused,F,47,6.5
0,61.15,Unused,F,47,6.0
0,3.05,Unused,F,47,6.0
0,363.9,Unused,F,47,6.5
0,355.74,Unused,F,47,6.5
1,555.0,Unused,M,44,6.0
0,19.99,Unused,M,44,6.0
0,149.0,Unused,M,44,6.0
0,99.0,Unused,M,44,6.0
1,3.98,Used,M,6,6.0
0,68.97,Used,M,6,6.0
0,20.76,Used,M,6,6.0
0,78.93,Used,M,6,6.0
0,43.97,Used,M,6,6.0
0,119.0,Used,M,6,12.99
0,119.0,Used,M,6,6.0
0,119.0,Used,M,6,6.0
0,238.0,Used,M,6,6.0
0,15.99,Used,M,6,12.99
0,149.0,Used,M,6,19.99
0,745.0,Used,M,6,6.0
0,33.59,Unused,M,6,6.0
0,47.17,Unused,M,6,6.0
0,10.39,Unused,M,6,6.0
0,277.9,Unused,M,6,6.0
0,1.59,Unused,M,6,6.5
0,75.42,Unused,M,6,6.0
0,15.19,Unused,M,6,6.0
0,238.0,Unused,M,6,6.0
0,238.0,Unused,M,6,6.0
0,238.0,Unused,M,6,6.0
0,238.0,Unused,M,6,6.0
0,476.0,Unused,M,6,6.0
0,149.0,Unused,M,6,6.0
0,298.0,Unused,M,6,6.0
0,447.0,Unused,M,6,12.99
0,59.99,Unused,M,6,6.0
0,149.0,Unused,M,6,6.0
0,61.59,Unused,M,6,12.99
0,5.59,Unused,M,6,6.5
0,61.59,Unused,M,6,6.0
0,119.0,Unused,M,6,6.0
0,119.0,Unused,M,6,12.99
0,149.0,Unused,M,6,6.0
1,242.6,Used,M,6,6.5
0,121.3,Used,M,6,6.5
0,121.3,Used,M,6,6.5
0,151.88,Used,M,6,6.5
0,202.84,Unused,M,6,19.99
0,54.95,Unused,M,6,6.0
0,363.9,Unused,M,6,6.5
0,355.74,Unused,M,6,6.5
0,303.76,Unused,M,6,6.5
0,201.83,Unused,M,6,6.5
0,24.45,Unused,M,6,6.0
1,208.89,Used,F,35,12.99
0,149.5,Unused,F,35,12.99
1,245.54,Used,M,16,6.5
0,204.27,Used,M,16,6.5
0,122.77,Unused,M,16,6.5
0,81.5,Unused,M,16,6.5
0,461.13,Unused,M,16,6.5
0,153.71,Unused,M,16,6.5
1,55.99,Used,M,16,6.5
0,149.0,Used,M,16,6.5
0,119.0,Unused,M,16,6.5
1,12.31,Used,M,16,6.0
0,16.99,Used,M,16,6.0
0,119.0,Unused,M,16,6.0
0,209.85,Unused,M,16,6.0
0,316.0,Unused,M,16,6.0
0,119.0,Unused,M,16,6.0
0,95.96,Unused,M,16,6.0
1,149.0,Used,F,49,6.5
0,238.0,Unused,F,49,6.5
0,119.0,Unused,F,49,6.5
0,298.0,Unused,F,49,6.5
0,3.99,Used,F,49,6.5
0,11.96,Unused,F,49,6.5
0,14.97,Unused,F,49,6.5
1,110.36,Used,F,49,6.0
0,115.76,Unused,F,49,6.0
0,52.49,Unused,F,49,6.0
0,41.99,Unused,F,49,6.0
0,53.88,Used,F,49,106.38
0,6571.0,Used,F,49,6.0
0,10.39,Used,F,49,6.0
0,238.0,Used,F,49,6.0
0,119.0,Used,F,49,6.0
0,232.28,Unused,F,49,106.38
0,641.58,Unused,F,49,6.0
0,25.9,Unused,F,49,6.0
0,119.0,Unused,F,49,6.0
0,357.0,Unused,F,49,12.99
0,319.0,Unused,F,49,6.0
0,226.0,Unused,F,49,106.38
1,9.49,Used,F,46,6.0
0,12.16,Used,F,46,6.0
0,15.0,Unused,F,46,6.0
0,29.11,Unused,F,46,6.0
1,9.2,Used,M,19,6.0
0,11.36,Used,M,19,6.0
0,119.0,Used,M,19,6.0
0,238.0,Used,M,19,6.0
0,6.0,Used,M,19,6.0
0,18.79,Unused,M,19,6.0
0,7.69,Unused,M,19,6.0
0,119.0,Unused,M,19,6.0
1,355.74,Used,F,47,6.5
0,99.9,Unused,F,47,6.5
0,100.91,Unused,F,47,6.5
1,10.63,Used,F,17,6.0
0,119.0,Used,F,17,6.0
0,33.98,Used,F,17,6.0
0,61.38,Unused,F,17,13.35
0,17.59,Unused,F,17,12.99
0,10.63,Unused,F,17,6.0
0,103.67,Unused,F,17,6.0
0,298.0,Unused,F,17,6.0
0,149.0,Unused,F,17,6.0
0,158.0,Unused,F,17,6.0
0,219.89,Unused,F,17,13.35
1,39.98,Used,M,30,6.5
0,237.0,Used,M,30,6.5
0,16.99,Used,M,30,6.5
0,149.0,Used,M,30,6.5
0,9.9,Unused,M,30,6.5
0,452.43,Unused,M,30,102.79
0,119.0,Unused,M,30,6.5
0,238.0,Unused,M,30,6.5
0,15.19,Unused,M,30,6.5
0,158.0,Unused,M,30,6.5
0,119.0,Unused,M,30,6.5
0,27.18,Unused,M,30,73.23
0,298.0,Unused,M,30,6.5
0,149.0,Unused,M,30,6.5
1,47.9,Used,M,30,14.42
0,15.19,Used,M,30,6.0
0,135.8,Unused,M,30,14.42
0,199.0,Unused,M,30,6.0
0,119.0,Unused,M,30,6.0
0,387.0,Unused,M,30,6.0
0,11.6,Unused,M,30,6.0
0,17.93,Used,M,30,6.5
0,17.93,Unused,M,30,6.5
0,355.74,Unused,M,30,6.5
1,19.42,Used,M,30,6.0
0,15.19,Used,M,30,6.0
0,15.19,Unused,M,30,6.0
1,79.0,Used,M,30,6.5
0,151.88,Used,M,30,6.5
1,10.99,Used,F,46,6.0
0,55.0,Used,F,46,6.0
0,354.95,Unused,F,46,6.0
0,18.75,Unused,F,46,6.0
0,18.75,Unused,F,46,6.0
0,16.99,Unused,F,46,6.0
1,48.0,Used,M,6,88.53
0,136.8,Used,M,6,26.86
0,50.37,Used,M,6,13.35
0,41.2,Used,M,6,6.0
0,15.99,Used,M,6,6.0
0,15.99,Used,M,6,6.0
0,69.3,Unused,M,6,26.86
0,37.81,Unused,M,6,6.0
0,157.52,Unused,M,6,13.35
0,15.99,Unused,M,6,6.0
0,106.3,Unused,M,6,88.53
0,13.29,Unused,M,6,6.0
0,149.0,Unused,M,6,6.0
0,15.19,Unused,M,6,6.0
0,158.0,Unused,M,6,6.0
0,149.0,Unused,M,6,6.0
0,149.0,Unused,M,6,6.0
0,55.5,Unused,M,6,26.86
0,9.49,Unused,M,6,6.0
0,30.0,Unused,M,6,6.0
1,52.49,Used,F,40,6.0
0,95.97,Unused,F,40,6.0
1,31.35,Unused,M,43,6.5
1,143.84,Used,M,43,6.48
0,94.95,Used,M,43,6.5
0,13.59,Used,M,43,8.36
0,94.95,Unused,M,43,6.5
0,32.99,Unused,M,43,6.46
0,71.92,Unused,M,43,6.48
0,40.77,Unused,M,43,8.36
0,158.0,Unused,M,43,6.5
0,158.0,Unused,M,43,6.5
0,37.98,Unused,M,43,6.5
0,107.88,Unused,M,43,6.48
0,119.0,Unused,M,43,6.5
1,44.68,Used,M,43,6.0
0,1148.85,Used,M,43,12.99
0,119.0,Used,M,43,6.0
0,119.0,Used,M,43,6.0
0,119.0,Used,M,43,6.0
0,15.99,Used,M,43,6.0
0,74.99,Used,M,43,6.0
0,10.63,Used,M,43,6.0
0,13.59,Used,M,43,6.0
0,149.0,Used,M,43,6.0
0,802.7,Unused,M,43,12.99
0,383.38,Unused,M,43,6.0
0,23.9,Unused,M,43,12.99
0,27.19,Unused,M,43,6.5
0,11.19,Unused,M,43,6.0
0,154.0,Unused,M,43,6.0
0,634.0,Unused,M,43,12.99
0,119.0,Unused,M,43,6.0
0,238.0,Unused,M,43,6.0
0,12.0,Unused,M,43,12.99
0,61.59,Unused,M,43,6.0
0,228.0,Unused,M,43,6.0
1,42.92,Used,M,43,19.99
0,10.39,Used,M,43,6.0
0,119.0,Used,M,43,6.0
0,119.0,Used,M,43,6.0
0,88.28,Used,M,43,19.99
0,79.0,Used,M,43,6.0
0,149.0,Used,M,43,6.0
0,90.09,Unused,M,43,19.99
0,1.99,Unused,M,43,19.99
0,13.59,Unused,M,43,6.0
0,11.19,Unused,M,43,6.0
0,119.0,Unused,M,43,6.0
0,33.98,Unused,M,43,6.0
0,16.99,Unused,M,43,12.99
0,36.97,Unused,M,43,19.99
0,52.22,Unused,M,43,6.0
0,34.99,Unused,M,43,19.99
1,16.8,Used,M,43,6.0
0,31.89,Used,M,43,6.0
0,2.99,Used,M,43,6.0
0,39.81,Used,M,43,6.0
0,13.99,Used,M,43,6.0
0,15.19,Used,M,43,6.5
0,18.98,Unused,M,43,6.0
0,8.4,Unused,M,43,6.0
0,238.0,Unused,M,43,6.0
0,119.0,Unused,M,43,6.0
0,476.0,Unused,M,43,6.0
0,10.63,Unused,M,43,6.0
0,21.82,Unused,M,43,6.5
0,149.0,Unused,M,43,6.0
0,11.18,Unused,M,43,6.0
0,27.98,Used,M,43,6.0
0,119.0,Used,M,43,6.0
0,119.0,Used,M,43,6.0
0,15.99,Used,M,43,6.0
0,18.99,Used,M,43,6.0
0,14.98,Unused,M,43,6.0
0,7.2,Unused,M,43,6.0
0,7.99,Unused,M,43,6.0
0,24.96,Unused,M,43,6.0
0,9.99,Unused,M,43,6.0
0,119.0,Unused,M,43,6.0
0,15.99,Unused,M,43,6.0
0,316.0,Unused,M,43,6.0
0,48.0,Unused,M,43,20.85
0,17.46,Unused,M,43,6.0
0,4.8,Unused,M,43,6.0
0,1535.4,Unused,M,43,53.72
0,33.59,Used,M,43,6.0
0,13.92,Used,M,43,6.0
0,19.29,Used,M,43,6.0
0,4.8,Used,M,43,6.0
0,17.35,Unused,M,43,6.0
0,199.0,Unused,M,43,12.99
0,6.96,Unused,M,43,6.0
0,71.94,Unused,M,43,6.0
0,4.56,Unused,M,43,6.0
0,8.4,Unused,M,43,6.0
0,23.19,Unused,M,43,6.0
1,191.52,Used,M,43,6.0
0,1.99,Used,M,43,6.0
0,119.0,Used,M,43,6.0
0,9.99,Unused,M,43,6.0
0,278.0,Unused,M,43,6.0
0,96.0,Unused,M,43,6.0
0,8.64,Unused,M,43,6.0
0,357.0,Unused,M,43,6.0
0,149.0,Unused,M,43,6.0
0,398.0,Unused,M,43,6.0
0,46.5,Unused,M,43,6.0
0,4.08,Unused,M,43,6.0
1,96.71,Used,M,43,19.99
0,1.59,Unused,M,43,6.5
0,291.15,Unused,M,43,19.99
0,119.0,Unused,M,43,6.0
0,199.0,Unused,M,43,12.99
0,3.99,Unused,M,43,19.99
0,79.99,Unused,M,43,6.5
1,17.59,Used,M,43,12.99
0,199.0,Used,M,43,6.5
0,476.0,Used,M,43,6.5
0,149.0,Used,M,43,6.5
0,198.0,Unused,M,43,6.5
0,558.0,Unused,M,43,6.5
0,149.0,Unused,M,43,8.7
0,119.0,Unused,M,43,6.5
0,14.4,Unused,M,43,12.99
0,158.0,Unused,M,43,6.5
0,279.0,Unused,M,43,6.5
0,119.0,Unused,M,43,6.5
0,7.6,Unused,M,43,12.99
1,126.0,Used,F,10,18.12
0,6.0,Used,F,10,12.48
0,162.3,Used,F,10,19.68
0,8.79,Unused,F,10,6.0
0,42.0,Unused,F,10,18.12
0,181.28,Unused,F,10,12.48
0,1.99,Unused,F,10,6.0
0,470.1,Unused,F,10,19.68
0,158.0,Unused,F,10,6.0
0,149.0,Unused,F,10,6.0
0,149.0,Unused,F,10,8.7
0,149.0,Unused,F,10,6.0
1,81.5,Used,M,49,6.5
0,153.71,Used,M,49,6.5
0,51.15,Unused,M,49,6.5
0,15.67,Unused,M,49,6.5
0,163.0,Unused,M,49,6.5
0,30.52,Unused,M,49,6.5
0,265.34,Unused,M,49,6.5
0,81.5,Unused,M,49,6.5
1,14.4,Used,F,17,6.0
0,7.19,Used,F,17,6.0
0,9.12,Used,F,17,6.0
0,476.0,Used,F,17,6.0
0,238.0,Used,F,17,6.0
0,24.79,Used,F,17,6.0
0,4.56,Used,F,17,6.0
0,66.96,Unused,F,17,6.0
0,10.39,Unused,F,17,6.0
0,51.35,Unused,F,17,6.0
0,5.7,Unused,F,17,6.0
0,11.4,Unused,F,17,6.0
0,13.59,Unused,F,17,6.0
0,57.59,Unused,F,17,12.99
0,298.0,Unused,F,17,6.0
0,19.19,Unused,F,17,6.0
0,4.8,Unused,F,17,6.0
0,31.35,Unused,F,17,6.0
0,15.19,Unused,F,17,6.0
0,52.5,Unused,F,17,6.0
0,149.0,Unused,F,17,6.0
0,13.59,Unused,F,17,12.99
1,10.99,Used,F,29,6.0
0,16.99,Unused,F,29,6.0
0,18.99,Unused,F,29,6.0
1,897.66,Used,M,7,45.93
0,348.0,Used,M,7,32.18
0,55.99,Used,M,7,6.0
0,357.0,Used,M,7,6.0
0,31.18,Used,M,7,6.0
0,9.2,Unused,M,7,6.0
0,27.17,Unused,M,7,32.18
0,895.8,Unused,M,7,15.37
0,170.66,Unused,M,7,45.93
0,1.11,Unused,M,7,6.0
0,34.48,Unused,M,7,6.0
0,149.0,Unused,M,7,6.0
0,6.15,Unused,M,7,32.18
0,357.0,Unused,M,7,6.0
1,53.68,Used,F,6,6.0
0,119.0,Used,F,6,6.0
0,238.0,Used,F,6,6.0
0,19.99,Used,F,6,6.0
0,149.0,Used,F,6,6.0
0,149.0,Used,F,6,6.0
0,149.0,Used,F,6,6.0
0,237.0,Used,F,6,6.0
0,149.0,Used,F,6,6.0
0,182.99,Unused,F,6,6.0
0,238.0,Unused,F,6,6.0
0,119.0,Unused,F,6,6.0
0,395.0,Unused,F,6,6.0
0,32.38,Unused,F,6,6.0
0,149.0,Unused,F,6,6.0
0,149.0,Unused,F,6,6.0
0,158.0,Unused,F,6,6.0
0,149.0,Unused,F,6,6.0
0,12.99,Used,F,6,6.0
0,46.97,Used,F,6,6.0
0,79.0,Used,F,6,6.0
0,149.0,Used,F,6,6.0
0,38.38,Unused,F,6,6.0
0,67.76,Unused,F,6,6.0
0,24.99,Unused,F,6,6.0
0,119.0,Unused,F,6,6.0
0,237.0,Unused,F,6,19.99
0,395.0,Unused,F,6,6.0
0,312.0,Unused,F,6,8.7
0,149.0,Unused,F,6,6.0
0,99.99,Unused,F,6,6.0
0,149.0,Unused,F,6,6.0
1,44.79,Used,F,7,6.0
0,16.99,Used,F,7,6.0
0,15.96,Unused,F,7,6.0
0,47.27,Unused,F,7,6.0
0,119.0,Unused,F,7,6.0
0,13.99,Unused,F,7,6.0
1,19.19,Used,F,11,6.0
0,119.0,Used,F,11,6.0
0,31.18,Used,F,11,6.0
0,149.0,Used,F,11,6.0
0,15.19,Used,F,11,6.0
0,79.0,Used,F,11,19.99
0,149.0,Unused,F,11,19.99
0,119.0,Unused,F,11,6.0
0,119.0,Unused,F,11,19.99
0,395.0,Unused,F,11,6.0
1,16.99,Used,F,11,6.0
1,249.0,Used,F,30,6.0
0,16.99,Used,F,30,6.0
0,23.76,Used,F,30,6.0
0,149.0,Used,F,30,6.0
0,526.75,Unused,F,30,6.0
0,14.38,Unused,F,30,6.0
0,5.28,Unused,F,30,6.0
0,16.99,Unused,F,30,6.0
0,149.25,Unused,F,30,6.0
0,3.33,Unused,F,30,6.0
1,17.5,Unused,F,30,6.0
1,7.2,Used,F,10,6.5
0,355.77,Used,F,10,6.5
0,19.8,Used,F,10,6.5
0,87.46,Used,F,10,6.5
0,29.9,Unused,F,10,6.5
0,1608.45,Unused,F,10,6.5
0,4.12,Unused,F,10,6.5
0,31.35,Unused,F,10,6.5
0,153.71,Unused,F,10,6.5
0,600.19,Unused,F,10,6.5
0,24.75,Unused,F,10,6.5
0,153.71,Unused,F,10,6.5
1,9.99,Used,F,10,6.0
0,164.19,Used,F,10,6.0
0,3.99,Unused,F,10,6.0
0,149.0,Unused,F,10,6.0
0,15.99,Unused,F,10,6.0
0,32.77,Used,F,10,49.73
0,17.99,Used,F,10,6.0
0,22.68,Used,F,10,6.0
0,29.07,Used,F,10,12.48
0,11.5,Used,F,10,6.0
0,19.03,Used,F,10,6.5
0,41.76,Used,F,10,6.0
0,15.19,Used,F,10,6.0
0,17.49,Used,F,10,6.0
0,9.57,Unused,F,10,6.0
0,1.99,Unused,F,10,6.0
0,79.99,Unused,F,10,12.48
0,3.49,Unused,F,10,6.0
0,26.58,Unused,F,10,6.0
0,30.77,Unused,F,10,6.0
0,82.94,Unused,F,10,6.0
0,2.39,Unused,F,10,49.73
0,23.76,Unused,F,10,6.0
0,10.99,Unused,F,10,6.0
0,10.39,Unused,F,10,6.0
0,19.99,Unused,F,10,6.0
0,13.99,Unused,F,10,6.0
0,2763.84,Used,F,10,6.0
0,1665.3,Unused,F,10,6.0
0,1090.19,Unused,F,10,6.0
1,17.49,Used,F,10,6.0
0,1.99,Unused,F,10,6.0
1,9.76,Unused,F,10,6.5
0,303.76,Unused,F,10,19.99
1,1.24,Unused,F,30,6.5
1,3.99,Used,M,45,6.0
0,16.99,Used,M,45,12.99
0,2.39,Unused,M,45,6.0
0,2.39,Unused,M,45,6.0
0,140.75,Unused,M,45,6.0
0,39.98,Unused,M,45,12.99
0,149.0,Unused,M,45,6.0
0,19.59,Used,M,45,6.0
0,16.72,Used,M,45,6.0
0,238.0,Used,M,45,6.0
0,149.0,Used,M,45,6.0
0,4.56,Unused,M,45,6.0
0,238.0,Unused,M,45,6.0
0,17.2,Unused,M,45,6.0
0,28.78,Unused,M,45,6.0
0,43.85,Used,M,45,6.0
0,79.9,Used,M,45,15.72
0,41.76,Used,M,45,6.0
0,37.2,Used,M,45,6.0
0,168.07,Unused,M,45,6.0
0,539.4,Unused,M,45,6.0
0,75.8,Unused,M,45,15.72
0,100.0,Unused,M,45,0.0
0,13.29,Unused,M,45,6.0
0,2.99,Unused,M,45,6.0
0,65.76,Unused,M,45,6.0
0,11.19,Unused,M,45,6.0
0,3.5,Unused,M,45,6.0
0,19.2,Unused,M,45,6.0
0,14.95,Unused,M,45,6.0
0,4.56,Unused,M,45,6.0
0,4.8,Unused,M,45,6.0
1,18.97,Used,M,45,6.0
0,272.96,Used,M,45,6.0
0,230.78,Used,M,45,6.0
0,6.99,Used,M,45,6.0
0,134.55,Used,M,45,19.99
0,119.0,Used,M,45,6.0
0,119.0,Used,M,45,12.99
0,238.0,Used,M,45,6.0
0,55.48,Used,M,45,6.0
0,149.0,Used,M,45,6.0
0,395.0,Used,M,45,6.0
0,237.0,Used,M,45,6.0
0,16.99,Used,M,45,6.0
0,13.59,Used,M,45,12.99
0,10.97,Unused,M,45,6.0
0,398.0,Unused,M,45,6.0
0,48.0,Unused,M,45,6.0
0,202.35,Unused,M,45,6.0
0,15.99,Unused,M,45,12.99
0,4.56,Unused,M,45,6.0
0,119.0,Unused,M,45,6.0
0,119.0,Unused,M,45,6.0
0,357.0,Unused,M,45,6.0
0,238.0,Unused,M,45,6.0
0,18.99,Unused,M,45,6.0
0,16.99,Unused,M,45,6.0
0,149.0,Unused,M,45,6.0
0,228.0,Unused,M,45,6.0
0,149.0,Unused,M,45,6.0
0,79.0,Unused,M,45,6.0
0,9.99,Unused,M,45,6.0
0,13.59,Unused,M,45,6.0
0,298.0,Unused,M,45,6.0
0,149.0,Unused,M,45,6.0
0,51.98,Unused,M,45,6.0
0,357.0,Unused,M,45,6.0
0,149.0,Unused,M,45,6.0
0,149.0,Unused,M,45,6.0
0,199.0,Unused,M,45,8.7
0,8.48,Used,M,45,6.0
0,196.3,Used,M,45,6.0
0,2.99,Used,M,45,6.0
0,192.4,Unused,M,45,6.0
0,3.98,Unused,M,45,6.0
0,298.0,Unused,M,45,6.0
0,43.09,Used,M,45,6.0
0,65.26,Used,M,45,6.0
0,2.39,Used,M,45,6.0
0,119.0,Used,M,45,6.0
0,349.0,Used,M,45,12.99
0,349.0,Used,M,45,6.0
0,3.99,Unused,M,45,6.0
0,23.15,Unused,M,45,6.0
0,29.35,Unused,M,45,6.0
0,12.78,Unused,M,45,6.0
0,119.0,Unused,M,45,6.0
0,996.0,Unused,M,45,6.0
0,349.0,Unused,M,45,12.99
0,349.0,Unused,M,45,6.0
0,149.0,Unused,M,45,6.0
0,5.6,Unused,M,45,6.0
0,7.6,Unused,M,45,6.0
0,279.0,Unused,M,45,12.99
0,349.0,Unused,M,45,6.0
0,149.0,Unused,M,45,6.0
0,55.18,Unused,M,45,6.5
0,121.95,Used,M,45,6.0
0,178.0,Used,M,45,6.0
0,367.0,Used,M,45,6.0
0,99.0,Used,M,45,6.0
0,3.18,Used,M,45,6.0
0,45.57,Used,M,45,6.0
0,349.0,Used,M,45,6.0
0,16.99,Used,M,45,6.0
0,8.79,Unused,M,45,6.0
0,123.39,Unused,M,45,6.0
0,199.0,Unused,M,45,6.0
0,398.0,Unused,M,45,6.0
0,99.0,Unused,M,45,6.0
0,99.0,Unused,M,45,6.0
0,99.0,Unused,M,45,6.0
0,40.77,Unused,M,45,6.0
0,31.98,Unused,M,45,6.0
0,99.96,Unused,M,45,6.0
0,119.0,Unused,M,45,12.99
0,238.0,Unused,M,45,6.0
0,23.19,Unused,M,45,6.0
0,349.0,Unused,M,45,6.0
0,149.0,Unused,M,45,6.0
0,149.0,Unused,M,45,6.0
0,149.0,Unused,M,45,6.0
0,158.0,Unused,M,45,6.0
0,79.0,Unused,M,45,6.0
0,158.0,Unused,M,45,6.0
0,149.0,Unused,M,45,12.99
0,6.15,Unused,M,45,6.0
0,199.0,Unused,M,45,6.0
0,119.0,Unused,M,45,6.0
0,95.96,Unused,M,45,6.0
0,349.0,Unused,M,45,6.0
0,298.0,Unused,M,45,6.0
0,196.56,Used,M,45,6.0
0,10.4,Used,M,45,6.0
0,166.93,Used,M,45,6.0
0,198.0,Used,M,45,6.0
0,198.0,Used,M,45,6.0
0,119.0,Used,M,45,6.0
0,238.0,Used,M,45,6.0
0,34.99,Used,M,45,6.0
0,16.99,Used,M,45,6.0
0,298.0,Used,M,45,6.0
0,236.59,Unused,M,45,6.0
0,183.61,Unused,M,45,6.0
0,99.0,Unused,M,45,6.0
0,29.58,Unused,M,45,6.0
0,357.0,Unused,M,45,6.0
0,119.0,Unused,M,45,6.0
0,349.0,Unused,M,45,6.0
0,158.0,Unused,M,45,6.0
0,228.0,Unused,M,45,6.0
0,79.0,Unused,M,45,6.0
0,13.99,Unused,M,45,6.0
0,99.0,Unused,M,45,6.0
0,99.0,Unused,M,45,6.0
0,99.0,Unused,M,45,6.0
0,44.85,Unused,M,45,6.0
0,16.99,Unused,M,45,6.0
1,119.0,Used,F,28,6.5
0,18.99,Unused,F,28,6.5
0,158.0,Unused,F,28,6.5
1,33.59,Used,F,28,6.0
0,14.69,Used,F,28,6.0
0,79.96,Unused,F,28,6.0
0,104.27,Unused,F,28,6.0
0,37.08,Unused,F,28,6.0
1,139.28,Used,M,34,6.0
0,314.48,Unused,M,34,6.0
0,39.8,Unused,M,34,6.0
1,4.92,Used,M,25,6.5
0,19.55,Used,M,25,6.5
0,36.31,Used,M,25,6.5
0,29.64,Used,M,25,6.5
0,113.45,Used,M,25,6.5
0,153.71,Used,M,25,6.5
0,307.42,Used,M,25,6.5
0,108.84,Unused,M,25,6.5
0,22.69,Unused,M,25,6.5
0,43.82,Unused,M,25,6.5
0,2.58,Unused,M,25,6.5
0,56.93,Unused,M,25,6.5
0,122.77,Unused,M,25,6.5
0,122.77,Unused,M,25,6.5
0,77.36,Unused,M,25,6.5
0,153.71,Unused,M,25,6.5
1,419.5,Used,M,25,6.0
0,479.6,Unused,M,25,6.0
0,138.15,Unused,M,25,6.0
1,15.19,Unused,F,23,6.0
0,8.79,Unused,F,23,6.0
0,5.6,Used,F,23,6.0
0,49.97,Used,F,23,6.0
0,351.83,Used,F,23,15.37
0,16.79,Used,F,23,6.0
0,238.0,Used,F,23,12.99
0,119.0,Used,F,23,6.0
0,89.58,Used,F,23,6.0
0,149.0,Used,F,23,6.0
0,149.0,Used,F,23,19.99
0,298.0,Used,F,23,6.0
0,199.0,Used,F,23,8.7
0,39.98,Used,F,23,50.0
0,77.49,Unused,F,23,15.37
0,299.97,Unused,F,23,6.0
0,12.99,Unused,F,23,6.0
0,55.99,Unused,F,23,6.0
0,11.75,Unused,F,23,6.0
0,57.58,Unused,F,23,6.0
0,298.0,Unused,F,23,8.7
0,119.0,Unused,F,23,6.0
0,149.0,Unused,F,23,8.7
0,238.0,Unused,F,23,6.0
0,238.0,Unused,F,23,6.0
0,268.0,Unused,F,23,6.0
0,238.0,Unused,F,23,6.0
0,10.63,Unused,F,23,6.0
0,312.0,Unused,F,23,8.7
0,79.0,Unused,F,23,6.0
0,313.99,Unused,F,23,6.0
0,27.18,Unused,F,23,50.0
0,16.99,Unused,F,23,6.0
0,149.0,Unused,F,23,6.0
0,12.99,Unused,F,23,6.0
0,79.99,Unused,F,23,6.5
0,27.19,Unused,F,23,6.0
0,119.0,Unused,F,23,12.99
0,759.0,Unused,F,23,8.7
0,298.0,Unused,F,23,6.0
1,35.12,Used,M,23,6.5
0,357.0,Used,M,23,6.5
0,158.0,Used,M,23,6.5
0,23.99,Unused,M,23,6.5
0,110.36,Unused,M,23,18.47
0,3.99,Unused,M,23,6.5
0,119.0,Unused,M,23,6.5
0,119.0,Unused,M,23,6.5
0,119.0,Unused,M,23,6.5
0,149.0,Unused,M,23,6.5
0,57.57,Unused,M,23,18.47
0,596.0,Unused,M,23,6.5
0,298.0,Unused,M,23,6.5
1,83.54,Used,M,23,6.0
0,90.95,Unused,M,23,6.0
0,16.99,Unused,M,23,6.0
1,121.3,Used,F,39,6.5
0,3.47,Used,F,39,6.5
0,151.88,Used,F,39,6.5
0,121.3,Unused,F,39,6.5
1,51.1,Used,M,6,6.0
0,22.75,Unused,M,6,6.0
0,25.99,Unused,M,6,6.0
0,238.0,Unused,M,6,19.99
0,9.59,Unused,M,6,6.0
0,13.29,Used,M,6,6.0
0,35.6,Used,M,6,6.0
0,119.0,Used,M,6,6.0
0,7.99,Unused,M,6,6.0
0,105.95,Unused,M,6,6.0
0,89.99,Unused,M,6,6.0
0,18.99,Unused,M,6,6.0
0,20.4,Unused,M,6,6.0
0,10.63,Unused,M,6,6.0
1,198.0,Used,M,6,6.5
0,14.38,Used,M,6,6.5
0,149.0,Used,M,6,8.7
0,11.6,Used,M,6,6.5
0,21.97,Unused,M,6,6.5
0,99.0,Unused,M,6,6.5
0,268.0,Unused,M,6,6.5
0,149.0,Unused,M,6,6.5
0,199.0,Unused,M,6,8.7
1,7.49,Used,M,19,6.5
0,1.5,Unused,M,19,6.5
0,1.59,Used,M,19,6.5
0,10.99,Used,M,19,6.5
0,3.5,Used,M,19,6.5
0,99.95,Used,M,19,28.82
0,12.74,Unused,M,19,6.5
0,8.99,Unused,M,19,6.5
0,1.2,Unused,M,19,6.5
0,12.99,Unused,M,19,6.5
0,127.84,Unused,M,19,28.82
0,237.0,Unused,M,19,6.5
0,149.0,Unused,M,19,6.5
0,99.99,Unused,M,19,6.5
0,13.59,Unused,M,19,6.5
1,3.5,Used,F,20,6.48
0,19.19,Used,F,20,6.5
0,31.99,Used,F,20,6.51
0,10.5,Unused,F,20,6.48
0,149.7,Unused,F,20,6.5
0,119.0,Unused,F,20,6.5
0,31.99,Unused,F,20,6.51
0,19.19,Unused,F,20,6.5
1,1.99,Used,F,20,6.0
0,16.99,Unused,F,20,6.0
0,19.99,Used,F,20,6.0
0,298.0,Used,F,20,6.0
0,149.0,Used,F,20,6.0
0,148.5,Unused,F,20,75.0
0,30.78,Unused,F,20,6.0
0,238.0,Unused,F,20,6.0
0,13.99,Unused,F,20,6.0
0,1.59,Used,F,20,6.0
0,10.63,Unused,F,20,6.0
1,764.64,Used,M,32,6.0
0,188.14,Unused,M,32,6.0
1,11.56,Used,F,19,35.96
0,307.42,Used,F,19,6.5
0,86.52,Unused,F,19,35.96
0,17.53,Unused,F,19,6.5
1,119.0,Used,F,19,6.0
0,398.0,Unused,F,19,6.0
0,516.0,Unused,F,19,6.0
1,44.79,Used,M,44,6.5
0,61.56,Used,M,44,57.74
0,79.0,Used,M,44,6.5
0,13.59,Used,M,44,6.5
0,113.54,Unused,M,44,6.5
0,83.97,Unused,M,44,57.74
0,343.96,Unused,M,44,6.5
0,37.99,Unused,M,44,6.5
0,119.0,Unused,M,44,6.5
0,13.59,Unused,M,44,6.5
0,75.98,Unused,M,44,57.74
0,23.99,Unused,M,44,6.5
0,59.18,Unused,M,44,6.5
1,318.75,Used,M,44,12.99
0,24.99,Used,M,44,6.0
0,15.19,Used,M,44,6.0
0,24.99,Used,M,44,12.99
0,16.99,Used,M,44,20.0
0,7.9,Unused,M,44,12.99
0,55.99,Unused,M,44,12.99
0,29.58,Unused,M,44,6.0
0,24.99,Unused,M,44,6.0
0,159.5,Unused,M,44,12.99
1,15.99,Unused,M,44,6.0
0,55.99,Used,M,44,6.0
0,23.99,Used,M,44,6.0
0,31.18,Used,M,44,6.0
0,15.99,Used,M,44,6.0
0,12.99,Unused,M,44,6.0
0,41.59,Unused,M,44,6.0
0,55.42,Unused,M,44,6.0
0,13.59,Unused,M,44,6.0
0,298.0,Unused,M,44,6.0
0,237.0,Unused,M,44,6.0
0,15.99,Unused,M,44,6.0
1,318.0,Used,M,44,6.5
0,309.39,Used,M,44,6.5
0,149.0,Used,M,44,6.5
0,21.99,Unused,M,44,6.0
0,65.97,Unused,M,44,6.0
0,8.79,Unused,M,44,6.5
0,41.59,Unused,M,44,6.5
0,79.99,Unused,M,44,6.5
0,447.0,Unused,M,44,12.99
0,149.0,Unused,M,44,6.5
0,396.0,Unused,M,44,12.99
0,587.0,Unused,M,44,6.5
0,349.0,Unused,M,44,6.5
0,149.0,Unused,M,44,6.5
1,4.07,Used,F,22,6.0
0,61.15,Used,F,22,6.0
0,121.89,Used,F,22,17.08
0,9.17,Used,F,22,6.0
0,151.88,Used,F,22,6.5
0,11.2,Unused,F,22,6.0
0,346.29,Unused,F,22,17.08
0,51.36,Unused,F,22,6.5
0,100.91,Unused,F,22,6.5
0,22.41,Unused,F,22,6.0
0,3.05,Unused,F,22,6.0
0,363.9,Unused,F,22,6.5
0,201.82,Unused,F,22,6.5
0,363.9,Unused,F,22,6.5
0,303.76,Unused,F,22,6.5
0,151.88,Unused,F,22,6.5
1,159.6,Used,F,39,26.43
0,346.05,Used,F,39,6.0
0,3.18,Used,F,39,6.0
0,5.67,Used,F,39,6.0
0,8.16,Used,F,39,6.0
0,298.0,Used,F,39,6.0
0,27.16,Unused,F,39,6.0
0,318.0,Unused,F,39,6.0
0,22.08,Unused,F,39,6.0
0,79.0,Unused,F,39,6.0
0,316.0,Unused,F,39,6.0
0,199.0,Unused,F,39,6.0
0,13.59,Unused,F,39,6.0
0,119.94,Used,F,39,19.99
0,119.0,Used,F,39,6.0
0,199.0,Unused,F,39,19.99
1,222.4,Used,F,23,324.0
0,31.1,Used,F,23,12.99
0,475.64,Unused,F,23,324.0
0,107.46,Unused,F,23,324.0
1,20.99,Used,F,35,6.5
0,59.97,Used,F,35,6.5
0,18.99,Used,F,35,6.5
0,18.99,Used,F,35,6.5
0,18.99,Used,F,35,6.5
0,19.99,Unused,F,35,6.5
0,56.97,Unused,F,35,6.5
0,91.96,Unused,F,35,6.5
0,56.97,Unused,F,35,6.5
0,37.98,Unused,F,35,6.5
1,2.79,Unused,M,20,6.0
1,15.19,Used,F,5,6.5
0,53.55,Unused,F,5,6.5
0,143.7,Unused,F,5,35.3
0,204.6,Unused,F,5,6.5
0,149.0,Unused,F,5,6.5
0,635.08,Unused,F,5,6.5
1,139.55,Used,F,5,6.0
0,111.9,Used,F,5,6.5
0,182.28,Used,F,5,6.5
0,28.62,Used,F,5,12.48
0,24.7,Used,F,5,6.0
0,119.75,Used,F,5,21.71
0,10.63,Used,F,5,6.0
0,119.0,Used,F,5,6.0
0,119.0,Used,F,5,6.0
0,357.0,Used,F,5,6.0
0,15.99,Used,F,5,6.0
0,225.15,Unused,F,5,6.0
0,201.42,Unused,F,5,12.48
0,15.9,Unused,F,5,6.5
0,55.9,Unused,F,5,21.71
0,9.56,Unused,F,5,6.5
0,476.0,Unused,F,5,19.99
0,238.0,Unused,F,5,6.0
0,15.99,Unused,F,5,6.0
0,13.59,Unused,F,5,6.0
0,149.0,Unused,F,5,6.0
0,103.9,Unused,F,5,13.38
0,33.9,Unused,F,5,6.0
0,40.77,Unused,F,5,6.5
1,82.62,Used,F,5,6.0
0,30.14,Used,F,5,6.0
0,9.2,Used,F,5,6.0
0,9.36,Used,F,5,6.0
0,119.0,Used,F,5,6.0
0,148.98,Unused,F,5,6.0
0,4.8,Unused,F,5,6.0
0,9.12,Unused,F,5,6.0
0,298.0,Unused,F,5,8.7
0,32.3,Unused,F,5,6.0
0,15.99,Unused,F,5,6.0
1,15.58,Used,F,5,6.0
0,25.59,Used,F,5,6.0
0,44.79,Used,F,5,6.5
0,74.62,Used,F,5,12.48
0,15.98,Unused,F,5,6.0
0,35.97,Unused,F,5,6.0
0,6.99,Unused,F,5,6.0
0,13.98,Unused,F,5,6.0
0,30.31,Unused,F,5,12.48
0,238.0,Unused,F,5,6.0
0,119.0,Unused,F,5,6.0
0,237.0,Unused,F,5,12.99
0,149.0,Unused,F,5,6.0
0,119.0,Unused,F,5,6.0
0,7.6,Unused,F,5,6.0
1,199.0,Used,F,5,6.0
0,99.98,Used,F,5,6.0
0,4.8,Used,F,5,6.0
0,37.6,Used,F,5,6.0
0,22.79,Used,F,5,6.0
0,237.0,Used,F,5,6.0
0,79.0,Used,F,5,6.0
0,149.0,Used,F,5,12.99
0,47.69,Unused,F,5,6.0
0,2.39,Unused,F,5,6.0
0,24.0,Unused,F,5,6.0
0,99.0,Unused,F,5,12.99
0,63.19,Unused,F,5,6.0
0,119.0,Unused,F,5,6.0
0,119.0,Unused,F,5,6.0
0,238.0,Unused,F,5,6.0
0,149.0,Unused,F,5,6.0
0,149.0,Unused,F,5,6.0
0,149.0,Unused,F,5,6.0
0,111.98,Unused,F,5,6.5
0,99.0,Unused,F,5,6.0
0,298.0,Unused,F,5,8.7
0,13.29,Unused,F,5,6.0
0,395.0,Unused,F,5,6.0
0,149.0,Unused,F,5,12.99
1,17.93,Used,F,5,12.99
0,89.64,Used,F,5,6.0
0,205.6,Used,F,5,13.75
0,363.9,Used,F,5,6.5
0,355.74,Used,F,5,12.99
0,151.88,Used,F,5,6.5
0,35.86,Unused,F,5,12.99
0,202.84,Unused,F,5,12.99
0,22.41,Unused,F,5,6.0
0,503.51,Unused,F,5,6.5
0,156.48,Unused,F,5,12.99
0,163.0,Unused,F,5,13.75
0,121.3,Unused,F,5,6.5
0,151.88,Unused,F,5,12.99
0,150.8,Unused,F,5,6.0
0,22.41,Unused,F,5,6.0
0,199.8,Unused,F,5,6.5
1,14.0,Unused,F,7,12.48
0,199.0,Unused,F,7,8.7
1,10.99,Used,F,7,6.0
0,13.59,Used,F,7,6.0
0,1.99,Unused,F,7,6.0
0,41.01,Unused,F,7,6.0
0,158.0,Unused,F,7,6.0
0,13.59,Unused,F,7,6.0
1,23.12,Used,F,44,6.5
0,27.52,Used,F,44,6.0
0,1.99,Used,F,44,6.0
0,19.23,Unused,F,44,6.0
0,3.85,Unused,F,44,6.0
0,60.31,Unused,F,44,6.0
0,6.0,Unused,F,44,6.0
1,139.98,Used,F,44,6.0
0,238.0,Used,F,44,6.5
0,298.0,Used,F,44,6.5
0,32.5,Unused,F,44,6.0
0,119.0,Unused,F,44,6.5
0,349.0,Unused,F,44,6.5
0,149.0,Unused,F,44,6.5
0,149.0,Unused,F,44,6.5
0,237.0,Unused,F,44,6.5
1,122.77,Used,M,15,6.5
0,102.13,Used,M,15,6.5
0,307.42,Used,M,15,6.5
0,307.42,Used,M,15,6.5
0,205.3,Used,M,15,8.7
0,629.29,Unused,M,15,8.7
0,122.77,Unused,M,15,6.5
0,552.96,Unused,M,15,6.5
0,204.26,Unused,M,15,6.5
0,614.84,Unused,M,15,6.5
0,307.42,Unused,M,15,6.5
0,122.77,Unused,M,15,6.5
0,245.54,Unused,M,15,6.5
0,122.77,Unused,M,15,6.5
0,122.77,Unused,M,15,6.5
0,102.13,Unused,M,15,6.5
0,16.5,Unused,M,15,6.5
1,3.98,Used,M,15,12.99
0,25.96,Unused,M,15,12.99
0,21.98,Unused,M,15,6.0
0,31.35,Unused,M,15,6.0
0,149.0,Unused,M,15,6.0
0,21.98,Unused,M,15,6.0
0,15.99,Used,M,15,6.0
0,15.99,Unused,M,15,6.0
0,15.99,Used,M,15,6.0
1,10.99,Used,M,12,6.0
0,152.77,Used,M,12,12.99
0,41.98,Unused,M,12,19.99
0,119.0,Unused,M,12,6.0
0,238.0,Unused,M,12,6.0
0,79.0,Unused,M,12,6.0
0,37.57,Unused,M,12,12.99
0,237.0,Unused,M,12,6.0
1,38.04,Used,M,36,6.0
0,20.77,Used,M,36,6.0
0,9.36,Used,M,36,6.0
0,37.2,Used,M,36,6.0
0,7.6,Used,M,36,6.0
0,120.37,Unused,M,36,6.0
0,29.69,Unused,M,36,6.0
0,79.99,Unused,M,36,6.0
0,19.99,Unused,M,36,6.0
0,16.72,Unused,M,36,6.0
0,119.0,Unused,M,36,12.99
0,149.0,Unused,M,36,12.99
0,1.59,Unused,M,36,6.0
0,79.99,Unused,M,36,6.0
0,9.49,Unused,M,36,6.0
0,13.59,Unused,M,36,6.0
0,158.0,Unused,M,36,6.0
1,297.0,Unused,M,36,6.0
0,21.99,Used,M,36,6.0
0,28.0,Used,M,36,6.0
0,13.59,Used,M,36,6.0
0,119.0,Used,M,36,6.0
0,357.0,Used,M,36,6.0
0,119.0,Used,M,36,6.0
0,119.0,Used,M,36,6.0
0,158.0,Used,M,36,6.0
0,149.0,Used,M,36,6.0
0,10.5,Unused,M,36,6.0
0,29.17,Unused,M,36,22.71
0,199.0,Unused,M,36,6.0
0,415.0,Unused,M,36,6.0
0,47.9,Unused,M,36,12.48
0,56.25,Unused,M,36,6.0
0,15.19,Unused,M,36,6.0
0,15.99,Unused,M,36,6.0
0,149.0,Unused,M,36,6.0
0,149.0,Unused,M,36,6.0
0,149.0,Unused,M,36,6.0
0,85.14,Unused,M,36,22.71
0,99.0,Unused,M,36,6.0
0,99.0,Unused,M,36,6.0
0,99.0,Unused,M,36,6.0
0,5.5,Unused,M,36,6.0
0,119.0,Unused,M,36,6.0
0,349.0,Unused,M,36,6.0
1,76.8,Used,M,6,19.68
0,172.8,Unused,M,6,19.68
0,357.0,Unused,M,6,12.99
1,199.0,Used,M,10,12.99
0,149.5,Unused,M,10,12.99
1,2.8,Unused,F,20,12.48
1,18.99,Used,F,34,6.5
0,249.0,Used,F,34,6.5
0,241.78,Unused,F,34,57.74
0,119.0,Unused,F,34,6.5
0,199.0,Unused,F,34,6.5
0,199.0,Unused,F,34,6.5
0,18.99,Unused,F,34,6.5
1,25.0,Used,F,11,0.0
0,125.36,Used,F,11,12.99
0,15.99,Used,F,11,6.0
0,119.0,Used,F,11,6.0
0,357.0,Used,F,11,6.0
0,30.0,Used,F,11,6.0
0,349.0,Used,F,11,6.0
0,149.0,Used,F,11,19.99
0,199.0,Used,F,11,8.7
0,14.38,Unused,F,11,12.99
0,199.0,Unused,F,11,6.0
0,30.62,Unused,F,11,6.5
0,297.0,Unused,F,11,6.0
0,99.0,Unused,F,11,6.0
0,99.0,Unused,F,11,6.0
0,99.0,Unused,F,11,6.0
0,119.0,Unused,F,11,6.0
0,238.0,Unused,F,11,6.0
0,595.0,Unused,F,11,6.0
0,119.0,Unused,F,11,6.0
0,59.99,Unused,F,11,6.0
0,316.0,Unused,F,11,19.99
0,37.2,Unused,F,11,6.0
0,238.0,Unused,F,11,6.0
0,149.0,Unused,F,11,6.0
0,357.0,Used,F,11,6.0
0,395.0,Unused,F,11,6.0
0,149.0,Unused,F,11,12.99
1,17.5,Used,M,38,6.0
0,12.5,Used,M,38,6.0
0,8.99,Used,M,38,6.0
0,32.8,Used,M,38,6.0
0,11.2,Used,M,38,6.0
0,19.0,Used,M,38,6.0
0,1199.85,Used,M,38,49.62
0,21.0,Used,M,38,6.0
0,279.0,Used,M,38,6.0
0,199.0,Used,M,38,6.0
0,238.0,Used,M,38,6.0
0,119.0,Used,M,38,6.0
0,119.0,Used,M,38,6.0
0,268.0,Used,M,38,6.0
0,83.95,Used,M,38,12.48
0,503.7,Used,M,38,45.5
0,167.9,Used,M,38,22.13
0,349.0,Used,M,38,6.0
0,349.0,Used,M,38,6.0
0,349.0,Used,M,38,6.0
0,149.0,Used,M,38,6.0
0,149.0,Used,M,38,6.0
0,79.0,Used,M,38,6.0
0,149.0,Used,M,38,6.0
0,298.0,Used,M,38,6.0
0,3.5,Unused,M,38,6.0
0,21.18,Unused,M,38,6.0
0,348.0,Unused,M,38,6.0
0,23.0,Unused,M,38,6.0
0,223.75,Unused,M,38,22.13
0,99.0,Unused,M,38,6.0
0,40.25,Unused,M,38,6.0
0,33.0,Unused,M,38,6.0
0,28.48,Unused,M,38,6.0
0,279.0,Unused,M,38,6.0
0,119.0,Unused,M,38,6.0
0,119.0,Unused,M,38,6.0
0,42.5,Unused,M,38,6.0
0,238.0,Unused,M,38,6.0
0,119.0,Unused,M,38,6.0
0,268.0,Unused,M,38,6.0
0,238.0,Unused,M,38,6.0
0,4.0,Unused,M,38,6.0
0,349.0,Unused,M,38,6.0
0,349.0,Unused,M,38,6.0
0,149.0,Unused,M,38,6.0
0,15.0,Unused,M,38,6.0
0,149.0,Unused,M,38,6.0
0,298.0,Unused,M,38,6.0
0,553.0,Unused,M,38,6.0
0,79.0,Unused,M,38,6.0
0,18.75,Unused,M,38,6.0
0,298.0,Unused,M,38,6.0
0,149.0,Unused,M,38,6.0
0,149.0,Unused,M,38,6.0
0,263.7,Unused,M,38,45.5
0,99.0,Unused,M,38,6.0
0,2.99,Unused,M,38,6.0
0,8.4,Unused,M,38,6.0
0,149.99,Unused,M,38,6.0
0,22.4,Unused,M,38,6.0
0,279.0,Unused,M,38,6.0
0,7.6,Unused,M,38,6.0
0,19.8,Unused,M,38,6.0
0,7.6,Unused,M,38,6.0
1,2.8,Used,M,39,19.99
0,239.6,Used,M,39,6.0
0,44.79,Used,M,39,6.5
0,153.48,Used,M,39,17.84
0,9.49,Used,M,39,6.0
0,119.0,Used,M,39,6.0
0,238.0,Used,M,39,6.0
0,298.0,Used,M,39,6.0
0,298.0,Used,M,39,6.0
0,268.64,Unused,M,39,19.99
0,50.21,Unused,M,39,6.0
0,479.6,Unused,M,39,6.0
0,184.2,Unused,M,39,17.84
0,4.79,Unused,M,39,6.5
0,33.98,Unused,M,39,6.0
0,67.83,Unused,M,39,17.84
0,10.39,Unused,M,39,6.5
0,44.79,Unused,M,39,6.0
0,73.47,Unused,M,39,6.0
0,367.8,Unused,M,39,19.99
0,16.99,Unused,M,39,6.0
1,57.07,Used,M,39,6.5
0,17.93,Used,M,39,6.5
0,22.41,Used,M,39,6.0
0,22.41,Used,M,39,6.0
0,22.41,Used,M,39,6.0
0,11.2,Used,M,39,6.0
0,22.41,Used,M,39,6.0
0,99.9,Used,M,39,6.5
0,0.41,Used,M,39,6.5
0,16.3,Used,M,39,6.5
0,100.91,Used,M,39,6.5
0,100.91,Used,M,39,6.5
0,100.91,Used,M,39,6.5
0,100.91,Used,M,39,6.5
0,201.82,Used,M,39,6.5
0,122.2,Used,M,39,6.0
0,242.6,Used,M,39,6.5
0,546.36,Used,M,39,6.5
0,151.88,Used,M,39,6.5
0,151.88,Used,M,39,6.5
0,151.88,Used,M,39,6.5
0,303.76,Used,M,39,6.5
0,80.52,Used,M,39,6.5
0,151.88,Used,M,39,6.5
0,446.47,Unused,M,39,16.85
0,4.07,Unused,M,39,6.0
0,49.92,Unused,M,39,6.0
0,80.69,Unused,M,39,12.99
0,107.58,Unused,M,39,16.85
0,112.0,Unused,M,39,6.0
0,89.6,Unused,M,39,6.0
0,202.84,Unused,M,39,6.5
0,202.84,Unused,M,39,6.5
0,505.59,Unused,M,39,6.5
0,22.41,Unused,M,39,6.0
0,0.41,Unused,M,39,6.5
0,22.41,Unused,M,39,6.0
0,71.72,Unused,M,39,6.5
0,121.3,Unused,M,39,6.5
0,645.2,Unused,M,39,6.5
0,242.6,Unused,M,39,6.5
0,598.34,Unused,M,39,6.5
0,121.3,Unused,M,39,6.5
0,4.33,Unused,M,39,6.0
0,80.52,Unused,M,39,6.5
0,151.88,Unused,M,39,6.5
0,151.88,Unused,M,39,6.5
0,151.88,Unused,M,39,6.5
0,151.88,Unused,M,39,12.99
0,53.79,Unused,M,39,16.85
0,17.93,Unused,M,39,14.41
0,17.93,Unused,M,39,12.99
0,16.3,Unused,M,39,6.5
0,24.45,Unused,M,39,6.0
0,42.39,Unused,M,39,6.5
0,303.76,Unused,M,39,6.5
0,303.76,Unused,M,39,6.5
1,219.45,Used,M,34,16.47
1,163.08,Unused,M,37,12.48
1,5.6,Used,M,37,6.0
0,23.9,Used,M,37,12.48
0,129.42,Used,M,37,12.48
0,27.0,Used,M,37,6.0
0,199.0,Used,M,37,8.7
0,24.4,Unused,M,37,6.0
0,9.54,Unused,M,37,12.48
0,149.0,Unused,M,37,6.0
0,60.0,Unused,M,37,12.48
0,24.0,Unused,M,37,6.0
0,14.34,Unused,M,37,12.48